Tokens,Tags,sentence
I,O,0
am,O,0
looking,O,0
for,O,0
a,O,0
black,B-COLOUR,0
gloss,B-TEXTURE,0
33,B-SIZE,0
inch,I-SIZE,0
fireclay,B-PRODUCT,0
apron,I-PRODUCT,0
sink,I-PRODUCT,0
Looking,O,1
for,O,1
pre,B-PRODUCT,1
workout,I-PRODUCT,1
Pump,I-PRODUCT,1
addict,I-PRODUCT,1
instead,O,1
of,O,1
Karbolyn,B-N-PRODUCT,1
Hydrate,I-N-PRODUCT,1
Wich,O,1
one,O,1
is,O,1
better?,O,1
i,O,2
need,O,2
a,O,2
48,B-SIZE,2
inch,I-SIZE,2
glass,B-MATERIAL,2
sliding,B-PRODUCT,2
goof,I-PRODUCT,2
and,O,2
a,O,2
shower,B-PRODUCT,2
pan,I-PRODUCT,2
system,I-PRODUCT,2
for,O,2
500.99,B-PRICE,2
or,I-PRICE,2
less,I-PRICE,2
"Hello,",O,3
do,O,3
any,O,3
of,O,3
your,O,3
free,B-ATTRIBUTE,3
standing,I-ATTRIBUTE,3
tubs,B-PRODUCT,3
have,O,3
a,O,3
matte,B-TEXTURE,3
white,B-COLOUR,3
finish,O,3
instead,O,3
of,O,3
a,O,3
glossy,B-N-TEXTURE,3
finish?,O,3
I'm,O,4
looking,O,4
for,O,4
a,O,4
24,B-SIZE,4
inch,I-SIZE,4
white,B-COLOUR,4
mirror,B-PRODUCT,4
that,O,4
is,O,4
freestanding,B-ATTRIBUTE,4
and,O,4
reasonably,B-PRICE,4
priced.,I-PRICE,4
Does,O,5
the,O,5
linen,B-MATERIAL,5
add,O,5
cotton,B-MATERIAL,5
duvet,B-PRODUCT,5
cover,I-PRODUCT,5
come,O,5
in,O,5
King?,B-SIZE,5
I,O,5
saw,O,5
it,O,5
in,O,5
the,O,5
store,O,5
but,O,5
I,O,5
don't,O,5
see,O,5
the,O,5
king,B-SIZE,5
size,I-SIZE,5
online,O,5
?,O,5
Hi,O,6
there.,O,6
I'm,O,6
looking,O,6
to,O,6
buy,O,6
some,O,6
throw,B-PRODUCT,6
blankets.,I-PRODUCT,6
Your,O,6
website,O,6
states,O,6
that,O,6
the,O,6
underside,O,6
of,O,6
the,O,6
Boucle,B-MATERIAL,6
wool-like,I-MATERIAL,6
throw,B-PRODUCT,6
is,O,6
very,O,6
soft.,B-TEXTURE,6
I,O,6
would,O,6
like,O,6
to,O,6
know,O,6
if,O,6
the,O,6
wool-like,B-MATERIAL,6
top,O,6
side,O,6
is,O,6
soft,B-TEXTURE,6
as,O,6
"well,",O,6
or,O,6
if,O,6
it,O,6
is,O,6
scratchy.,B-N-TEXTURE,6
I,O,6
have,O,6
hypersensitive,O,6
skin,O,6
and,O,6
need,O,6
a,O,6
blanket,B-PRODUCT,6
that,O,6
will,O,6
not,O,6
irritate,O,6
me.,O,6
Thanks.,O,6
Long,B-SIZE,7
Sherpa,B-PRODUCT,7
jacket,I-PRODUCT,7
dark,B-COLOUR,7
brown,I-COLOUR,7
why,O,7
can't,O,7
I,O,7
find,O,7
it?,O,7
Hello.,O,8
I'm,O,8
looking,O,8
for,O,8
a,O,8
soft,B-TEXTURE,8
Open,B-ATTRIBUTE,8
face,I-ATTRIBUTE,8
cardigan,B-PRODUCT,8
w,O,8
no,O,8
buttons.,B-N-ATTRIBUTE,8
hi,O,9
do,O,9
you,O,9
carry,O,9
any,O,9
oval,B-SHAPE,9
tubs,B-PRODUCT,9
in,O,9
a,O,9
matte,B-TEXTURE,9
white,B-COLOUR,9
finish,O,9
or,O,9
not,O,9
too,O,9
much,O,9
of,O,9
gloss?,B-N-TEXTURE,9
i,O,9
know,O,9
they,O,9
make,O,9
solid,O,9
surface,O,9
but,O,9
higher,B-PRICE,9
prices.,I-PRICE,9
thank,O,9
you,O,9
Do,O,10
you,O,10
not,O,10
have,O,10
alcove,B-ATTRIBUTE,10
shower,B-PRODUCT,10
walls?,I-PRODUCT,10
Hi,O,11
I'm,O,11
considering,O,11
a,O,11
bathtub,B-PRODUCT,11
swivel,I-PRODUCT,11
panel.,I-PRODUCT,11
I,O,11
assume,O,11
it,O,11
doesn't,O,11
matter,O,11
which,O,11
way,O,11
the,O,11
bathtub,B-PRODUCT,11
is,O,11
facing?,O,11
looking,O,12
for,O,12
a,O,12
alcove,B-ATTRIBUTE,12
shower,B-PRODUCT,12
base,I-PRODUCT,12
.,O,12
not,O,12
so,O,12
much,O,12
$,O,12
lol,O,12
Do,O,13
you,O,13
have,O,13
a,O,13
vanity,B-PRODUCT,13
tops,I-PRODUCT,13
or,O,13
wall,B-ATTRIBUTE,13
mount,I-ATTRIBUTE,13
sink,B-PRODUCT,13
without,O,13
faucet,B-N-ATTRIBUTE,13
holes?,I-N-ATTRIBUTE,13
Hi!!,O,14
I'm,O,14
looking,O,14
for,O,14
a,O,14
"60""",B-SIZE,14
wide,I-SIZE,14
tub,B-PRODUCT,14
but,O,14
a,O,14
soaker,B-ATTRIBUTE,14
type,I-ATTRIBUTE,14
thats,O,14
deeper,B-ATTRIBUTE,14
than,O,14
a,O,14
regular,B-N-PRODUCT,14
tub,I-N-PRODUCT,14
do,O,14
you,O,14
have,O,14
this,O,14
type?,O,14
I,O,14
don't,O,14
see,O,14
anything,O,14
deep,O,14
enough,O,14
on,O,14
your,O,14
site,O,14
Ok,O,15
thanks.,O,15
I'm,O,15
looking,O,15
for,O,15
a,O,15
pure,B-COLOUR,15
white,I-COLOUR,15
alcove,B-ATTRIBUTE,15
"bathtub,",B-PRODUCT,15
not,O,15
American,B-ATTRIBUTE,15
standard,I-ATTRIBUTE,15
or,O,15
any,O,15
off,B-N-COLOUR,15
whites.,I-N-COLOUR,15
Is,O,15
there,O,15
one,O,15
you,O,15
could,O,15
recommend,O,15
"Hi,",O,16
Do,O,16
you,O,16
have,O,16
a,O,16
navy,B-COLOUR,16
mirror,B-PRODUCT,16
size,O,16
60x31.,B-SIZE,16
You,O,16
have,O,16
it,O,16
for,O,16
the,O,16
gold,B-N-COLOUR,16
and,O,16
black,B-N-COLOUR,16
but,O,16
i,O,16
don't,O,16
want,O,16
it,O,16
for,O,16
the,O,16
navy.,B-COLOUR,16
"Hi,",O,17
I,O,17
am,O,17
looking,O,17
for,O,17
a,O,17
floating,B-ATTRIBUTE,17
vanity,B-PRODUCT,17
with,O,17
integrated,B-ATTRIBUTE,17
sink,I-ATTRIBUTE,17
&,O,17
counter,B-ATTRIBUTE,17
top,I-ATTRIBUTE,17
with,O,17
no,O,17
drill,B-N-ATTRIBUTE,17
holes,I-N-ATTRIBUTE,17
for,O,17
the,O,17
faucet,B-ATTRIBUTE,17
as,O,17
our,O,17
faucets,B-ATTRIBUTE,17
are,O,17
wall,B-ATTRIBUTE,17
mounted.,I-ATTRIBUTE,17
Do,O,17
you,O,17
sell,O,17
theM,O,17
I,O,18
am,O,18
looking,O,18
for,O,18
soaker,B-ATTRIBUTE,18
tub,B-PRODUCT,18
but,O,18
do,O,18
not,O,18
want,O,18
stand,B-N-ATTRIBUTE,18
alone.,I-N-ATTRIBUTE,18
I,O,18
am,O,18
replacing,O,18
my,O,18
oval,B-N-SHAPE,18
jacuzzi,B-N-PRODUCT,18
Where,O,19
is,O,19
the,O,19
mirror,B-PRODUCT,19
on,O,19
here.,O,19
I,O,19
don't,O,19
want,O,19
linen,B-N-MATERIAL,19
cabinet,B-N-PRODUCT,19
"Hello,",O,20
I,O,20
need,O,20
a,O,20
standup,B-ATTRIBUTE,20
shower,B-PRODUCT,20
door,I-PRODUCT,20
"only,",O,20
no,O,20
side,B-N-ATTRIBUTE,20
panels.,I-N-ATTRIBUTE,20
41,B-SIZE,20
inches,I-SIZE,20
wide,I-SIZE,20
I'm,O,21
looking,O,21
for,O,21
a,O,21
double,B-ATTRIBUTE,21
sink,B-PRODUCT,21
kitchen,I-PRODUCT,21
close,O,21
to,O,21
52,B-SIZE,21
inches,I-SIZE,21
no,O,21
bigger,B-N-SIZE,21
with,O,21
countertop,B-ATTRIBUTE,21
I'm,O,22
looking,O,22
for,O,22
bypass,O,22
shower,B-PRODUCT,22
doors,I-PRODUCT,22
in,O,22
chrome,B-MATERIAL,22
with,O,22
clear,B-MATERIAL,22
glass.,I-MATERIAL,22
The,O,22
opening,O,22
would,O,22
be,O,22
for,O,22
a,O,22
"59""",B-SIZE,22
width,I-SIZE,22
and,O,22
the,O,22
height,B-SIZE,22
I'm,O,22
looking,O,22
for,O,22
is,O,22
"76"".",B-SIZE,22
I,O,22
don't,O,22
want,O,22
any,O,22
rubber,B-N-MATERIAL,22
seals,B-N-ATTRIBUTE,22
around,O,22
the,O,22
glass,B-MATERIAL,22
doors.,B-PRODUCT,22
I,O,23
am,O,23
looking,O,23
at,O,23
the,O,23
"34""x34""",B-SIZE,23
shower,B-PRODUCT,23
kit,I-PRODUCT,23
with,O,23
"door,",B-ATTRIBUTE,23
"walls,",B-ATTRIBUTE,23
base,B-ATTRIBUTE,23
and,O,23
glass,B-MATERIAL,23
shelves.,B-ATTRIBUTE,23
Can,O,24
the,O,24
"2""",B-N-SIZE,24
"backsplash,",B-N-ATTRIBUTE,24
on,O,24
the,O,24
"60""",B-SIZE,24
single,B-PRODUCT,24
sink,I-PRODUCT,24
"countertop,",I-PRODUCT,24
be,O,24
removed?,O,24
Or,O,24
is,O,24
the,O,24
counter,B-PRODUCT,24
and,O,24
backsplash,B-ATTRIBUTE,24
one,O,24
piece?,O,24
If,O,24
"so,",O,24
do,O,24
you,O,24
have,O,24
a,O,24
single,B-PRODUCT,24
"sink,",I-PRODUCT,24
white,B-COLOUR,24
"60""",B-SIZE,24
vanity,B-PRODUCT,24
with,O,24
no,O,24
backsplash,B-N-ATTRIBUTE,24
piece?,I-N-ATTRIBUTE,24
We're,O,25
looking,O,25
for,O,25
a,O,25
60,B-SIZE,25
inch,I-SIZE,25
left,B-ATTRIBUTE,25
drain,I-ATTRIBUTE,25
alcove,B-ATTRIBUTE,25
tub,B-PRODUCT,25
which,O,25
is,O,25
a,O,25
soaker,B-ATTRIBUTE,25
tub,B-PRODUCT,25
with,O,25
no,O,25
more,O,25
than,O,25
"15""",B-N-SIZE,25
height.,I-N-SIZE,25
In,O,25
white.,B-COLOUR,25
just,O,26
need,O,26
glass,B-MATERIAL,26
doors,B-PRODUCT,26
no,O,26
end,B-N-PRODUCT,26
glass,I-N-PRODUCT,26
Do,O,27
you,O,27
have,O,27
Chrome,B-MATERIAL,27
column-style,B-SHAPE,27
showerhead,B-PRODUCT,27
with,O,27
body,B-ATTRIBUTE,27
jets,I-ATTRIBUTE,27
and,O,27
rain,B-ATTRIBUTE,27
showerhead,I-ATTRIBUTE,27
i,O,28
live,O,28
in,O,28
__location__,O,28
and,O,28
i,O,28
am,O,28
looking,O,28
for,O,28
an,O,28
acrylic,B-MATERIAL,28
(,O,28
preference,O,28
),O,28
or,O,28
fibreglass,B-MATERIAL,28
shower,B-PRODUCT,28
base.,I-PRODUCT,28
I,O,28
need,O,28
a,O,28
50,B-SIZE,28
inch,I-SIZE,28
wide,I-SIZE,28
by,O,28
34,B-SIZE,28
inch,I-SIZE,28
deep,I-SIZE,28
with,O,28
a,O,28
5,B-SIZE,28
inch,I-SIZE,28
single,B-ATTRIBUTE,28
threshold,I-ATTRIBUTE,28
Looking,O,29
for,O,29
a,O,29
tub/shower,B-PRODUCT,29
righthand,B-ATTRIBUTE,29
and,O,29
one,O,29
"lefthand,",B-ATTRIBUTE,29
what,O,29
are,O,29
my,O,29
options?,O,29
I,O,30
am,O,30
looking,O,30
for,O,30
a,O,30
freestanding,B-ATTRIBUTE,30
tub,B-PRODUCT,30
with,O,30
a,O,30
bathing,B-ATTRIBUTE,30
well,I-ATTRIBUTE,30
bottom,I-ATTRIBUTE,30
length,B-SIZE,30
of,I-SIZE,30
45,I-SIZE,30
inches,I-SIZE,30
minimum,O,30
I'm,O,31
looking,O,31
for,O,31
a,O,31
round,B-SHAPE,31
shower,B-PRODUCT,31
around,O,31
73,B-SIZE,31
inches,I-SIZE,31
high,I-SIZE,31
I'm,O,32
looking,O,32
to,O,32
buy,O,32
a,O,32
"42""",B-SIZE,32
gazebo,B-PRODUCT,32
with,O,32
no,O,32
more,O,32
than,O,32
"21""",B-N-SIZE,32
depth,I-N-SIZE,32
Do,O,33
you,O,33
have,O,33
shelves,B-PRODUCT,33
that,O,33
mount,O,33
to,O,33
a,O,33
"wall,",O,33
no,O,33
screw,B-N-ATTRIBUTE,33
30,B-SIZE,33
inches,I-SIZE,33
__brand__,B-PRODUCT,34
bathtub,I-PRODUCT,34
58,B-SIZE,34
in.,I-SIZE,34
x,O,34
5,B-SIZE,34
in.,I-SIZE,34
4-Jet,B-ATTRIBUTE,34
High,I-ATTRIBUTE,34
Pressure,I-ATTRIBUTE,34
Shower,B-PRODUCT,34
Panel,I-PRODUCT,34
System,I-PRODUCT,34
with,O,34
Square,B-ATTRIBUTE,34
Rain,I-ATTRIBUTE,34
Shower,I-ATTRIBUTE,34
Head,I-ATTRIBUTE,34
and,O,34
Tub,B-ATTRIBUTE,34
Filler,I-ATTRIBUTE,34
in,O,34
Matte,B-TEXTURE,34
Black,B-COLOUR,34
Model,O,34
"Yes,",O,35
I,O,35
bought,O,35
a,O,35
tub,B-PRODUCT,35
from,O,35
"you,",O,35
I,O,35
am,O,35
looking,O,35
for,O,35
a,O,35
adjustable,B-ATTRIBUTE,35
screw,B-PRODUCT,35
that,O,35
attaches,O,35
to,O,35
the,O,35
plug.,O,35
I'm,O,36
looking,O,36
for,O,36
a,O,36
60,B-SIZE,36
inch,I-SIZE,36
white,B-COLOUR,36
bathtub,B-PRODUCT,36
that,O,36
is,O,36
freestanding,B-ATTRIBUTE,36
and,O,36
reasonably,B-PRICE,36
priced,I-PRICE,36
i'm,O,37
looking,O,37
for,O,37
unflavored,B-N-ATTRIBUTE,37
mass,B-PRODUCT,37
gainer,I-PRODUCT,37
protein,I-PRODUCT,37
Do,O,38
you,O,38
have,O,38
a,O,38
wall,B-ATTRIBUTE,38
mount,I-ATTRIBUTE,38
sink,B-PRODUCT,38
without,O,38
a,O,38
faucet,B-N-ATTRIBUTE,38
hole,I-N-ATTRIBUTE,38
Just,O,39
shower,B-PRODUCT,39
base,I-PRODUCT,39
without,O,39
walls,B-N-ATTRIBUTE,39
I'm,O,40
looking,O,40
for,O,40
a,O,40
shower,B-PRODUCT,40
"unit,",I-PRODUCT,40
"60""",B-SIZE,40
wide,I-SIZE,40
by,O,40
"42""",B-SIZE,40
"deep,",I-SIZE,40
with,O,40
no,O,40
seat,B-N-ATTRIBUTE,40
and,O,40
no,O,40
top,B-N-ATTRIBUTE,40
luggage,B-PRODUCT,41
without,O,41
wheels,B-N-ATTRIBUTE,41
I,O,42
found,O,42
a,O,42
vanity,B-PRODUCT,42
top,I-PRODUCT,42
I,O,42
love,O,42
but,O,42
it,O,42
has,O,42
only,O,42
one,B-N-ATTRIBUTE,42
hole,I-N-ATTRIBUTE,42
for,O,42
taps,B-ATTRIBUTE,42
and,O,42
that,O,42
doesn't,O,42
suit,O,42
our,O,42
needs,O,42
curbless,B-N-ATTRIBUTE,43
shower,B-PRODUCT,43
Walk,B-ATTRIBUTE,44
in,I-ATTRIBUTE,44
tubs,B-PRODUCT,44
for,O,44
seniors,B-ATTRIBUTE,44
I,O,45
am,O,45
looking,O,45
for,O,45
a,O,45
shower,B-PRODUCT,45
door,I-PRODUCT,45
about,O,45
30,B-SIZE,45
inches,I-SIZE,45
I,O,46
need,O,46
a,O,46
toilet,B-PRODUCT,46
that,O,46
is,O,46
only,O,46
28,B-SIZE,46
inches,I-SIZE,46
high,I-SIZE,46
"Hi,",O,47
I,O,47
am,O,47
looking,O,47
for,O,47
bathroom,B-PRODUCT,47
LED,I-PRODUCT,47
mirrors,I-PRODUCT,47
that,O,47
are,O,47
24,B-SIZE,47
inch.,I-SIZE,47
That,O,47
are,O,47
hard,B-ATTRIBUTE,47
wired,I-ATTRIBUTE,47
and,O,47
can,O,47
be,O,47
turned,B-ATTRIBUTE,47
on,I-ATTRIBUTE,47
from,I-ATTRIBUTE,47
the,I-ATTRIBUTE,47
mirror,I-ATTRIBUTE,47
Denim,B-MATERIAL,48
skirts?,B-PRODUCT,48
touch,O,49
of,O,49
linen,B-MATERIAL,49
buttoned,B-ATTRIBUTE,49
skirt,B-PRODUCT,49
in,O,49
patterned,B-COLOUR,49
white,I-COLOUR,49
colour,I-COLOUR,49
Base,B-PRODUCT,50
cabinet,I-PRODUCT,50
42,B-SIZE,50
inches,I-SIZE,50
long,I-SIZE,50
Do,O,51
you,O,51
have,O,51
the,O,51
sweater,B-PRODUCT,51
in,O,51
medium?,B-SIZE,51
Hi.,O,52
Do,O,52
you,O,52
have,O,52
sheer,B-PRODUCT,52
curtains,I-PRODUCT,52
which,O,52
I,O,52
can,O,52
place,O,52
on,O,52
hooks,B-ATTRIBUTE,52
instead,O,52
of,O,52
a,O,52
rod,B-N-ATTRIBUTE,52
Looking,O,53
for,O,53
Grey,B-COLOUR,53
drapery,B-PRODUCT,53
panels,I-PRODUCT,53
10,B-SIZE,53
feet,I-SIZE,53
in,I-SIZE,53
length,I-SIZE,53
twik,O,54
white,B-COLOUR,54
sleeveless,B-N-ATTRIBUTE,54
button,B-ATTRIBUTE,54
closure,I-ATTRIBUTE,54
top,B-PRODUCT,54
Do,O,55
you,O,55
have,O,55
waterproof,B-ATTRIBUTE,55
queen,B-SIZE,55
size,I-SIZE,55
mattress,B-PRODUCT,55
protectors,I-PRODUCT,55
for,O,55
over,O,55
18,B-SIZE,55
inch,I-SIZE,55
mattresses?,O,55
Looking,O,56
for,O,56
Mercerized,O,56
cotton,B-MATERIAL,56
high-performance,B-ATTRIBUTE,56
T-shirt,B-PRODUCT,56
in,O,56
size,B-SIZE,56
medium,I-SIZE,56
Are,O,57
the,O,57
round,B-ATTRIBUTE,57
velvet,B-MATERIAL,57
floor,B-PRODUCT,57
cushions,I-PRODUCT,57
available,O,57
in,O,57
store?,O,57
I,O,58
would,O,58
like,O,58
the,O,58
sweater,B-PRODUCT,58
as,O,58
well,O,58
as,O,58
the,O,58
icons,B-PRODUCT,58
pencil,I-PRODUCT,58
skirt,I-PRODUCT,58
in,O,58
green,B-COLOUR,58
Sleeveless,B-N-ATTRIBUTE,59
sweater,B-PRODUCT,59
Unflavored,B-N-ATTRIBUTE,60
unsweetened,B-N-ATTRIBUTE,60
do,O,61
you,O,61
have,O,61
the,O,61
stainless,B-MATERIAL,61
steel,I-MATERIAL,61
shaker,B-PRODUCT,61
cups,I-PRODUCT,61
I,O,62
am,O,62
looking,O,62
for,O,62
flavor,B-PRODUCT,62
powders,I-PRODUCT,62
which,O,62
I,O,62
can,O,62
use,O,62
in,O,62
yoghurts,O,62
for,O,62
example,O,62
"Hi,",O,63
do,O,63
you,O,63
sell,O,63
fingerless,B-N-ATTRIBUTE,63
gloves,B-PRODUCT,63
please,O,63
Need,O,64
an,O,64
inexpensive,B-PRICE,64
thermostatic,B-PRODUCT,64
shower,I-PRODUCT,64
set,I-PRODUCT,64
with,O,64
an,O,64
extra,B-ATTRIBUTE,64
outlet,I-ATTRIBUTE,64
for,O,64
bidet.,O,64
Can,O,64
you,O,64
suggest,O,64
a,O,64
couple.,O,64
"hi,",O,65
can,O,65
I,O,65
put,O,65
a,O,65
tankless,B-N-ATTRIBUTE,65
toilet,B-PRODUCT,65
into,O,65
a,O,65
"2""x",B-SIZE,65
"4""",B-SIZE,65
wall?,O,65
I,O,66
am,O,66
looking,O,66
for,O,66
a,O,66
left,B-ATTRIBUTE,66
offset,I-ATTRIBUTE,66
vanity,B-PRODUCT,66
set,I-PRODUCT,66
up,O,66
to,O,66
48,B-SIZE,66
inches,I-SIZE,66
"wide,",I-SIZE,66
"white,",B-COLOUR,66
brushed,B-ATTRIBUTE,66
nickel,B-MATERIAL,66
hardware,B-ATTRIBUTE,66
seamless,B-N-ATTRIBUTE,67
undermount,B-PRODUCT,67
Touchless,B-N-ATTRIBUTE,68
kitchen,B-PRODUCT,68
faucet,I-PRODUCT,68
Looking,O,69
for,O,69
bowl,B-PRODUCT,69
with,O,69
pattern,B-ATTRIBUTE,69
LESS,O,69
than,O,69
5,B-N-SIZE,69
inches,I-N-SIZE,69
deep.,I-N-SIZE,69
Can,O,69
be,O,69
7,B-SIZE,69
inches,I-SIZE,69
wide,I-SIZE,69
Looking,O,70
shower,B-PRODUCT,70
door,I-PRODUCT,70
frameless,B-N-ATTRIBUTE,70
of,O,70
60,B-SIZE,70
inch,I-SIZE,70
standing,B-ATTRIBUTE,70
shower,B-PRODUCT,70
Do,O,71
you,O,71
sell,O,71
beige,B-COLOUR,71
toilets.,B-PRODUCT,71
Bone,B-N-COLOUR,71
and,O,71
buscuit,B-N-COLOUR,71
are,O,71
too,O,71
light,O,71
in,O,71
colour,O,71
We're,O,72
looking,O,72
for,O,72
a,O,72
shower,B-PRODUCT,72
door,I-PRODUCT,72
set,I-PRODUCT,72
greater,O,72
than,O,72
70,B-SIZE,72
inches,I-SIZE,72
wide,I-SIZE,72
18,B-SIZE,73
inch,I-SIZE,73
deep,I-SIZE,73
by,O,73
36,B-SIZE,73
inches,I-SIZE,73
long,I-SIZE,73
brown,B-COLOUR,73
freestanding,B-ATTRIBUTE,73
vanity,B-PRODUCT,73
Looking,O,74
for,O,74
a,O,74
36,B-SIZE,74
inch,I-SIZE,74
vanity,B-PRODUCT,74
with,O,74
granite,B-MATERIAL,74
top,B-ATTRIBUTE,74
I,O,75
am,O,75
looking,O,75
for,O,75
bathroom,B-PRODUCT,75
mirrors,I-PRODUCT,75
black,B-COLOUR,75
framed,B-ATTRIBUTE,75
in,O,75
rectangular,B-SHAPE,75
and,O,75
oval,B-SHAPE,75
looking,O,76
at,O,76
36,B-SIZE,76
inch,I-SIZE,76
medicine,B-PRODUCT,76
cabinet,I-PRODUCT,76
for,O,76
$399,B-PRICE,76
.,O,76
is,O,76
it,O,76
recessed,O,76
able,O,76
to,O,76
fit,O,76
into,O,76
wall,O,76
as,O,76
a,O,76
flush,O,76
mount?,O,76
Vessel,B-PRODUCT,77
bag,I-PRODUCT,77
in,O,77
goldish,B-COLOUR,77
color,O,77
Looking,O,78
for,O,78
protein,B-PRODUCT,78
powder,I-PRODUCT,78
no,O,78
carb,B-N-ATTRIBUTE,78
no,O,78
suger,B-N-ATTRIBUTE,78
I,O,79
am,O,79
brand,O,79
new,O,79
to,O,79
fat,B-PRODUCT,79
"burners,",I-PRODUCT,79
I,O,79
want,O,79
to,O,79
know,O,79
a,O,79
good,O,79
fat,B-PRODUCT,79
burner,I-PRODUCT,79
to,O,79
see,O,79
good,O,79
results.,O,79
i,O,80
want,O,80
protein,B-PRODUCT,80
without,O,80
lactose,B-N-ATTRIBUTE,80
I'm,O,81
looking,O,81
for,O,81
whey,B-PRODUCT,81
proteine,I-PRODUCT,81
with,O,81
not,O,81
soy,B-N-ATTRIBUTE,81
in,O,81
it!,O,81
"Hi,",O,82
I,O,82
am,O,82
looking,O,82
for,O,82
a,O,82
whey,B-PRODUCT,82
protein,I-PRODUCT,82
with,O,82
not,O,82
"soy,",B-N-ATTRIBUTE,82
does,O,82
it,O,82
even,O,82
exist?,O,82
I'm,O,83
looking,O,83
for,O,83
a,O,83
supplement,B-PRODUCT,83
to,O,83
help,O,83
me,O,83
get,O,83
back,O,83
into,O,83
ketosis,B-ATTRIBUTE,83
",",O,83
but,O,83
not,O,83
a,O,83
pill.,B-N-ATTRIBUTE,83
Something,O,83
I,O,83
can,O,83
mix,O,83
in,O,83
my,O,83
water.,O,83
Looking,O,84
for,O,84
a,O,84
testosterone,B-PRODUCT,84
supplment,I-PRODUCT,84
and,O,84
I,O,84
have,O,84
no,O,84
idea,O,84
which,O,84
one,O,84
to,O,84
buy,O,84
"Hi,",O,85
I,O,85
would,O,85
like,O,85
to,O,85
have,O,85
a,O,85
protein,B-PRODUCT,85
powder,I-PRODUCT,85
without,O,85
caffeine,B-N-ATTRIBUTE,85
i,O,86
am,O,86
looking,O,86
for,O,86
a,O,86
very,O,86
good,O,86
fat,B-PRODUCT,86
burner,I-PRODUCT,86
thats,O,86
not,O,86
too,O,86
heavy,B-N-ATTRIBUTE,86
in,I-N-ATTRIBUTE,86
stimulants.,I-N-ATTRIBUTE,86
I,O,87
saw,O,87
a,O,87
sweater,B-PRODUCT,87
block,I-PRODUCT,87
with,O,87
multi,B-COLOUR,87
colour,I-COLOUR,87
yesterday.,O,87
I,O,87
wish,O,87
to,O,87
order,O,87
and,O,87
now,O,87
can't,O,87
find..,O,87
I'm,O,88
looking,O,88
for,O,88
a,O,88
polo,B-PRODUCT,88
shirt,I-PRODUCT,88
with,O,88
no,O,88
logo,B-N-ATTRIBUTE,88
on,O,88
it.,O,88
Hi,O,89
looking,O,89
for,O,89
the,O,89
toque,B-PRODUCT,89
and,O,89
neck,B-PRODUCT,89
tube,I-PRODUCT,89
displayed,O,89
in,O,89
the,O,89
woman's,B-ATTRIBUTE,89
ski,B-PRODUCT,89
jacket,I-PRODUCT,89
the,O,89
jacket,B-PRODUCT,89
color,O,89
that,O,89
is,O,89
light,B-COLOUR,89
blue,I-COLOUR,89
and,O,89
green,B-COLOUR,89
",",O,89
the,O,89
tuque,B-PRODUCT,89
and,O,89
neck,B-PRODUCT,89
tube,I-PRODUCT,89
is,O,89
a,O,89
dusty,B-COLOUR,89
pink,I-COLOUR,89
sort,O,89
of,O,89
"color,",O,89
I,O,89
can't,O,89
find,O,89
it,O,89
anywhere,O,89
on,O,89
sight,O,89
i,O,89
see,O,89
simiar,O,89
items,O,89
but,O,89
want,O,89
a,O,89
matching,O,89
set,O,89
I,O,90
am,O,90
looking,O,90
for,O,90
a,O,90
bomber,B-ATTRIBUTE,90
style,I-ATTRIBUTE,90
jacket,B-PRODUCT,90
2,B-SIZE,90
XS,I-SIZE,90
no,O,90
hoody,B-N-ATTRIBUTE,90
",",O,90
and,O,90
black,B-COLOUR,90
Women's,B-ATTRIBUTE,91
pyjama,B-PRODUCT,91
pants,I-PRODUCT,91
without,O,91
waistband,B-N-ATTRIBUTE,91
Good,O,92
morning,O,92
I,O,92
am,O,92
looking,O,92
for,O,92
a,O,92
puffer,B-PRODUCT,92
vest,I-PRODUCT,92
three-quarter,B-SIZE,92
length,I-SIZE,92
I've,O,92
seen,O,92
them,O,92
On,O,92
the,O,92
website,O,92
but,O,92
no,O,92
longer,O,92
there,O,92
Good,O,93
"morning,",O,93
I,O,93
would,O,93
like,O,93
to,O,93
buy,O,93
the,O,93
product,B-PRODUCT,93
"below,",O,93
size,B-SIZE,93
M:,I-SIZE,93
How,O,93
can,O,93
I,O,93
proceed,O,93
with,O,93
this,O,93
purchase?,O,93
It,O,93
doesn't,O,93
seem,O,93
to,O,93
be,O,93
available,O,93
at,O,93
the,O,93
moment,O,93
Want,O,94
to,O,94
order,O,94
Women's,B-ATTRIBUTE,94
warm,B-ATTRIBUTE,94
waterproof,B-ATTRIBUTE,94
snow,B-PRODUCT,94
boots,I-PRODUCT,94
in,O,94
size,B-SIZE,94
8,I-SIZE,94
.,O,94
Doesn't,O,94
say,O,94
out,O,94
of,O,94
stock,O,94
but,O,94
can't,O,94
put,O,94
order,O,94
in.,O,94
Please,O,94
advise.,O,94
"Hi,",O,95
I'm,O,95
interested,O,95
in,O,95
the,O,95
women's,B-ATTRIBUTE,95
waterproof,I-ATTRIBUTE,95
mountain,B-PRODUCT,95
walking,I-PRODUCT,95
jacket,I-PRODUCT,95
in,O,95
green,B-COLOUR,95
but,O,95
the,O,95
website,O,95
only,O,95
gives,O,95
the,O,95
option,O,95
for,O,95
size,B-N-SIZE,95
XS,I-N-SIZE,95
and,O,95
does,O,95
not,O,95
allow,O,95
to,O,95
request,O,95
a,O,95
notification,O,95
Hi,O,96
I'm,O,96
looking,O,96
to,O,96
buy,O,96
this,O,96
but,O,96
I,O,96
cannot,O,96
find,O,96
an,O,96
22,B-SIZE,96
mm,I-SIZE,96
nozzle,B-PRODUCT,96
pump,I-PRODUCT,96
"anywhere,",O,96
do,O,96
you,O,96
have,O,96
one,O,96
on,O,96
your,O,96
site,O,96
or,O,96
know,O,96
where,O,96
I,O,96
can,O,96
get,O,96
one?,O,96
Thanks,O,96
Pool,B-PRODUCT,97
cue,I-PRODUCT,97
cases,I-PRODUCT,97
not,O,97
pool,B-N-PRODUCT,97
cues,I-N-PRODUCT,97
Looking,O,98
to,O,98
buy,O,98
hiking,B-PRODUCT,98
trousers,I-PRODUCT,98
but,O,98
don't,O,98
understand,O,98
sizes.,O,98
I,O,98
am,O,98
38in,B-SIZE,98
waist,I-SIZE,98
and,O,98
29in,B-SIZE,98
leg.,I-SIZE,98
Looking,O,98
to,O,98
buy,O,98
trekking,B-PRODUCT,98
trousers,I-PRODUCT,98
what,O,98
size,O,98
do,O,98
I,O,98
need,O,98
is,O,99
it,O,99
possible,O,99
to,O,99
order,O,99
a,O,99
bathroom,B-PRODUCT,99
vanity,I-PRODUCT,99
without,O,99
the,O,99
countertop?,B-N-ATTRIBUTE,99
I'm,O,100
looking,O,100
for,O,100
a,O,100
shower,B-PRODUCT,100
unit,I-PRODUCT,100
including,O,100
walls,B-ATTRIBUTE,100
bae,I-ATTRIBUTE,100
and,O,100
glass,B-MATERIAL,100
enclosure,O,100
but,O,100
the,O,100
whole,O,100
unit,O,100
cannot,O,100
be,O,100
higher,B-SIZE,100
than,O,100
75,B-N-SIZE,100
inches,I-N-SIZE,100
Hi,O,101
i,O,101
need,O,101
a,O,101
"10""",B-SIZE,101
rough,O,101
in,O,101
toilet,B-PRODUCT,101
"asap,",O,101
i'm,O,101
not,O,101
sure,O,101
if,O,101
you,O,101
have,O,101
it,O,101
in,O,101
stock.,O,101
I,O,101
don't,O,101
want,O,101
the,O,101
screw,B-N-ATTRIBUTE,101
less,I-N-ATTRIBUTE,101
Can,O,102
the,O,102
shower,B-PRODUCT,102
be,O,102
sold,O,102
without,O,102
the,O,102
walls?,B-N-ATTRIBUTE,102
You,O,103
don't,O,103
sell,O,103
any,O,103
"72""",B-SIZE,103
wide,I-SIZE,103
vanities?,B-PRODUCT,103
looking,O,104
for,O,104
shower,B-PRODUCT,104
system,I-PRODUCT,104
with,O,104
tub,B-ATTRIBUTE,104
faucet,I-ATTRIBUTE,104
altough,O,104
no,O,104
tub,B-N-PRODUCT,104
Looking,O,105
for,O,105
a,O,105
bathroom,B-PRODUCT,105
vanity,I-PRODUCT,105
&,O,105
sink,B-PRODUCT,105
no,O,105
more,O,105
than,O,105
"16""",B-N-SIZE,105
deep,I-N-SIZE,105
looking,O,106
for,O,106
48,B-SIZE,106
inches,I-SIZE,106
floor,B-PRODUCT,106
cabinet,I-PRODUCT,106
single,I-PRODUCT,106
"sink,",I-PRODUCT,106
but,O,106
no,O,106
couter,B-N-ATTRIBUTE,106
top,I-N-ATTRIBUTE,106
Can,O,107
I,O,107
purchase,O,107
shower,B-PRODUCT,107
doors,I-PRODUCT,107
and,O,107
not,O,107
the,O,107
entire,B-N-PRODUCT,107
shower,I-N-PRODUCT,107
kit?,I-N-PRODUCT,107
Medicine,B-PRODUCT,108
cabinets,I-PRODUCT,108
with,O,108
no,O,108
mirror,B-N-ATTRIBUTE,108
I'm,O,109
looking,O,109
for,O,109
a,O,109
55,B-SIZE,109
inch,I-SIZE,109
vanity,B-PRODUCT,109
"top,",I-PRODUCT,109
which,O,109
is,O,109
not,O,109
a,O,109
regular,B-N-SIZE,109
size.,I-N-SIZE,109
Is,O,109
there,O,109
a,O,109
way,O,109
to,O,109
have,O,109
this,O,109
size?,O,109
I,O,110
need,O,110
a,O,110
"42""",B-SIZE,110
kitchen,B-PRODUCT,110
island.,I-PRODUCT,110
Do,O,110
you,O,110
have,O,110
any?,O,110
I,O,110
can't,O,110
find,O,110
them,O,110
on,O,110
the,O,110
website.,O,110
I,O,111
am,O,111
looking,O,111
for,O,111
a,O,111
black,B-COLOUR,111
glass,B-MATERIAL,111
shower,B-PRODUCT,111
tile.,I-PRODUCT,111
It,O,111
does,O,111
not,O,111
need,O,111
to,O,111
be,O,111
a,O,111
solid,B-N-COLOUR,111
"black,",I-N-COLOUR,111
can,O,111
have,O,111
accents,O,111
of,O,111
clear,B-COLOUR,111
or,O,111
silver,B-COLOUR,111
glass,I-COLOUR,111
tones,I-COLOUR,111
Medicine,B-PRODUCT,112
cabinet,I-PRODUCT,112
with,O,112
mirror,B-ATTRIBUTE,112
and,O,112
no,O,112
lights,B-N-ATTRIBUTE,112
We,O,113
are,O,113
looking,O,113
for,O,113
a,O,113
72,B-SIZE,113
inch,I-SIZE,113
soaker,B-PRODUCT,113
"tub,",I-PRODUCT,113
no,O,113
jets.,B-N-ATTRIBUTE,113
can,O,114
I,O,114
order,O,114
just,O,114
the,O,114
top,B-PRODUCT,114
and,O,114
not,O,114
the,O,114
cabinet?,B-N-PRODUCT,114
barbeque,B-PRODUCT,115
without,O,115
charcoal,B-N-ATTRIBUTE,115
Hi,O,116
"there,",O,116
I'm,O,116
interested,O,116
in,O,116
a,O,116
vanity.,B-PRODUCT,116
Am,O,116
I,O,116
able,O,116
to,O,116
purchase,O,116
without,O,116
the,O,116
sink,B-N-ATTRIBUTE,116
top?,I-N-ATTRIBUTE,116
Can,O,117
I,O,117
order,O,117
this,O,117
vessel,B-PRODUCT,117
sink,I-PRODUCT,117
without,O,117
the,O,117
attached,B-N-ATTRIBUTE,117
faucet,I-N-ATTRIBUTE,117
?,O,117
I'm,O,118
looking,O,118
for,O,118
a,O,118
"30""",B-SIZE,118
cabinet,B-PRODUCT,118
with,O,118
no,O,118
top,B-N-ATTRIBUTE,118
Looking,O,119
for,O,119
vanity,B-PRODUCT,119
but,O,119
sink,B-N-ATTRIBUTE,119
must,I-N-ATTRIBUTE,119
have,I-N-ATTRIBUTE,119
no,I-N-ATTRIBUTE,119
holes.,I-N-ATTRIBUTE,119
Faucet,B-ATTRIBUTE,119
in,I-ATTRIBUTE,119
on,I-ATTRIBUTE,119
wall,I-ATTRIBUTE,119
already,O,119
Hi.,O,120
I'm,O,120
looking,O,120
for,O,120
"36""",B-SIZE,120
vanity,B-PRODUCT,120
wall,B-ATTRIBUTE,120
mounted,I-ATTRIBUTE,120
black,B-COLOUR,120
or,O,120
white.,B-COLOUR,120
With,O,120
towel,B-ATTRIBUTE,120
storage,I-ATTRIBUTE,120
but,O,120
no,O,120
sinc,B-N-ATTRIBUTE,120
I,O,121
want,O,121
just,O,121
this,O,121
cabinet,B-PRODUCT,121
without,O,121
the,O,121
top,B-N-ATTRIBUTE,121
as,O,121
i,O,121
want,O,121
top,B-PRODUCT,121
mounted,I-PRODUCT,121
basins,I-PRODUCT,121
on,O,121
a,O,121
surface,O,121
matching,O,121
my,O,121
kitchen,O,121
Looking,O,122
for,O,122
a,O,122
pivot,B-PRODUCT,122
shower,I-PRODUCT,122
door,I-PRODUCT,122
in,O,122
black,B-COLOUR,122
to,O,122
fit,O,122
a,O,122
33,B-SIZE,122
inch,I-SIZE,122
opening,O,122
preferably,O,122
but,O,122
not,O,122
necessarily.,O,122
bathtub,B-PRODUCT,123
without,O,123
faucet?,B-N-ATTRIBUTE,123
Can,O,124
you,O,124
order,O,124
the,O,124
"59""",B-SIZE,124
bathrub,B-PRODUCT,124
without,O,124
the,O,124
faucet?,B-N-ATTRIBUTE,124
I,O,125
want,O,125
Grey,B-COLOUR,125
toilet,B-PRODUCT,125
not,O,125
assessceries,B-N-PRODUCT,125
I,O,126
cannot,O,126
seem,O,126
to,O,126
sort,O,126
by,O,126
colour.,O,126
I,O,126
am,O,126
looking,O,126
for,O,126
a,O,126
cream,B-COLOUR,126
"38""",B-SIZE,126
corner,B-PRODUCT,126
shower,I-PRODUCT,126
stall,I-PRODUCT,126
do,O,127
you,O,127
have,O,127
60,B-SIZE,127
Inch,I-SIZE,127
kitchen,B-PRODUCT,127
island,I-PRODUCT,127
with,O,127
quartz,B-MATERIAL,127
top,B-ATTRIBUTE,127
with,O,127
no,O,127
seatings,B-N-ATTRIBUTE,127
Frameless,B-N-ATTRIBUTE,128
beveled,B-ATTRIBUTE,128
mirror,B-PRODUCT,128
no,O,128
more,O,128
than,O,128
"29""x29""",B-SIZE,128
Bath,B-PRODUCT,129
tub,I-PRODUCT,129
without,O,129
texture,B-N-TEXTURE,129
Looking,O,130
for,O,130
a,O,130
bathroom,B-PRODUCT,130
cabinet,I-PRODUCT,130
without,O,130
top,B-N-ATTRIBUTE,130
60,B-SIZE,130
inches,I-SIZE,130
Looking,O,131
for,O,131
a,O,131
medicine,B-PRODUCT,131
cabinet,I-PRODUCT,131
with,O,131
mirror,B-ATTRIBUTE,131
front,O,131
not,O,131
Recessed,O,131
that,O,131
would,O,131
fit,O,131
50,B-SIZE,131
inch,I-SIZE,131
wide,I-SIZE,131
39,B-SIZE,131
inch,I-SIZE,131
tall,I-SIZE,131
the,O,131
best,O,131
I,O,132
need,O,132
a,O,132
"60""",B-SIZE,132
vanity,B-PRODUCT,132
with,O,132
a,O,132
sink,B-ATTRIBUTE,132
that's,O,132
offset,B-ATTRIBUTE,132
to,I-ATTRIBUTE,132
the,I-ATTRIBUTE,132
right,I-ATTRIBUTE,132
-,O,132
not,O,132
centred,B-N-ATTRIBUTE,132
I,O,133
am,O,133
looking,O,133
for,O,133
a,O,133
37,B-SIZE,133
inch,I-SIZE,133
bathroom,B-PRODUCT,133
cabinet,I-PRODUCT,133
without,O,133
a,O,133
top,B-N-ATTRIBUTE,133
or,O,133
sink,B-N-ATTRIBUTE,133
because,O,133
I,O,133
have,O,133
one.,O,133
Do,O,133
you,O,133
have,O,133
anything,O,133
in,O,133
stock?,O,133
I'm,O,134
looking,O,134
for,O,134
a,O,134
mirror,B-PRODUCT,134
without,O,134
a,O,134
fram,B-N-ATTRIBUTE,134
40,B-SIZE,134
inches,I-SIZE,134
x,O,134
60,B-SIZE,134
inches,I-SIZE,134
I,O,135
am,O,135
looking,O,135
for,O,135
a,O,135
kitchen,B-PRODUCT,135
faucet,I-PRODUCT,135
in,O,135
Stainless,B-MATERIAL,135
Steel.,I-MATERIAL,135
Do,O,135
you,O,135
have,O,135
in,O,135
stock,O,135
na,O,135
did,O,135
not,O,135
what,O,135
would,O,135
be,O,135
turn,O,135
around,O,135
time,O,135
and,O,135
pricing.,O,135
Thanks,O,135
Hi,O,136
looking,O,136
for,O,136
a,O,136
24,B-SIZE,136
inch,I-SIZE,136
vanity,B-PRODUCT,136
top,I-PRODUCT,136
and,I-PRODUCT,136
"sink,",I-PRODUCT,136
no,O,136
base,B-N-ATTRIBUTE,136
Bathroom,B-PRODUCT,137
vanities,I-PRODUCT,137
no,O,137
countertop,B-N-ATTRIBUTE,137
I,O,138
don't,O,138
want,O,138
double,B-N-ATTRIBUTE,138
"sink,",B-N-PRODUCT,138
I,O,138
want,O,138
a,O,138
rectangle,B-SHAPE,138
sink,B-PRODUCT,138
Looking,O,139
for,O,139
a,O,139
30,B-SIZE,139
inch,I-SIZE,139
bathroom,B-PRODUCT,139
vanity,I-PRODUCT,139
not,O,139
"55""",B-N-SIZE,139
I,O,140
am,O,140
looking,O,140
for,O,140
a,O,140
30,B-SIZE,140
inch,I-SIZE,140
bathroom,B-PRODUCT,140
shelf,I-PRODUCT,140
not,O,140
wall,B-N-ATTRIBUTE,140
mounted,I-N-ATTRIBUTE,140
Wall,B-ATTRIBUTE,141
mount,I-ATTRIBUTE,141
rectangular,B-SHAPE,141
sink,B-PRODUCT,141
without,O,141
a,O,141
faucet,B-N-ATTRIBUTE,141
hole,I-N-ATTRIBUTE,141
Grey,B-COLOUR,142
toilet,B-PRODUCT,142
not,O,142
toilet,B-N-PRODUCT,142
brush,I-N-PRODUCT,142
Good,O,143
morning.,O,143
We,O,143
are,O,143
looking,O,143
for,O,143
chrome,B-MATERIAL,143
shower,B-PRODUCT,143
head,I-PRODUCT,143
with,O,143
high,B-ATTRIBUTE,143
pressure,I-ATTRIBUTE,143
-,O,143
simple,O,143
no,O,143
bells,O,143
and,O,143
whistles,O,143
just,O,143
good,B-ATTRIBUTE,143
pressure,I-ATTRIBUTE,143
can,O,144
you,O,144
help,O,144
me,O,144
find,O,144
a,O,144
pharmacy,B-PRODUCT,144
without,O,144
a,O,144
mirror,B-N-ATTRIBUTE,144
"18-20""",B-SIZE,144
wide?,I-SIZE,144
Looking,O,145
for,O,145
a,O,145
double,B-PRODUCT,145
sink,I-PRODUCT,145
in,O,145
black,B-COLOUR,145
that,O,145
is,O,145
no,O,145
more,O,145
than,O,145
"23""",B-SIZE,145
wide.,I-SIZE,145
Does,O,145
this,O,145
exist?,O,145
I,O,146
am,O,146
looking,O,146
for,O,146
a,O,146
toilet,B-PRODUCT,146
seat,I-PRODUCT,146
without,O,146
undermounted,B-N-ATTRIBUTE,146
hinges,I-N-ATTRIBUTE,146
for,O,146
a,O,146
one,B-ATTRIBUTE,146
piece,I-ATTRIBUTE,146
toilet,I-ATTRIBUTE,146
Do,O,147
you,O,147
have,O,147
mirror,B-PRODUCT,147
medicine,I-PRODUCT,147
cabinet,I-PRODUCT,147
without,O,147
led,B-N-ATTRIBUTE,147
Do,O,148
you,O,148
have,O,148
shower,B-PRODUCT,148
panels,I-PRODUCT,148
that,O,148
aren't,O,148
see,B-N-ATTRIBUTE,148
through?,I-N-ATTRIBUTE,148
Like,O,148
frosted,B-MATERIAL,148
glass,I-MATERIAL,148
I,O,149
don't,O,149
need,O,149
a,O,149
vanity,B-N-PRODUCT,149
just,O,149
the,O,149
quartz,B-MATERIAL,149
top,B-PRODUCT,149
with,O,149
built,B-ATTRIBUTE,149
in,I-ATTRIBUTE,149
sink,I-ATTRIBUTE,149
"Hi,",O,150
I,O,150
was,O,150
looking,O,150
a,O,150
free,B-ATTRIBUTE,150
standing,I-ATTRIBUTE,150
tub,B-PRODUCT,150
yesterday,O,150
for,O,150
$650,B-PRICE,150
",",O,150
it,O,150
was,O,150
on,O,150
for,O,150
50%,O,150
off.,O,150
I,O,150
don't,O,150
see,O,150
it,O,150
"now,",O,150
is,O,150
it,O,150
still,O,150
on,O,150
sale,O,150
?,O,150
Looking,O,151
for,O,151
a,O,151
large,B-SIZE,151
free,B-ATTRIBUTE,151
standing,I-ATTRIBUTE,151
tub...,B-PRODUCT,151
not,O,151
acrylic,B-N-MATERIAL,151
or,O,151
fiberglass,B-N-MATERIAL,151
i,O,152
don't,O,152
want,O,152
a,O,152
complete,O,152
vanity,B-N-PRODUCT,152
just,O,152
the,O,152
top,B-PRODUCT,152
Hi,O,153
..,O,153
never,O,153
been,O,153
to,O,153
your,O,153
store,O,153
",looking",O,153
for,O,153
vinyl,B-MATERIAL,153
wardrobes,B-PRODUCT,153
do,O,153
not,O,153
know,O,153
if,O,153
you,O,153
carry,O,153
those,O,153
..,O,153
thanks,O,153
Thank,O,154
you,O,154
very,O,154
much,O,154
I'm,O,154
looking,O,154
for,O,154
a,O,154
shower,B-PRODUCT,154
stall,I-PRODUCT,154
kit,I-PRODUCT,154
that,O,154
is,O,154
not,O,154
priced,B-N-PRICE,154
to,I-N-PRICE,154
high,I-N-PRICE,154
it's,O,154
for,O,154
a,O,154
basement,O,154
t-shirt,B-PRODUCT,155
without,O,155
logo,B-N-ATTRIBUTE,155
Shower,B-PRODUCT,156
door,I-PRODUCT,156
no,O,156
side,B-N-ATTRIBUTE,156
panels,I-N-ATTRIBUTE,156
I,O,157
am,O,157
looking,O,157
for,O,157
a,O,157
heated,B-ATTRIBUTE,157
air,I-ATTRIBUTE,157
and,O,157
water,B-ATTRIBUTE,157
jetted,I-ATTRIBUTE,157
tub.,B-PRODUCT,157
bathub,B-PRODUCT,158
with,O,158
jets,B-ATTRIBUTE,158
"Hello,",O,159
what,O,159
is,O,159
the,O,159
biggest,B-SIZE,159
blade,B-ATTRIBUTE,159
on,O,159
a,O,159
shower,B-PRODUCT,159
squeegee,I-PRODUCT,159
that,O,159
you,O,159
carry??,O,159
looking,O,160
for,O,160
a,O,160
bathtub,B-PRODUCT,160
left,B-ATTRIBUTE,160
hand,I-ATTRIBUTE,160
drain,I-ATTRIBUTE,160
but,O,160
square,B-SHAPE,160
not,O,160
oval,B-N-SHAPE,160
Do,O,161
you,O,161
sell,O,161
a,O,161
tub,B-PRODUCT,161
shower,I-PRODUCT,161
faucet,I-PRODUCT,161
set,I-PRODUCT,161
that,O,161
does,O,161
not,O,161
have,O,161
the,O,161
anti,B-N-ATTRIBUTE,161
scald,I-N-ATTRIBUTE,161
feature?,I-N-ATTRIBUTE,161
What,O,162
rectangular,B-SHAPE,162
shower,B-PRODUCT,162
units,I-PRODUCT,162
are,O,162
available?,O,162
I,O,163
am,O,163
looking,O,163
for,O,163
a,O,163
35,B-SIZE,163
inch,I-SIZE,163
bathroom,B-PRODUCT,163
sink,I-PRODUCT,163
countertop,I-PRODUCT,163
with,O,163
sink,B-ATTRIBUTE,163
I'm,O,164
looking,O,164
f,O,164
or,O,164
a,O,164
Black,B-COLOUR,164
Matte,B-TEXTURE,164
bathtub,B-PRODUCT,164
double,I-PRODUCT,164
sliding,I-PRODUCT,164
door,I-PRODUCT,164
Need,O,165
a,O,165
27,B-SIZE,165
inch,I-SIZE,165
frameless,B-N-ATTRIBUTE,165
shower,B-PRODUCT,165
door,I-PRODUCT,165
Looking,O,166
for,O,166
30,B-SIZE,166
inch,I-SIZE,166
white,B-COLOUR,166
desk,B-PRODUCT,166
set,I-PRODUCT,166
