Sentence_Index,Tokens,Predicted_NER_Tags,Predicted_Negation
0,I,O,False
0,am,O,False
0,looking,O,False
0,for,O,False
0,a,O,False
0,black,I-COLOUR,False
0,gloss,I-SIZE,False
0,33,I-SIZE,False
0,inch,I-SIZE,False
0,fireclay,I-ATTRIBUTE,False
0,apron,I-ATTRIBUTE,False
0,sink,I-ATTRIBUTE,False
1,Looking,O,False
1,for,O,False
1,pre,I-PRODUCT,False
1,workout,I-PRODUCT,False
1,Pump,I-PRODUCT,False
1,addict,I-PRODUCT,False
1,instead,O,False
1,of,O,False
1,Karbolyn,O,False
1,Hydrate,O,False
1,Wich,O,False
1,one,O,False
1,is,O,False
1,better?,O,False
2,i,O,False
2,need,O,False
2,a,O,False
2,48,I-SIZE,False
2,inch,I-SIZE,False
2,glass,I-MATERIAL,False
2,sliding,I-ATTRIBUTE,False
2,goof,I-ATTRIBUTE,False
2,and,O,False
2,a,O,False
2,shower,I-PRODUCT,False
2,pan,I-PRODUCT,False
2,system,I-PRODUCT,False
2,for,O,False
2,500.99,I-SIZE,False
2,or,O,False
2,less,O,False
3,"Hello,",O,False
3,do,O,False
3,any,O,False
3,of,O,False
3,your,O,False
3,free,O,False
3,standing,O,False
3,tubs,O,False
3,have,O,False
3,a,O,False
3,matte,I-COLOUR,False
3,white,I-COLOUR,False
3,finish,I-ATTRIBUTE,False
3,instead,O,False
3,of,O,False
3,a,O,False
3,glossy,I-ATTRIBUTE,False
3,finish?,I-ATTRIBUTE,False
4,I'm,O,False
4,looking,O,False
4,for,O,False
4,a,O,False
4,24,I-SIZE,False
4,inch,I-SIZE,False
4,white,I-COLOUR,False
4,mirror,I-PRODUCT,False
4,that,O,False
4,is,O,False
4,freestanding,I-ATTRIBUTE,False
4,and,O,False
4,reasonably,O,False
4,priced.,O,False
5,Does,O,False
5,the,O,False
5,linen,O,False
5,add,O,False
5,cotton,I-PRODUCT,False
5,duvet,I-PRODUCT,False
5,cover,I-PRODUCT,False
5,come,O,False
5,in,O,False
5,King?,O,False
5,I,O,False
5,saw,O,False
5,it,O,False
5,in,O,False
5,the,O,False
5,store,O,False
5,but,O,False
5,I,O,False
5,don't,O,False
5,see,O,True
5,the,O,True
5,king,O,True
5,size,O,True
5,online,O,True
5,?,O,False
6,Hi,O,False
6,there.,O,False
6,I'm,O,False
6,looking,O,False
6,to,O,False
6,buy,O,False
6,some,O,False
6,throw,I-PRODUCT,False
6,blankets.,I-PRODUCT,False
6,Your,O,False
6,website,O,False
6,states,O,False
6,that,O,False
6,the,O,False
6,underside,I-ATTRIBUTE,False
6,of,O,False
6,the,O,False
6,Boucle,I-ATTRIBUTE,False
6,wool-like,I-ATTRIBUTE,False
6,throw,O,False
6,is,O,False
6,very,O,False
6,soft.,O,False
6,I,O,False
6,would,O,False
6,like,O,False
6,to,O,False
6,know,O,False
6,if,O,False
6,the,O,False
6,wool-like,O,False
6,top,O,False
6,side,O,False
6,is,O,False
6,soft,O,False
6,as,O,False
6,"well,",O,False
6,or,O,False
6,if,O,False
6,it,O,False
6,is,O,False
6,scratchy.,O,False
6,I,O,False
6,have,O,False
6,hypersensitive,O,False
6,skin,O,False
6,and,O,False
6,need,O,False
6,a,O,False
6,blanket,I-ATTRIBUTE,False
6,that,O,False
6,will,O,False
6,not,O,False
6,irritate,O,True
6,me.,O,True
6,Thanks.,O,False
7,Long,O,False
7,Sherpa,I-PRODUCT,False
7,jacket,I-PRODUCT,False
7,dark,I-PRODUCT,False
7,brown,I-PRODUCT,False
7,why,O,False
7,can't,O,False
7,I,O,True
7,find,O,True
7,it?,O,True
8,Hello.,O,False
8,I'm,O,False
8,looking,O,False
8,for,O,False
8,a,O,False
8,soft,O,False
8,Open,O,False
8,face,O,False
8,cardigan,O,False
8,w,O,False
8,no,O,False
8,buttons.,I-ATTRIBUTE,True
9,hi,O,False
9,do,O,False
9,you,O,False
9,carry,O,False
9,any,O,False
9,oval,O,False
9,tubs,O,False
9,in,O,False
9,a,O,False
9,matte,I-COLOUR,False
9,white,I-COLOUR,False
9,finish,I-COLOUR,False
9,or,O,False
9,not,O,False
9,too,O,True
9,much,O,True
9,of,O,True
9,gloss?,O,True
9,i,O,False
9,know,O,False
9,they,O,False
9,make,O,False
9,solid,O,False
9,surface,O,False
9,but,O,False
9,higher,O,False
9,prices.,O,False
9,thank,O,False
9,you,O,False
10,Do,O,False
10,you,O,False
10,not,O,False
10,have,O,True
10,alcove,I-PRODUCT,True
10,shower,I-PRODUCT,True
10,walls?,I-PRODUCT,True
11,Hi,O,False
11,I'm,O,False
11,considering,O,False
11,a,O,False
11,bathtub,I-PRODUCT,False
11,swivel,I-PRODUCT,False
11,panel.,I-PRODUCT,False
11,I,O,False
11,assume,O,False
11,it,O,False
11,doesn't,O,False
11,matter,O,True
11,which,O,True
11,way,O,True
11,the,O,True
11,bathtub,O,True
11,is,O,True
11,facing?,O,True
12,looking,O,False
12,for,O,False
12,a,O,False
12,alcove,I-PRODUCT,False
12,shower,I-PRODUCT,False
12,base,I-PRODUCT,False
12,.,O,False
12,not,O,False
12,so,O,True
12,much,O,True
12,$,O,True
12,lol,O,True
13,Do,O,False
13,you,O,False
13,have,O,False
13,a,O,False
13,vanity,I-PRODUCT,False
13,tops,O,False
13,or,O,False
13,wall,I-ATTRIBUTE,False
13,mount,I-ATTRIBUTE,False
13,sink,I-PRODUCT,False
13,without,O,False
13,faucet,I-ATTRIBUTE,True
13,holes?,I-ATTRIBUTE,True
14,Hi!!,O,False
14,I'm,O,False
14,looking,O,False
14,for,O,False
14,a,O,False
14,"60""",I-SIZE,False
14,wide,I-SIZE,False
14,tub,I-PRODUCT,False
14,but,O,False
14,a,O,False
14,soaker,I-PRODUCT,False
14,type,I-PRODUCT,False
14,thats,I-PRODUCT,False
14,deeper,I-PRODUCT,False
14,than,O,False
14,a,O,False
14,regular,O,False
14,tub,O,False
14,do,O,False
14,you,O,False
14,have,O,False
14,this,O,False
14,type?,O,False
14,I,O,False
14,don't,O,False
14,see,O,True
14,anything,O,True
14,deep,O,True
14,enough,O,True
14,on,O,True
14,your,O,True
14,site,O,True
15,Ok,O,False
15,thanks.,O,False
15,I'm,O,False
15,looking,O,False
15,for,O,False
15,a,O,False
15,pure,O,False
15,white,O,False
15,alcove,O,False
15,"bathtub,",O,False
15,not,O,False
15,American,O,True
15,standard,I-ATTRIBUTE,True
15,or,O,True
15,any,O,True
15,off,O,True
15,whites.,O,True
15,Is,O,False
15,there,O,False
15,one,O,False
15,you,O,False
15,could,O,False
15,recommend,O,False
16,"Hi,",O,False
16,Do,O,False
16,you,O,False
16,have,O,False
16,a,O,False
16,navy,O,False
16,mirror,O,False
16,size,I-SIZE,False
16,60x31.,I-SIZE,False
16,You,O,False
16,have,O,False
16,it,O,False
16,for,O,False
16,the,O,False
16,gold,O,False
16,and,O,False
16,black,O,False
16,but,O,False
16,i,O,False
16,don't,O,False
16,want,O,True
16,it,O,True
16,for,O,True
16,the,O,True
16,navy.,O,True
17,"Hi,",O,False
17,I,O,False
17,am,O,False
17,looking,O,False
17,for,O,False
17,a,O,False
17,floating,I-ATTRIBUTE,False
17,vanity,I-PRODUCT,False
17,with,O,False
17,integrated,I-ATTRIBUTE,False
17,sink,I-ATTRIBUTE,False
17,&,I-ATTRIBUTE,False
17,counter,I-PRODUCT,False
17,top,I-PRODUCT,False
17,with,O,False
17,no,O,False
17,drill,I-ATTRIBUTE,True
17,holes,O,True
17,for,O,True
17,the,O,True
17,faucet,I-PRODUCT,True
17,as,O,False
17,our,O,False
17,faucets,O,False
17,are,O,False
17,wall,I-ATTRIBUTE,False
17,mounted.,I-ATTRIBUTE,False
17,Do,O,False
17,you,O,False
17,sell,O,False
17,theM,O,False
18,I,O,False
18,am,O,False
18,looking,O,False
18,for,O,False
18,soaker,I-PRODUCT,False
18,tub,I-PRODUCT,False
18,but,O,False
18,do,O,False
18,not,O,False
18,want,O,True
18,stand,O,True
18,alone.,O,True
18,I,O,False
18,am,O,False
18,replacing,O,False
18,my,O,False
18,oval,O,False
18,jacuzzi,O,False
19,Where,O,False
19,is,O,False
19,the,O,False
19,mirror,O,False
19,on,O,False
19,here.,O,False
19,I,O,False
19,don't,O,False
19,want,O,True
19,linen,I-PRODUCT,True
19,cabinet,I-PRODUCT,True
20,"Hello,",O,False
20,I,O,False
20,need,O,False
20,a,O,False
20,standup,I-ATTRIBUTE,False
20,shower,I-PRODUCT,False
20,door,I-PRODUCT,False
20,"only,",O,False
20,no,O,False
20,side,I-ATTRIBUTE,True
20,panels.,I-ATTRIBUTE,True
20,41,I-SIZE,False
20,inches,I-SIZE,False
20,wide,I-SIZE,False
21,I'm,O,False
21,looking,O,False
21,for,O,False
21,a,O,False
21,double,I-ATTRIBUTE,False
21,sink,I-PRODUCT,False
21,kitchen,I-PRODUCT,False
21,close,O,False
21,to,O,False
21,52,I-SIZE,False
21,inches,I-SIZE,False
21,no,O,False
21,bigger,I-SIZE,True
21,with,O,True
21,countertop,I-ATTRIBUTE,True
22,I'm,O,False
22,looking,O,False
22,for,O,False
22,bypass,O,False
22,shower,I-PRODUCT,False
22,doors,I-PRODUCT,False
22,in,O,False
22,chrome,I-MATERIAL,False
22,with,O,False
22,clear,I-MATERIAL,False
22,glass.,I-MATERIAL,False
22,The,O,False
22,opening,O,False
22,would,O,False
22,be,O,False
22,for,O,False
22,a,O,False
22,"59""",I-SIZE,False
22,width,I-SIZE,False
22,and,O,False
22,the,O,False
22,height,I-SIZE,False
22,I'm,O,False
22,looking,O,False
22,for,O,False
22,is,O,False
22,"76"".",I-SIZE,False
22,I,O,False
22,don't,O,False
22,want,O,True
22,any,O,True
22,rubber,I-MATERIAL,True
22,seals,I-ATTRIBUTE,True
22,around,O,True
22,the,O,True
22,glass,I-MATERIAL,True
22,doors.,O,True
23,I,O,False
23,am,O,False
23,looking,O,False
23,at,O,False
23,the,O,False
23,"34""x34""",I-SIZE,False
23,shower,I-PRODUCT,False
23,kit,I-PRODUCT,False
23,with,O,False
23,"door,",I-ATTRIBUTE,False
23,"walls,",I-ATTRIBUTE,False
23,base,I-ATTRIBUTE,False
23,and,O,False
23,glass,I-MATERIAL,False
23,shelves.,I-ATTRIBUTE,False
24,Can,O,False
24,the,O,False
24,"2""",I-SIZE,False
24,"backsplash,",I-ATTRIBUTE,False
24,on,O,False
24,the,O,False
24,"60""",I-SIZE,False
24,single,I-PRODUCT,False
24,sink,I-PRODUCT,False
24,"countertop,",I-PRODUCT,False
24,be,O,False
24,removed?,O,False
24,Or,O,False
24,is,O,False
24,the,O,False
24,counter,I-PRODUCT,False
24,and,O,False
24,backsplash,I-ATTRIBUTE,False
24,one,O,False
24,piece?,O,False
24,If,O,False
24,"so,",O,False
24,do,O,False
24,you,O,False
24,have,O,False
24,a,O,False
24,single,I-PRODUCT,False
24,"sink,",I-PRODUCT,False
24,white,I-COLOUR,False
24,"60""",I-SIZE,False
24,vanity,I-PRODUCT,False
24,with,O,False
24,no,O,False
24,backsplash,I-ATTRIBUTE,True
24,piece?,I-ATTRIBUTE,True
25,We're,O,False
25,looking,O,False
25,for,O,False
25,a,O,False
25,60,I-SIZE,False
25,inch,I-SIZE,False
25,left,I-ATTRIBUTE,False
25,drain,I-ATTRIBUTE,False
25,alcove,I-ATTRIBUTE,False
25,tub,I-PRODUCT,False
25,which,O,False
25,is,O,False
25,a,O,False
25,soaker,I-ATTRIBUTE,False
25,tub,I-PRODUCT,False
25,with,O,False
25,no,O,False
25,more,O,True
25,than,O,True
25,"15""",I-SIZE,True
25,height.,I-SIZE,True
25,In,O,False
25,white.,O,False
26,just,O,False
26,need,O,False
26,glass,I-MATERIAL,False
26,doors,I-PRODUCT,False
26,no,O,False
26,end,I-ATTRIBUTE,True
26,glass,I-ATTRIBUTE,True
27,Do,O,False
27,you,O,False
27,have,O,False
27,Chrome,I-MATERIAL,False
27,column-style,I-SHAPE,False
27,showerhead,I-PRODUCT,False
27,with,O,False
27,body,I-ATTRIBUTE,False
27,jets,I-ATTRIBUTE,False
27,and,O,False
27,rain,I-ATTRIBUTE,False
27,showerhead,I-ATTRIBUTE,False
28,i,O,False
28,live,O,False
28,in,O,False
28,__location__,O,False
28,and,O,False
28,i,O,False
28,am,O,False
28,looking,O,False
28,for,O,False
28,an,O,False
28,acrylic,I-MATERIAL,False
28,(,O,False
28,preference,O,False
28,),O,False
28,or,O,False
28,fibreglass,I-MATERIAL,False
28,shower,I-PRODUCT,False
28,base.,I-PRODUCT,False
28,I,O,False
28,need,O,False
28,a,O,False
28,50,I-SIZE,False
28,inch,I-SIZE,False
28,wide,I-SIZE,False
28,by,O,False
28,34,I-SIZE,False
28,inch,I-SIZE,False
28,deep,I-SIZE,False
28,with,O,False
28,a,O,False
28,5,I-SIZE,False
28,inch,I-SIZE,False
28,single,I-ATTRIBUTE,False
28,threshold,I-ATTRIBUTE,False
29,Looking,O,False
29,for,O,False
29,a,O,False
29,tub/shower,I-PRODUCT,False
29,righthand,I-ATTRIBUTE,False
29,and,O,False
29,one,O,False
29,"lefthand,",I-ATTRIBUTE,False
29,what,O,False
29,are,O,False
29,my,O,False
29,options?,O,False
30,I,O,False
30,am,O,False
30,looking,O,False
30,for,O,False
30,a,O,False
30,freestanding,I-ATTRIBUTE,False
30,tub,I-PRODUCT,False
30,with,O,False
30,a,O,False
30,bathing,I-ATTRIBUTE,False
30,well,I-ATTRIBUTE,False
30,bottom,I-ATTRIBUTE,False
30,length,I-SIZE,False
30,of,I-SIZE,False
30,45,I-SIZE,False
30,inches,I-SIZE,False
30,minimum,O,False
31,I'm,O,False
31,looking,O,False
31,for,O,False
31,a,O,False
31,round,I-SHAPE,False
31,shower,I-PRODUCT,False
31,around,O,False
31,73,I-SIZE,False
31,inches,I-SIZE,False
31,high,I-SIZE,False
32,I'm,O,False
32,looking,O,False
32,to,O,False
32,buy,O,False
32,a,O,False
32,"42""",I-SIZE,False
32,gazebo,I-PRODUCT,False
32,with,O,False
32,no,O,False
32,more,O,True
32,than,O,True
32,"21""",I-SIZE,True
32,depth,I-SIZE,False
33,Do,O,False
33,you,O,False
33,have,O,False
33,shelves,I-PRODUCT,False
33,that,O,False
33,mount,O,False
33,to,O,False
33,a,O,False
33,"wall,",O,False
33,no,O,False
33,screw,I-ATTRIBUTE,True
33,30,I-SIZE,True
33,inches,I-SIZE,True
34,__brand__,I-PRODUCT,False
34,bathtub,I-PRODUCT,False
34,58,I-SIZE,False
34,in.,I-SIZE,False
34,x,O,False
34,5,I-SIZE,False
34,in.,I-SIZE,False
34,4-Jet,I-ATTRIBUTE,False
34,High,I-ATTRIBUTE,False
34,Pressure,I-ATTRIBUTE,False
34,Shower,I-PRODUCT,False
34,Panel,I-PRODUCT,False
34,System,I-PRODUCT,False
34,with,O,False
34,Square,I-ATTRIBUTE,False
34,Rain,I-ATTRIBUTE,False
34,Shower,I-ATTRIBUTE,False
34,Head,I-ATTRIBUTE,False
34,and,O,False
34,Tub,I-ATTRIBUTE,False
34,Filler,I-ATTRIBUTE,False
34,in,O,False
34,Matte,I-TEXTURE,False
34,Black,I-COLOUR,False
34,Model,O,False
35,"Yes,",O,False
35,I,O,False
35,bought,O,False
35,a,O,False
35,tub,I-PRODUCT,False
35,from,O,False
35,"you,",O,False
35,I,O,False
35,am,O,False
35,looking,O,False
35,for,O,False
35,a,O,False
35,adjustable,I-ATTRIBUTE,False
35,screw,I-PRODUCT,False
35,that,O,False
35,attaches,O,False
35,to,O,False
35,the,O,False
35,plug.,O,False
36,I'm,O,False
36,looking,O,False
36,for,O,False
36,a,O,False
36,60,I-SIZE,False
36,inch,I-SIZE,False
36,white,I-COLOUR,False
36,bathtub,I-PRODUCT,False
36,that,O,False
36,is,O,False
36,freestanding,I-ATTRIBUTE,False
36,and,O,False
36,reasonably,I-PRICE,False
36,priced,I-PRICE,False
37,i'm,O,False
37,looking,O,False
37,for,O,False
37,unflavored,I-ATTRIBUTE,False
37,mass,I-PRODUCT,False
37,gainer,I-PRODUCT,False
37,protein,I-PRODUCT,False
38,Do,O,False
38,you,O,False
38,have,O,False
38,a,O,False
38,wall,I-ATTRIBUTE,False
38,mount,I-ATTRIBUTE,False
38,sink,I-PRODUCT,False
38,without,O,False
38,a,O,True
38,faucet,I-ATTRIBUTE,True
38,hole,I-ATTRIBUTE,False
39,Just,O,False
39,shower,I-PRODUCT,False
39,base,I-PRODUCT,False
39,without,O,False
39,walls,I-ATTRIBUTE,True
40,I'm,O,False
40,looking,O,False
40,for,O,False
40,a,O,False
40,shower,I-PRODUCT,False
40,"unit,",I-PRODUCT,False
40,"60""",I-SIZE,False
40,wide,I-SIZE,False
40,by,O,False
40,"42""",I-SIZE,False
40,"deep,",I-SIZE,False
40,with,O,False
40,no,O,False
40,seat,I-ATTRIBUTE,True
40,and,O,False
40,no,O,False
40,top,I-ATTRIBUTE,False
41,luggage,I-PRODUCT,False
41,without,O,False
41,wheels,I-ATTRIBUTE,False
42,I,O,False
42,found,O,False
42,a,O,False
42,vanity,I-PRODUCT,False
42,top,I-PRODUCT,False
42,I,O,False
42,love,O,False
42,but,O,False
42,it,O,False
42,has,O,False
42,only,O,False
42,one,O,False
42,hole,O,False
42,for,O,False
42,taps,O,False
42,and,O,False
42,that,O,False
42,doesn't,O,False
42,suit,O,True
42,our,O,True
42,needs,O,True
43,curbless,I-ATTRIBUTE,False
43,shower,I-PRODUCT,False
44,Walk,I-ATTRIBUTE,False
44,in,I-ATTRIBUTE,False
44,tubs,I-PRODUCT,False
44,for,O,False
44,seniors,I-ATTRIBUTE,False
45,I,O,False
45,am,O,False
45,looking,O,False
45,for,O,False
45,a,O,False
45,shower,I-PRODUCT,False
45,door,I-PRODUCT,False
45,about,O,False
45,30,I-SIZE,False
45,inches,I-SIZE,False
46,I,O,False
46,need,O,False
46,a,O,False
46,toilet,I-PRODUCT,False
46,that,O,False
46,is,O,False
46,only,O,False
46,28,I-SIZE,False
46,inches,I-SIZE,False
46,high,I-SIZE,False
47,"Hi,",O,False
47,I,O,False
47,am,O,False
47,looking,O,False
47,for,O,False
47,bathroom,I-PRODUCT,False
47,LED,I-PRODUCT,False
47,mirrors,I-PRODUCT,False
47,that,O,False
47,are,O,False
47,24,I-SIZE,False
47,inch.,I-SIZE,False
47,That,O,False
47,are,O,False
47,hard,I-ATTRIBUTE,False
47,wired,I-ATTRIBUTE,False
47,and,O,False
47,can,O,False
47,be,O,False
47,turned,O,False
47,on,O,False
47,from,O,False
47,the,O,False
47,mirror,O,False
48,Denim,I-MATERIAL,False
48,skirts?,I-PRODUCT,False
49,touch,O,False
49,of,O,False
49,linen,I-MATERIAL,False
49,buttoned,I-ATTRIBUTE,False
49,skirt,I-PRODUCT,False
49,in,O,False
49,patterned,I-COLOUR,False
49,white,I-COLOUR,False
49,colour,I-COLOUR,False
50,Base,I-PRODUCT,False
50,cabinet,I-PRODUCT,False
50,42,I-SIZE,False
50,inches,I-SIZE,False
50,long,I-SIZE,False
51,Do,O,False
51,you,O,False
51,have,O,False
51,the,O,False
51,sweater,I-PRODUCT,False
51,in,O,False
51,medium?,I-SIZE,False
52,Hi.,O,False
52,Do,O,False
52,you,O,False
52,have,O,False
52,sheer,I-PRODUCT,False
52,curtains,I-PRODUCT,False
52,which,O,False
52,I,O,False
52,can,O,False
52,place,O,False
52,on,O,False
52,hooks,I-ATTRIBUTE,False
52,instead,O,False
52,of,O,False
52,a,O,False
52,rod,I-ATTRIBUTE,False
53,Looking,O,False
53,for,O,False
53,Grey,I-COLOUR,False
53,drapery,I-PRODUCT,False
53,panels,I-PRODUCT,False
53,10,I-SIZE,False
53,feet,I-SIZE,False
53,in,I-SIZE,False
53,length,I-SIZE,False
54,twik,O,False
54,white,I-COLOUR,False
54,sleeveless,I-ATTRIBUTE,False
54,button,I-ATTRIBUTE,False
54,closure,I-ATTRIBUTE,False
54,top,I-PRODUCT,False
55,Do,O,False
55,you,O,False
55,have,O,False
55,waterproof,I-ATTRIBUTE,False
55,queen,I-SIZE,False
55,size,I-SIZE,False
55,mattress,I-PRODUCT,False
55,protectors,I-PRODUCT,False
55,for,O,False
55,over,O,False
55,18,I-SIZE,False
55,inch,I-SIZE,False
55,mattresses?,O,False
56,Looking,O,False
56,for,O,False
56,Mercerized,O,False
56,cotton,I-MATERIAL,False
56,high-performance,I-ATTRIBUTE,False
56,T-shirt,I-PRODUCT,False
56,in,O,False
56,size,I-SIZE,False
56,medium,I-SIZE,False
57,Are,O,False
57,the,O,False
57,round,I-ATTRIBUTE,False
57,velvet,I-MATERIAL,False
57,floor,I-PRODUCT,False
57,cushions,I-PRODUCT,False
57,available,O,False
57,in,O,False
57,store?,O,False
58,I,O,False
58,would,O,False
58,like,O,False
58,the,O,False
58,sweater,I-PRODUCT,False
58,as,O,False
58,well,O,False
58,as,O,False
58,the,O,False
58,icons,I-PRODUCT,False
58,pencil,I-PRODUCT,False
58,skirt,I-PRODUCT,False
58,in,O,False
58,green,I-COLOUR,False
59,Sleeveless,I-ATTRIBUTE,False
59,sweater,I-PRODUCT,False
60,Unflavored,I-ATTRIBUTE,False
60,unsweetened,I-ATTRIBUTE,False
61,do,O,False
61,you,O,False
61,have,O,False
61,the,O,False
61,stainless,I-MATERIAL,False
61,steel,I-MATERIAL,False
61,shaker,I-PRODUCT,False
61,cups,I-PRODUCT,False
62,I,O,False
62,am,O,False
62,looking,O,False
62,for,O,False
62,flavor,I-PRODUCT,False
62,powders,I-PRODUCT,False
62,which,O,False
62,I,O,False
62,can,O,False
62,use,O,False
62,in,O,False
62,yoghurts,O,False
62,for,O,False
62,example,O,False
63,"Hi,",O,False
63,do,O,False
63,you,O,False
63,sell,O,False
63,fingerless,I-ATTRIBUTE,False
63,gloves,I-PRODUCT,False
63,please,I-PRODUCT,False
64,Need,O,False
64,an,O,False
64,inexpensive,I-PRICE,False
64,thermostatic,I-PRODUCT,False
64,shower,I-PRODUCT,False
64,set,I-PRODUCT,False
64,with,O,False
64,an,O,False
64,extra,I-ATTRIBUTE,False
64,outlet,I-ATTRIBUTE,False
64,for,O,False
64,bidet.,O,False
64,Can,O,False
64,you,O,False
64,suggest,O,False
64,a,O,False
64,couple.,O,False
65,"hi,",O,False
65,can,O,False
65,I,O,False
65,put,O,False
65,a,O,False
65,tankless,I-ATTRIBUTE,False
65,toilet,I-PRODUCT,False
65,into,O,False
65,a,O,False
65,"2""x",I-SIZE,False
65,"4""",I-SIZE,False
65,wall?,I-SIZE,False
66,I,O,False
66,am,O,False
66,looking,O,False
66,for,O,False
66,a,O,False
66,left,I-ATTRIBUTE,False
66,offset,I-ATTRIBUTE,False
66,vanity,I-PRODUCT,False
66,set,I-PRODUCT,False
66,up,O,False
66,to,O,False
66,48,I-SIZE,False
66,inches,I-SIZE,False
66,"wide,",I-SIZE,False
66,"white,",I-COLOUR,False
66,brushed,I-ATTRIBUTE,False
66,nickel,I-ATTRIBUTE,False
66,hardware,I-ATTRIBUTE,False
67,seamless,I-ATTRIBUTE,False
67,undermount,I-PRODUCT,False
68,Touchless,I-ATTRIBUTE,False
68,kitchen,I-PRODUCT,False
68,faucet,I-PRODUCT,False
69,Looking,O,False
69,for,O,False
69,bowl,I-PRODUCT,False
69,with,O,False
69,pattern,I-ATTRIBUTE,False
69,LESS,O,False
69,than,O,False
69,5,I-SIZE,False
69,inches,I-SIZE,False
69,deep.,I-SIZE,False
69,Can,O,False
69,be,O,False
69,7,I-SIZE,False
69,inches,I-SIZE,False
69,wide,I-SIZE,False
70,Looking,O,False
70,shower,I-PRODUCT,False
70,door,I-PRODUCT,False
70,frameless,I-ATTRIBUTE,False
70,of,O,False
70,60,I-SIZE,False
70,inch,I-SIZE,False
70,standing,I-ATTRIBUTE,False
70,shower,I-PRODUCT,False
71,Do,O,False
71,you,O,False
71,sell,O,False
71,beige,I-COLOUR,False
71,toilets.,I-PRODUCT,False
71,Bone,I-COLOUR,False
71,and,O,False
71,buscuit,I-COLOUR,False
71,are,O,False
71,too,O,False
71,light,O,False
71,in,O,False
71,colour,O,False
72,We're,O,False
72,looking,O,False
72,for,O,False
72,a,O,False
72,shower,I-PRODUCT,False
72,door,I-PRODUCT,False
72,set,I-PRODUCT,False
72,greater,O,False
72,than,O,False
72,70,I-SIZE,False
72,inches,I-SIZE,False
72,wide,I-SIZE,False
73,18,I-SIZE,False
73,inch,I-SIZE,False
73,deep,I-SIZE,False
73,by,O,False
73,36,I-SIZE,False
73,inches,I-SIZE,False
73,long,I-SIZE,False
73,brown,I-COLOUR,False
73,freestanding,I-ATTRIBUTE,False
73,vanity,I-PRODUCT,False
74,Looking,O,False
74,for,O,False
74,a,O,False
74,36,I-SIZE,False
74,inch,I-SIZE,False
74,vanity,I-PRODUCT,False
74,with,O,False
74,granite,I-MATERIAL,False
74,top,I-ATTRIBUTE,False
75,I,O,False
75,am,O,False
75,looking,O,False
75,for,O,False
75,bathroom,I-PRODUCT,False
75,mirrors,I-PRODUCT,False
75,black,I-COLOUR,False
75,framed,I-ATTRIBUTE,False
75,in,O,False
75,rectangular,I-SHAPE,False
75,and,O,False
75,oval,I-SHAPE,False
76,looking,O,False
76,at,O,False
76,36,I-SIZE,False
76,inch,I-SIZE,False
76,medicine,I-PRODUCT,False
76,cabinet,I-PRODUCT,False
76,for,O,False
76,$399,I-SIZE,False
76,.,O,False
76,is,O,False
76,it,O,False
76,recessed,O,False
76,able,O,False
76,to,O,False
76,fit,O,False
76,into,O,False
76,wall,I-ATTRIBUTE,False
76,as,O,False
76,a,O,False
76,flush,I-ATTRIBUTE,False
76,mount?,I-ATTRIBUTE,False
77,Vessel,I-PRODUCT,False
77,bag,I-PRODUCT,False
77,in,O,False
77,goldish,I-COLOUR,False
77,color,O,False
78,Looking,O,False
78,for,O,False
78,protein,I-PRODUCT,False
78,powder,I-PRODUCT,False
78,no,O,False
78,carb,I-ATTRIBUTE,True
78,no,O,False
78,suger,I-ATTRIBUTE,True
79,I,O,False
79,am,O,False
79,brand,O,False
79,new,O,False
79,to,O,False
79,fat,O,False
79,"burners,",O,False
79,I,O,False
79,want,O,False
79,to,O,False
79,know,O,False
79,a,O,False
79,good,O,False
79,fat,O,False
79,burner,O,False
79,to,O,False
79,see,O,False
79,good,O,False
79,results.,O,False
80,i,O,False
80,want,O,False
80,protein,I-PRODUCT,False
80,without,O,False
80,lactose,I-ATTRIBUTE,True
81,I'm,O,False
81,looking,O,False
81,for,O,False
81,whey,I-PRODUCT,False
81,proteine,I-PRODUCT,False
81,with,O,False
81,not,O,False
81,soy,I-ATTRIBUTE,True
81,in,O,True
81,it!,O,True
82,"Hi,",O,False
82,I,O,False
82,am,O,False
82,looking,O,False
82,for,O,False
82,a,O,False
82,whey,I-PRODUCT,False
82,protein,I-PRODUCT,False
82,with,O,False
82,not,O,False
82,"soy,",I-ATTRIBUTE,True
82,does,O,False
82,it,O,False
82,even,O,False
82,exist?,O,False
83,I'm,O,False
83,looking,O,False
83,for,O,False
83,a,O,False
83,supplement,I-PRODUCT,False
83,to,O,False
83,help,O,False
83,me,O,False
83,get,O,False
83,back,O,False
83,into,O,False
83,ketosis,I-ATTRIBUTE,False
83,",",O,False
83,but,O,False
83,not,O,False
83,a,O,True
83,pill.,I-ATTRIBUTE,True
83,Something,O,False
83,I,O,False
83,can,O,False
83,mix,O,True
83,in,O,False
83,my,O,False
83,water.,O,False
84,Looking,O,False
84,for,O,False
84,a,O,False
84,testosterone,I-PRODUCT,False
84,supplment,I-PRODUCT,False
84,and,O,False
84,I,O,False
84,have,O,False
84,no,O,False
84,idea,O,True
84,which,O,True
84,one,O,True
84,to,O,True
84,buy,O,True
85,"Hi,",O,False
85,I,O,False
85,would,O,False
85,like,O,False
85,to,O,False
85,have,O,False
85,a,O,False
85,protein,I-PRODUCT,False
85,powder,I-PRODUCT,False
85,without,O,False
85,caffeine,I-ATTRIBUTE,True
86,i,O,False
86,am,O,False
86,looking,O,False
86,for,O,False
86,a,O,False
86,very,O,False
86,good,O,False
86,fat,I-PRODUCT,False
86,burner,I-PRODUCT,False
86,thats,O,False
86,not,O,False
86,too,O,True
86,heavy,I-ATTRIBUTE,True
86,in,I-ATTRIBUTE,True
86,stimulants.,I-ATTRIBUTE,True
87,I,O,False
87,saw,O,False
87,a,O,False
87,sweater,I-PRODUCT,False
87,block,I-PRODUCT,False
87,with,O,False
87,multi,I-COLOUR,False
87,colour,I-COLOUR,False
87,yesterday.,O,False
87,I,O,False
87,wish,O,False
87,to,O,False
87,order,O,False
87,and,O,False
87,now,O,False
87,can't,O,False
87,find..,O,True
88,I'm,O,False
88,looking,O,False
88,for,O,False
88,a,O,False
88,polo,I-PRODUCT,False
88,shirt,I-PRODUCT,False
88,with,O,False
88,no,O,False
88,logo,I-ATTRIBUTE,True
88,on,O,True
88,it.,O,True
89,Hi,O,False
89,looking,O,False
89,for,O,False
89,the,O,False
89,toque,I-PRODUCT,False
89,and,O,False
89,neck,I-ATTRIBUTE,False
89,tube,I-ATTRIBUTE,False
89,displayed,I-ATTRIBUTE,False
89,in,O,False
89,the,O,False
89,woman's,I-ATTRIBUTE,False
89,ski,I-ATTRIBUTE,False
89,jacket,I-PRODUCT,False
89,the,O,False
89,jacket,I-PRODUCT,False
89,color,I-PRODUCT,False
89,that,O,False
89,is,O,False
89,light,O,False
89,blue,O,False
89,and,O,False
89,green,O,False
89,",",O,False
89,the,O,False
89,tuque,O,False
89,and,O,False
89,neck,O,False
89,tube,O,False
89,is,O,False
89,a,O,False
89,dusty,O,False
89,pink,O,False
89,sort,O,False
89,of,O,False
89,"color,",O,False
89,I,O,False
89,can't,O,False
89,find,O,True
89,it,O,True
89,anywhere,O,True
89,on,O,True
89,sight,O,True
89,i,O,False
89,see,O,False
89,simiar,O,False
89,items,O,True
89,but,O,False
89,want,O,False
89,a,O,False
89,matching,O,False
89,set,O,False
90,I,O,False
90,am,O,False
90,looking,O,False
90,for,O,False
90,a,O,False
90,bomber,I-ATTRIBUTE,False
90,style,I-ATTRIBUTE,False
90,jacket,I-PRODUCT,False
90,2,I-SIZE,False
90,XS,I-SIZE,False
90,no,O,False
90,hoody,I-ATTRIBUTE,True
90,",",O,False
90,and,O,False
90,black,O,False
91,Women's,I-ATTRIBUTE,False
91,pyjama,I-PRODUCT,False
91,pants,I-PRODUCT,False
91,without,O,False
91,waistband,I-ATTRIBUTE,False
92,Good,O,False
92,morning,O,False
92,I,O,False
92,am,O,False
92,looking,O,False
92,for,O,False
92,a,O,False
92,puffer,I-PRODUCT,False
92,vest,I-PRODUCT,False
92,three-quarter,I-SIZE,False
92,length,I-SIZE,False
92,I've,O,False
92,seen,O,False
92,them,O,False
92,On,O,False
92,the,O,False
92,website,O,False
92,but,O,False
92,no,O,False
92,longer,O,True
92,there,O,True
93,Good,O,False
93,"morning,",O,False
93,I,O,False
93,would,O,False
93,like,O,False
93,to,O,False
93,buy,O,False
93,the,O,False
93,product,I-PRODUCT,False
93,"below,",O,False
93,size,I-SIZE,False
93,M:,I-SIZE,False
93,How,O,False
93,can,O,False
93,I,O,False
93,proceed,O,False
93,with,O,False
93,this,O,False
93,purchase?,O,False
93,It,O,False
93,doesn't,O,False
93,seem,O,True
93,to,O,True
93,be,O,True
93,available,O,True
93,at,O,True
93,the,O,True
93,moment,O,True
94,Want,O,False
94,to,O,False
94,order,O,False
94,Women's,I-ATTRIBUTE,False
94,warm,I-ATTRIBUTE,False
94,waterproof,I-ATTRIBUTE,False
94,snow,I-PRODUCT,False
94,boots,I-PRODUCT,False
94,in,O,False
94,size,I-SIZE,False
94,8,I-SIZE,False
94,.,O,False
94,Doesn't,O,False
94,say,O,True
94,out,O,True
94,of,O,True
94,stock,O,True
94,but,O,False
94,can't,O,False
94,put,O,True
94,order,O,True
94,in.,O,True
94,Please,O,False
94,advise.,O,False
95,"Hi,",O,False
95,I'm,O,False
95,interested,O,False
95,in,O,False
95,the,O,False
95,women's,I-ATTRIBUTE,False
95,waterproof,I-ATTRIBUTE,False
95,mountain,I-PRODUCT,False
95,walking,I-PRODUCT,False
95,jacket,I-PRODUCT,False
95,in,O,False
95,green,I-COLOUR,False
95,but,O,False
95,the,O,False
95,website,O,False
95,only,O,False
95,gives,O,False
95,the,O,False
95,option,O,False
95,for,O,False
95,size,I-SIZE,False
95,XS,I-SIZE,False
95,and,O,False
95,does,O,False
95,not,O,False
95,allow,O,True
95,to,O,True
95,request,O,True
95,a,O,True
95,notification,I-ATTRIBUTE,True
96,Hi,O,False
96,I'm,O,False
96,looking,O,False
96,to,O,False
96,buy,O,False
96,this,O,False
96,but,O,False
96,I,O,False
96,cannot,O,False
96,find,O,True
96,an,O,True
96,22,I-SIZE,True
96,mm,I-SIZE,True
96,nozzle,I-PRODUCT,True
96,pump,I-PRODUCT,True
96,"anywhere,",O,True
96,do,O,False
96,you,O,False
96,have,O,False
96,one,O,True
96,on,O,False
96,your,O,False
96,site,O,False
96,or,O,False
96,know,O,False
96,where,O,False
96,I,O,False
96,can,O,False
96,get,O,False
96,one?,O,False
96,Thanks,O,False
97,Pool,I-PRODUCT,False
97,cue,I-PRODUCT,False
97,cases,I-PRODUCT,False
97,not,O,False
97,pool,I-PRODUCT,True
97,cues,I-PRODUCT,False
98,Looking,O,False
98,to,O,False
98,buy,O,False
98,hiking,I-PRODUCT,False
98,trousers,I-PRODUCT,False
98,but,O,False
98,don't,O,False
98,understand,O,True
98,sizes.,O,True
98,I,O,False
98,am,O,False
98,38in,I-SIZE,False
98,waist,I-SIZE,False
98,and,O,False
98,29in,I-SIZE,False
98,leg.,I-SIZE,False
98,Looking,O,False
98,to,O,False
98,buy,O,False
98,trekking,I-PRODUCT,False
98,trousers,I-PRODUCT,False
98,what,O,False
98,size,O,False
98,do,O,False
98,I,O,False
98,need,O,False
99,is,O,False
99,it,O,False
99,possible,O,False
99,to,O,False
99,order,O,False
99,a,O,False
99,bathroom,I-PRODUCT,False
99,vanity,I-PRODUCT,False
99,without,O,False
99,the,O,True
99,countertop?,I-ATTRIBUTE,True
100,I'm,O,False
100,looking,O,False
100,for,O,False
100,a,O,False
100,shower,I-PRODUCT,False
100,unit,I-PRODUCT,False
100,including,O,False
100,walls,I-ATTRIBUTE,False
100,bae,I-ATTRIBUTE,False
100,and,O,False
100,glass,I-MATERIAL,False
100,enclosure,O,False
100,but,O,False
100,the,O,False
100,whole,O,False
100,unit,O,False
100,cannot,O,False
100,be,O,True
100,higher,I-SIZE,True
100,than,O,True
100,75,I-SIZE,True
100,inches,I-SIZE,True
101,Hi,O,False
101,i,O,False
101,need,O,False
101,a,O,False
101,"10""",I-SIZE,False
101,rough,O,False
101,in,O,False
101,toilet,I-PRODUCT,False
101,"asap,",O,False
101,i'm,O,False
101,not,O,False
101,sure,O,True
101,if,O,True
101,you,O,True
101,have,O,True
101,it,O,True
101,in,O,True
101,stock.,O,True
101,I,O,False
101,don't,O,False
101,want,O,True
101,the,O,True
101,screw,O,True
101,less,O,True
102,Can,O,False
102,the,O,False
102,shower,I-PRODUCT,False
102,be,O,False
102,sold,O,False
102,without,O,False
102,the,O,True
102,walls?,I-ATTRIBUTE,True
103,You,O,False
103,don't,O,False
103,sell,O,True
103,any,O,True
103,"72""",I-SIZE,True
103,wide,I-SIZE,True
103,vanities?,I-PRODUCT,True
104,looking,O,False
104,for,O,False
104,shower,I-PRODUCT,False
104,system,I-PRODUCT,False
104,with,O,False
104,tub,I-ATTRIBUTE,False
104,faucet,I-ATTRIBUTE,False
104,altough,O,False
104,no,O,False
104,tub,I-PRODUCT,True
105,Looking,O,False
105,for,O,False
105,a,O,False
105,bathroom,I-PRODUCT,False
105,vanity,I-PRODUCT,False
105,&,I-PRODUCT,False
105,sink,I-PRODUCT,False
105,no,O,False
105,more,O,True
105,than,O,True
105,"16""",I-SIZE,True
105,deep,I-SIZE,False
106,looking,O,False
106,for,O,False
106,48,I-SIZE,False
106,inches,I-SIZE,False
106,floor,I-PRODUCT,False
106,cabinet,I-PRODUCT,False
106,single,I-PRODUCT,False
106,"sink,",I-PRODUCT,False
106,but,O,False
106,no,O,False
106,couter,I-ATTRIBUTE,True
106,top,I-ATTRIBUTE,False
107,Can,O,False
107,I,O,False
107,purchase,O,False
107,shower,I-PRODUCT,False
107,doors,I-PRODUCT,False
107,and,O,False
107,not,O,False
107,the,O,True
107,entire,I-PRODUCT,True
107,shower,I-PRODUCT,True
107,kit?,I-PRODUCT,True
108,Medicine,I-PRODUCT,False
108,cabinets,I-PRODUCT,False
108,with,O,False
108,no,O,False
108,mirror,I-ATTRIBUTE,True
109,I'm,O,False
109,looking,O,False
109,for,O,False
109,a,O,False
109,55,I-SIZE,False
109,inch,I-SIZE,False
109,vanity,I-PRODUCT,False
109,"top,",I-PRODUCT,False
109,which,O,False
109,is,O,False
109,not,O,False
109,a,O,True
109,regular,I-SIZE,True
109,size.,I-SIZE,True
109,Is,O,False
109,there,O,False
109,a,O,False
109,way,O,False
109,to,O,False
109,have,O,False
109,this,O,False
109,size?,O,False
110,I,O,False
110,need,O,False
110,a,O,False
110,"42""",I-SIZE,False
110,kitchen,I-PRODUCT,False
110,island.,I-PRODUCT,False
110,Do,O,False
110,you,O,False
110,have,O,False
110,any?,O,False
110,I,O,False
110,can't,O,False
110,find,O,True
110,them,O,True
110,on,O,True
110,the,O,True
110,website.,O,True
111,I,O,False
111,am,O,False
111,looking,O,False
111,for,O,False
111,a,O,False
111,black,I-COLOUR,False
111,glass,I-MATERIAL,False
111,shower,I-PRODUCT,False
111,tile.,I-PRODUCT,False
111,It,O,False
111,does,O,False
111,not,O,False
111,need,O,True
111,to,O,True
111,be,O,True
111,a,O,True
111,solid,I-COLOUR,True
111,"black,",I-COLOUR,True
111,can,O,False
111,have,O,False
111,accents,O,False
111,of,O,False
111,clear,I-COLOUR,False
111,or,O,False
111,silver,O,False
111,glass,O,False
111,tones,O,False
112,Medicine,I-PRODUCT,False
112,cabinet,I-PRODUCT,False
112,with,O,False
112,mirror,I-ATTRIBUTE,False
112,and,O,False
112,no,O,False
112,lights,I-ATTRIBUTE,True
113,We,O,False
113,are,O,False
113,looking,O,False
113,for,O,False
113,a,O,False
113,72,I-SIZE,False
113,inch,I-SIZE,False
113,soaker,I-PRODUCT,False
113,"tub,",I-PRODUCT,False
113,no,O,False
113,jets.,I-ATTRIBUTE,True
114,can,O,False
114,I,O,False
114,order,O,False
114,just,O,False
114,the,O,False
114,top,I-PRODUCT,False
114,and,O,False
114,not,O,False
114,the,O,True
114,cabinet?,I-PRODUCT,True
115,barbeque,I-PRODUCT,False
115,without,O,False
115,charcoal,I-ATTRIBUTE,False
116,Hi,O,False
116,"there,",O,False
116,I'm,O,False
116,interested,O,False
116,in,O,False
116,a,O,False
116,vanity.,I-PRODUCT,False
116,Am,O,False
116,I,O,False
116,able,O,False
116,to,O,False
116,purchase,O,False
116,without,O,False
116,the,O,True
116,sink,I-ATTRIBUTE,True
116,top?,I-ATTRIBUTE,True
117,Can,O,False
117,I,O,False
117,order,O,False
117,this,O,False
117,vessel,I-PRODUCT,False
117,sink,I-PRODUCT,False
117,without,O,False
117,the,O,True
117,attached,I-ATTRIBUTE,True
117,faucet,I-ATTRIBUTE,True
117,?,O,False
118,I'm,O,False
118,looking,O,False
118,for,O,False
118,a,O,False
118,"30""",I-SIZE,False
118,cabinet,I-PRODUCT,False
118,with,O,False
118,no,O,False
118,top,I-ATTRIBUTE,True
119,Looking,O,False
119,for,O,False
119,vanity,I-PRODUCT,False
119,but,O,False
119,sink,I-ATTRIBUTE,False
119,must,I-ATTRIBUTE,False
119,have,I-ATTRIBUTE,False
119,no,I-ATTRIBUTE,False
119,holes.,I-ATTRIBUTE,True
119,Faucet,I-ATTRIBUTE,False
119,in,I-ATTRIBUTE,False
119,on,I-ATTRIBUTE,False
119,wall,I-ATTRIBUTE,False
119,already,O,False
120,Hi.,O,False
120,I'm,O,False
120,looking,O,False
120,for,O,False
120,"36""",I-SIZE,False
120,vanity,I-PRODUCT,False
120,wall,I-ATTRIBUTE,False
120,mounted,I-ATTRIBUTE,False
120,black,I-COLOUR,False
120,or,O,False
120,white.,I-COLOUR,False
120,With,O,False
120,towel,I-ATTRIBUTE,False
120,storage,I-ATTRIBUTE,False
120,but,O,False
120,no,O,False
120,sinc,I-ATTRIBUTE,True
121,I,O,False
121,want,O,False
121,just,O,False
121,this,O,False
121,cabinet,I-PRODUCT,False
121,without,O,False
121,the,O,True
121,top,I-ATTRIBUTE,True
121,as,O,False
121,i,O,False
121,want,O,False
121,top,I-PRODUCT,False
121,mounted,I-PRODUCT,False
121,basins,I-PRODUCT,False
121,on,O,False
121,a,O,False
121,surface,O,False
121,matching,O,False
121,my,O,False
121,kitchen,O,False
122,Looking,O,False
122,for,O,False
122,a,O,False
122,pivot,I-PRODUCT,False
122,shower,I-PRODUCT,False
122,door,I-PRODUCT,False
122,in,O,False
122,black,I-COLOUR,False
122,to,O,False
122,fit,O,False
122,a,O,False
122,33,I-SIZE,False
122,inch,I-SIZE,False
122,opening,O,False
122,preferably,O,False
122,but,O,False
122,not,O,False
122,necessarily.,O,True
123,bathtub,I-PRODUCT,False
123,without,O,False
123,faucet?,I-ATTRIBUTE,True
124,Can,O,False
124,you,O,False
124,order,O,False
124,the,O,False
124,"59""",I-SIZE,False
124,bathrub,I-PRODUCT,False
124,without,O,False
124,the,O,True
124,faucet?,I-ATTRIBUTE,True
125,I,O,False
125,want,O,False
125,Grey,I-COLOUR,False
125,toilet,I-PRODUCT,False
125,not,O,False
125,assessceries,O,True
126,I,O,False
126,cannot,O,False
126,seem,O,True
126,to,O,True
126,sort,O,True
126,by,O,True
126,colour.,O,True
126,I,O,False
126,am,O,False
126,looking,O,False
126,for,O,False
126,a,O,False
126,cream,I-SIZE,False
126,"38""",I-SIZE,False
126,corner,I-PRODUCT,False
126,shower,I-PRODUCT,False
126,stall,I-PRODUCT,False
127,do,O,False
127,you,O,False
127,have,O,False
127,60,I-SIZE,False
127,Inch,I-SIZE,False
127,kitchen,I-PRODUCT,False
127,island,I-PRODUCT,False
127,with,O,False
127,quartz,I-ATTRIBUTE,False
127,top,I-PRODUCT,False
127,with,O,False
127,no,O,False
127,seatings,I-ATTRIBUTE,True
128,Frameless,I-ATTRIBUTE,False
128,beveled,I-ATTRIBUTE,False
128,mirror,I-PRODUCT,False
128,no,O,False
128,more,O,True
128,than,O,True
128,"29""x29""",I-SIZE,True
129,Bath,I-PRODUCT,False
129,tub,I-PRODUCT,False
129,without,O,False
129,texture,O,False
130,Looking,O,False
130,for,O,False
130,a,O,False
130,bathroom,I-PRODUCT,False
130,cabinet,I-PRODUCT,False
130,without,O,False
130,top,I-ATTRIBUTE,True
130,60,I-SIZE,True
130,inches,I-SIZE,False
131,Looking,O,False
131,for,O,False
131,a,O,False
131,medicine,I-PRODUCT,False
131,cabinet,I-PRODUCT,False
131,with,O,False
131,mirror,I-ATTRIBUTE,False
131,front,I-ATTRIBUTE,False
131,not,O,False
131,Recessed,O,True
131,that,O,True
131,would,O,True
131,fit,O,True
131,50,I-SIZE,True
131,inch,I-SIZE,True
131,wide,I-SIZE,True
131,39,I-SIZE,False
131,inch,I-SIZE,False
131,tall,O,False
131,the,O,False
131,best,O,False
132,I,O,False
132,need,O,False
132,a,O,False
132,"60""",I-SIZE,False
132,vanity,I-PRODUCT,False
132,with,O,False
132,a,O,False
132,sink,I-ATTRIBUTE,False
132,that's,I-ATTRIBUTE,False
132,offset,I-ATTRIBUTE,False
132,to,O,False
132,the,O,False
132,right,O,False
132,-,O,False
132,not,O,False
132,centred,O,True
133,I,O,False
133,am,O,False
133,looking,O,False
133,for,O,False
133,a,O,False
133,37,I-SIZE,False
133,inch,I-SIZE,False
133,bathroom,I-PRODUCT,False
133,cabinet,I-PRODUCT,False
133,without,O,False
133,a,O,True
133,top,I-ATTRIBUTE,True
133,or,O,True
133,sink,O,True
133,because,O,False
133,I,O,False
133,have,O,False
133,one.,O,False
133,Do,O,False
133,you,O,False
133,have,O,False
133,anything,O,False
133,in,O,False
133,stock?,O,False
134,I'm,O,False
134,looking,O,False
134,for,O,False
134,a,O,False
134,mirror,I-PRODUCT,False
134,without,O,False
134,a,O,True
134,fram,I-ATTRIBUTE,True
134,40,I-SIZE,True
134,inches,I-SIZE,True
134,x,I-SIZE,True
134,60,I-SIZE,True
134,inches,I-SIZE,True
135,I,O,False
135,am,O,False
135,looking,O,False
135,for,O,False
135,a,O,False
135,kitchen,I-PRODUCT,False
135,faucet,I-PRODUCT,False
135,in,O,False
135,Stainless,I-ATTRIBUTE,False
135,Steel.,I-ATTRIBUTE,False
135,Do,O,False
135,you,O,False
135,have,O,False
135,in,O,False
135,stock,O,False
135,na,O,False
135,did,O,False
135,not,O,False
135,what,O,True
135,would,O,True
135,be,O,True
135,turn,O,True
135,around,O,True
135,time,O,True
135,and,O,True
135,pricing.,O,True
135,Thanks,O,False
136,Hi,O,False
136,looking,O,False
136,for,O,False
136,a,O,False
136,24,I-SIZE,False
136,inch,I-SIZE,False
136,vanity,I-PRODUCT,False
136,top,I-PRODUCT,False
136,and,I-PRODUCT,False
136,"sink,",I-PRODUCT,False
136,no,O,False
136,base,I-ATTRIBUTE,True
137,Bathroom,I-PRODUCT,False
137,vanities,I-PRODUCT,False
137,no,O,False
137,countertop,I-ATTRIBUTE,True
138,I,O,False
138,don't,O,False
138,want,O,True
138,double,O,True
138,"sink,",O,True
138,I,O,False
138,want,O,False
138,a,O,False
138,rectangle,I-ATTRIBUTE,False
138,sink,I-ATTRIBUTE,False
139,Looking,O,False
139,for,O,False
139,a,O,False
139,30,I-SIZE,False
139,inch,I-SIZE,False
139,bathroom,I-PRODUCT,False
139,vanity,I-PRODUCT,False
139,not,O,False
139,"55""",I-SIZE,True
140,I,O,False
140,am,O,False
140,looking,O,False
140,for,O,False
140,a,O,False
140,30,I-SIZE,False
140,inch,I-SIZE,False
140,bathroom,I-PRODUCT,False
140,shelf,I-PRODUCT,False
140,not,O,False
140,wall,I-ATTRIBUTE,True
140,mounted,I-ATTRIBUTE,True
141,Wall,I-ATTRIBUTE,False
141,mount,I-PRODUCT,False
141,rectangular,I-PRODUCT,False
141,sink,I-PRODUCT,False
141,without,O,False
141,a,O,True
141,faucet,I-ATTRIBUTE,True
141,hole,I-ATTRIBUTE,True
142,Grey,I-COLOUR,False
142,toilet,I-PRODUCT,False
142,not,O,False
142,toilet,I-PRODUCT,True
142,brush,I-PRODUCT,False
143,Good,O,False
143,morning.,O,False
143,We,O,False
143,are,O,False
143,looking,O,False
143,for,O,False
143,chrome,I-PRODUCT,False
143,shower,I-PRODUCT,False
143,head,I-PRODUCT,False
143,with,O,False
143,high,I-ATTRIBUTE,False
143,pressure,I-ATTRIBUTE,False
143,-,I-ATTRIBUTE,False
143,simple,I-ATTRIBUTE,False
143,no,O,False
143,bells,I-ATTRIBUTE,True
143,and,O,False
143,whistles,O,False
143,just,O,False
143,good,O,False
143,pressure,O,False
144,can,O,False
144,you,O,False
144,help,O,False
144,me,O,False
144,find,O,False
144,a,O,False
144,pharmacy,I-PRODUCT,False
144,without,O,False
144,a,O,True
144,mirror,I-ATTRIBUTE,True
144,"18-20""",I-SIZE,False
144,wide?,I-SIZE,False
145,Looking,O,False
145,for,O,False
145,a,O,False
145,double,I-ATTRIBUTE,False
145,sink,I-PRODUCT,False
145,in,O,False
145,black,I-COLOUR,False
145,that,O,False
145,is,O,False
145,no,O,False
145,more,O,True
145,than,O,True
145,"23""",I-SIZE,True
145,wide.,I-SIZE,True
145,Does,O,False
145,this,O,False
145,exist?,O,False
146,I,O,False
146,am,O,False
146,looking,O,False
146,for,O,False
146,a,O,False
146,toilet,I-PRODUCT,False
146,seat,I-PRODUCT,False
146,without,O,False
146,undermounted,I-ATTRIBUTE,True
146,hinges,I-ATTRIBUTE,True
146,for,O,True
146,a,O,True
146,one,O,True
146,piece,I-ATTRIBUTE,False
146,toilet,I-ATTRIBUTE,False
147,Do,O,False
147,you,O,False
147,have,O,False
147,mirror,I-PRODUCT,False
147,medicine,I-PRODUCT,False
147,cabinet,I-PRODUCT,False
147,without,O,False
147,led,O,False
148,Do,O,False
148,you,O,False
148,have,O,False
148,shower,I-PRODUCT,False
148,panels,I-PRODUCT,False
148,that,O,False
148,aren't,O,False
148,see,O,True
148,through?,O,True
148,Like,O,False
148,frosted,O,False
148,glass,I-MATERIAL,False
149,I,O,False
149,don't,O,False
149,need,O,True
149,a,O,True
149,vanity,I-PRODUCT,True
149,just,O,True
149,the,O,True
149,quartz,I-PRODUCT,True
149,top,I-PRODUCT,True
149,with,O,True
149,built,I-ATTRIBUTE,True
149,in,I-ATTRIBUTE,True
149,sink,I-ATTRIBUTE,True
150,"Hi,",O,False
150,I,O,False
150,was,O,False
150,looking,O,False
150,a,O,False
150,free,I-ATTRIBUTE,False
150,standing,I-ATTRIBUTE,False
150,tub,I-PRODUCT,False
150,yesterday,I-PRODUCT,False
150,for,O,False
150,$650,I-SIZE,False
150,",",O,False
150,it,O,False
150,was,O,False
150,on,O,False
150,for,O,False
150,50%,O,False
150,off.,O,False
150,I,O,False
150,don't,O,False
150,see,O,True
150,it,O,True
150,"now,",O,True
150,is,O,False
150,it,O,False
150,still,O,False
150,on,O,True
150,sale,O,True
150,?,O,False
151,Looking,O,False
151,for,O,False
151,a,O,False
151,large,O,False
151,free,O,False
151,standing,O,False
151,tub...,O,False
151,not,O,False
151,acrylic,O,True
151,or,O,True
151,fiberglass,I-ATTRIBUTE,True
152,i,O,False
152,don't,O,False
152,want,O,True
152,a,O,True
152,complete,I-PRODUCT,True
152,vanity,I-PRODUCT,True
152,just,O,True
152,the,O,True
152,top,I-PRODUCT,True
153,Hi,O,False
153,..,O,False
153,never,O,False
153,been,O,True
153,to,O,True
153,your,O,True
153,store,O,True
153,",looking",O,False
153,for,O,True
153,vinyl,O,True
153,wardrobes,O,False
153,do,O,False
153,not,O,False
153,know,O,True
153,if,O,True
153,you,O,True
153,carry,O,True
153,those,O,True
153,..,O,False
153,thanks,O,False
154,Thank,O,False
154,you,O,False
154,very,O,False
154,much,O,False
154,I'm,O,False
154,looking,O,False
154,for,O,False
154,a,O,False
154,shower,I-PRODUCT,False
154,stall,I-PRODUCT,False
154,kit,I-PRODUCT,False
154,that,O,False
154,is,O,False
154,not,O,False
154,priced,O,True
154,to,O,True
154,high,O,True
154,it's,O,False
154,for,O,True
154,a,O,True
154,basement,O,False
155,t-shirt,I-PRODUCT,False
155,without,O,False
155,logo,I-ATTRIBUTE,False
156,Shower,I-PRODUCT,False
156,door,I-PRODUCT,False
156,no,O,False
156,side,I-ATTRIBUTE,True
156,panels,I-ATTRIBUTE,True
157,I,O,False
157,am,O,False
157,looking,O,False
157,for,O,False
157,a,O,False
157,heated,I-ATTRIBUTE,False
157,air,I-ATTRIBUTE,False
157,and,O,False
157,water,I-ATTRIBUTE,False
157,jetted,I-ATTRIBUTE,False
157,tub.,I-ATTRIBUTE,False
158,bathub,I-PRODUCT,False
158,with,O,False
158,jets,O,False
159,"Hello,",O,False
159,what,O,False
159,is,O,False
159,the,O,False
159,biggest,O,False
159,blade,O,False
159,on,O,False
159,a,O,False
159,shower,I-PRODUCT,False
159,squeegee,I-PRODUCT,False
159,that,O,False
159,you,O,False
159,carry??,O,False
160,looking,O,False
160,for,O,False
160,a,O,False
160,bathtub,I-PRODUCT,False
160,left,I-PRODUCT,False
160,hand,O,False
160,drain,O,False
160,but,O,False
160,square,O,False
160,not,O,False
160,oval,O,True
161,Do,O,False
161,you,O,False
161,sell,O,False
161,a,O,False
161,tub,I-PRODUCT,False
161,shower,I-PRODUCT,False
161,faucet,I-PRODUCT,False
161,set,I-PRODUCT,False
161,that,O,False
161,does,O,False
161,not,O,False
161,have,O,True
161,the,O,True
161,anti,O,True
161,scald,O,True
161,feature?,O,True
162,What,O,False
162,rectangular,I-PRODUCT,False
162,shower,I-PRODUCT,False
162,units,I-PRODUCT,False
162,are,O,False
162,available?,O,False
163,I,O,False
163,am,O,False
163,looking,O,False
163,for,O,False
163,a,O,False
163,35,I-SIZE,False
163,inch,I-SIZE,False
163,bathroom,I-PRODUCT,False
163,sink,I-PRODUCT,False
163,countertop,I-PRODUCT,False
163,with,O,False
163,sink,I-ATTRIBUTE,False
164,I'm,O,False
164,looking,O,False
164,f,O,False
164,or,O,False
164,a,O,False
164,Black,I-COLOUR,False
164,Matte,I-PRODUCT,False
164,bathtub,I-PRODUCT,False
164,double,O,False
164,sliding,O,False
164,door,O,False
165,Need,O,False
165,a,O,False
165,27,I-SIZE,False
165,inch,I-SIZE,False
165,frameless,I-ATTRIBUTE,False
165,shower,I-PRODUCT,False
165,door,I-PRODUCT,False
166,Looking,O,False
166,for,O,False
166,30,I-SIZE,False
166,inch,I-SIZE,False
166,white,I-COLOUR,False
166,desk,I-PRODUCT,False
166,set,I-PRODUCT,False
