Sentence_Index,Tokens,Predicted_NER_Tags
0,I,O
0,am,O
0,looking,O
0,for,O
0,a,O
0,black,I-COLOUR
0,gloss,I-SIZE
0,33,I-SIZE
0,inch,I-SIZE
0,fireclay,I-ATTRIBUTE
0,apron,I-ATTRIBUTE
0,sink,I-ATTRIBUTE
1,Looking,O
1,for,O
1,pre,I-PRODUCT
1,workout,I-PRODUCT
1,Pump,I-PRODUCT
1,addict,I-PRODUCT
1,instead,O
1,of,O
1,Karbolyn,O
1,Hydrate,O
1,Wich,O
1,one,O
1,is,O
1,better?,O
2,i,O
2,need,O
2,a,O
2,48,I-SIZE
2,inch,I-SIZE
2,glass,I-MATERIAL
2,sliding,I-ATTRIBUTE
2,goof,I-ATTRIBUTE
2,and,O
2,a,O
2,shower,I-PRODUCT
2,pan,I-PRODUCT
2,system,I-PRODUCT
2,for,O
2,500.99,I-SIZE
2,or,O
2,less,O
3,"Hello,",O
3,do,O
3,any,O
3,of,O
3,your,O
3,free,O
3,standing,O
3,tubs,O
3,have,O
3,a,O
3,matte,I-COLOUR
3,white,I-COLOUR
3,finish,I-ATTRIBUTE
3,instead,O
3,of,O
3,a,O
3,glossy,I-ATTRIBUTE
3,finish?,I-ATTRIBUTE
4,I'm,O
4,looking,O
4,for,O
4,a,O
4,24,I-SIZE
4,inch,I-SIZE
4,white,I-COLOUR
4,mirror,I-PRODUCT
4,that,O
4,is,O
4,freestanding,I-ATTRIBUTE
4,and,O
4,reasonably,O
4,priced.,O
5,Does,O
5,the,O
5,linen,O
5,add,O
5,cotton,I-PRODUCT
5,duvet,I-PRODUCT
5,cover,I-PRODUCT
5,come,O
5,in,O
5,King?,O
5,I,O
5,saw,O
5,it,O
5,in,O
5,the,O
5,store,O
5,but,O
5,I,O
5,don't,O
5,see,O
5,the,O
5,king,O
5,size,O
5,online,O
5,?,O
6,Hi,O
6,there.,O
6,I'm,O
6,looking,O
6,to,O
6,buy,O
6,some,O
6,throw,I-PRODUCT
6,blankets.,I-PRODUCT
6,Your,O
6,website,O
6,states,O
6,that,O
6,the,O
6,underside,I-ATTRIBUTE
6,of,O
6,the,O
6,Boucle,I-ATTRIBUTE
6,wool-like,I-ATTRIBUTE
6,throw,O
6,is,O
6,very,O
6,soft.,O
6,I,O
6,would,O
6,like,O
6,to,O
6,know,O
6,if,O
6,the,O
6,wool-like,O
6,top,O
6,side,O
6,is,O
6,soft,O
6,as,O
6,"well,",O
6,or,O
6,if,O
6,it,O
6,is,O
6,scratchy.,O
6,I,O
6,have,O
6,hypersensitive,O
6,skin,O
6,and,O
6,need,O
6,a,O
6,blanket,I-ATTRIBUTE
6,that,O
6,will,O
6,not,O
6,irritate,O
6,me.,O
6,Thanks.,O
7,Long,O
7,Sherpa,I-PRODUCT
7,jacket,I-PRODUCT
7,dark,I-PRODUCT
7,brown,I-PRODUCT
7,why,O
7,can't,O
7,I,O
7,find,O
7,it?,O
8,Hello.,O
8,I'm,O
8,looking,O
8,for,O
8,a,O
8,soft,O
8,Open,O
8,face,O
8,cardigan,O
8,w,O
8,no,O
8,buttons.,I-ATTRIBUTE
9,hi,O
9,do,O
9,you,O
9,carry,O
9,any,O
9,oval,O
9,tubs,O
9,in,O
9,a,O
9,matte,I-COLOUR
9,white,I-COLOUR
9,finish,I-COLOUR
9,or,O
9,not,O
9,too,O
9,much,O
9,of,O
9,gloss?,O
9,i,O
9,know,O
9,they,O
9,make,O
9,solid,O
9,surface,O
9,but,O
9,higher,O
9,prices.,O
9,thank,O
9,you,O
10,Do,O
10,you,O
10,not,O
10,have,O
10,alcove,I-PRODUCT
10,shower,I-PRODUCT
10,walls?,I-PRODUCT
11,Hi,O
11,I'm,O
11,considering,O
11,a,O
11,bathtub,I-PRODUCT
11,swivel,I-PRODUCT
11,panel.,I-PRODUCT
11,I,O
11,assume,O
11,it,O
11,doesn't,O
11,matter,O
11,which,O
11,way,O
11,the,O
11,bathtub,O
11,is,O
11,facing?,O
12,looking,O
12,for,O
12,a,O
12,alcove,I-PRODUCT
12,shower,I-PRODUCT
12,base,I-PRODUCT
12,.,O
12,not,O
12,so,O
12,much,O
12,$,O
12,lol,O
13,Do,O
13,you,O
13,have,O
13,a,O
13,vanity,I-PRODUCT
13,tops,O
13,or,O
13,wall,I-ATTRIBUTE
13,mount,I-ATTRIBUTE
13,sink,I-PRODUCT
13,without,O
13,faucet,I-ATTRIBUTE
13,holes?,I-ATTRIBUTE
14,Hi!!,O
14,I'm,O
14,looking,O
14,for,O
14,a,O
14,"60""",I-SIZE
14,wide,I-SIZE
14,tub,I-PRODUCT
14,but,O
14,a,O
14,soaker,I-PRODUCT
14,type,I-PRODUCT
14,thats,I-PRODUCT
14,deeper,I-PRODUCT
14,than,O
14,a,O
14,regular,O
14,tub,O
14,do,O
14,you,O
14,have,O
14,this,O
14,type?,O
14,I,O
14,don't,O
14,see,O
14,anything,O
14,deep,O
14,enough,O
14,on,O
14,your,O
14,site,O
15,Ok,O
15,thanks.,O
15,I'm,O
15,looking,O
15,for,O
15,a,O
15,pure,O
15,white,O
15,alcove,O
15,"bathtub,",O
15,not,O
15,American,O
15,standard,I-ATTRIBUTE
15,or,O
15,any,O
15,off,O
15,whites.,O
15,Is,O
15,there,O
15,one,O
15,you,O
15,could,O
15,recommend,O
16,"Hi,",O
16,Do,O
16,you,O
16,have,O
16,a,O
16,navy,O
16,mirror,O
16,size,I-SIZE
16,60x31.,I-SIZE
16,You,O
16,have,O
16,it,O
16,for,O
16,the,O
16,gold,O
16,and,O
16,black,O
16,but,O
16,i,O
16,don't,O
16,want,O
16,it,O
16,for,O
16,the,O
16,navy.,O
17,"Hi,",O
17,I,O
17,am,O
17,looking,O
17,for,O
17,a,O
17,floating,I-ATTRIBUTE
17,vanity,I-PRODUCT
17,with,O
17,integrated,I-ATTRIBUTE
17,sink,I-ATTRIBUTE
17,&,I-ATTRIBUTE
17,counter,I-PRODUCT
17,top,I-PRODUCT
17,with,O
17,no,O
17,drill,I-ATTRIBUTE
17,holes,O
17,for,O
17,the,O
17,faucet,I-PRODUCT
17,as,O
17,our,O
17,faucets,O
17,are,O
17,wall,I-ATTRIBUTE
17,mounted.,I-ATTRIBUTE
17,Do,O
17,you,O
17,sell,O
17,theM,O
18,I,O
18,am,O
18,looking,O
18,for,O
18,soaker,I-PRODUCT
18,tub,I-PRODUCT
18,but,O
18,do,O
18,not,O
18,want,O
18,stand,O
18,alone.,O
18,I,O
18,am,O
18,replacing,O
18,my,O
18,oval,O
18,jacuzzi,O
19,Where,O
19,is,O
19,the,O
19,mirror,O
19,on,O
19,here.,O
19,I,O
19,don't,O
19,want,O
19,linen,I-PRODUCT
19,cabinet,I-PRODUCT
20,"Hello,",O
20,I,O
20,need,O
20,a,O
20,standup,I-ATTRIBUTE
20,shower,I-PRODUCT
20,door,I-PRODUCT
20,"only,",O
20,no,O
20,side,I-ATTRIBUTE
20,panels.,I-ATTRIBUTE
20,41,I-SIZE
20,inches,I-SIZE
20,wide,I-SIZE
21,I'm,O
21,looking,O
21,for,O
21,a,O
21,double,I-ATTRIBUTE
21,sink,I-PRODUCT
21,kitchen,I-PRODUCT
21,close,O
21,to,O
21,52,I-SIZE
21,inches,I-SIZE
21,no,O
21,bigger,I-SIZE
21,with,O
21,countertop,I-ATTRIBUTE
22,I'm,O
22,looking,O
22,for,O
22,bypass,O
22,shower,I-PRODUCT
22,doors,I-PRODUCT
22,in,O
22,chrome,I-MATERIAL
22,with,O
22,clear,I-MATERIAL
22,glass.,I-MATERIAL
22,The,O
22,opening,O
22,would,O
22,be,O
22,for,O
22,a,O
22,"59""",I-SIZE
22,width,I-SIZE
22,and,O
22,the,O
22,height,I-SIZE
22,I'm,O
22,looking,O
22,for,O
22,is,O
22,"76"".",I-SIZE
22,I,O
22,don't,O
22,want,O
22,any,O
22,rubber,I-MATERIAL
22,seals,I-ATTRIBUTE
22,around,O
22,the,O
22,glass,I-MATERIAL
22,doors.,O
23,I,O
23,am,O
23,looking,O
23,at,O
23,the,O
23,"34""x34""",I-SIZE
23,shower,I-PRODUCT
23,kit,I-PRODUCT
23,with,O
23,"door,",I-ATTRIBUTE
23,"walls,",I-ATTRIBUTE
23,base,I-ATTRIBUTE
23,and,O
23,glass,I-MATERIAL
23,shelves.,I-ATTRIBUTE
24,Can,O
24,the,O
24,"2""",I-SIZE
24,"backsplash,",I-ATTRIBUTE
24,on,O
24,the,O
24,"60""",I-SIZE
24,single,I-PRODUCT
24,sink,I-PRODUCT
24,"countertop,",I-PRODUCT
24,be,O
24,removed?,O
24,Or,O
24,is,O
24,the,O
24,counter,I-PRODUCT
24,and,O
24,backsplash,I-ATTRIBUTE
24,one,O
24,piece?,O
24,If,O
24,"so,",O
24,do,O
24,you,O
24,have,O
24,a,O
24,single,I-PRODUCT
24,"sink,",I-PRODUCT
24,white,I-COLOUR
24,"60""",I-SIZE
24,vanity,I-PRODUCT
24,with,O
24,no,O
24,backsplash,I-ATTRIBUTE
24,piece?,I-ATTRIBUTE
25,We're,O
25,looking,O
25,for,O
25,a,O
25,60,I-SIZE
25,inch,I-SIZE
25,left,I-ATTRIBUTE
25,drain,I-ATTRIBUTE
25,alcove,I-ATTRIBUTE
25,tub,I-PRODUCT
25,which,O
25,is,O
25,a,O
25,soaker,I-ATTRIBUTE
25,tub,I-PRODUCT
25,with,O
25,no,O
25,more,O
25,than,O
25,"15""",I-SIZE
25,height.,I-SIZE
25,In,O
25,white.,O
26,just,O
26,need,O
26,glass,I-MATERIAL
26,doors,I-PRODUCT
26,no,O
26,end,I-ATTRIBUTE
26,glass,I-ATTRIBUTE
27,Do,O
27,you,O
27,have,O
27,Chrome,I-MATERIAL
27,column-style,I-SHAPE
27,showerhead,I-PRODUCT
27,with,O
27,body,I-ATTRIBUTE
27,jets,I-ATTRIBUTE
27,and,O
27,rain,I-ATTRIBUTE
27,showerhead,I-ATTRIBUTE
28,i,O
28,live,O
28,in,O
28,__location__,O
28,and,O
28,i,O
28,am,O
28,looking,O
28,for,O
28,an,O
28,acrylic,I-MATERIAL
28,(,O
28,preference,O
28,),O
28,or,O
28,fibreglass,I-MATERIAL
28,shower,I-PRODUCT
28,base.,I-PRODUCT
28,I,O
28,need,O
28,a,O
28,50,I-SIZE
28,inch,I-SIZE
28,wide,I-SIZE
28,by,O
28,34,I-SIZE
28,inch,I-SIZE
28,deep,I-SIZE
28,with,O
28,a,O
28,5,I-SIZE
28,inch,I-SIZE
28,single,I-ATTRIBUTE
28,threshold,I-ATTRIBUTE
29,Looking,O
29,for,O
29,a,O
29,tub/shower,I-PRODUCT
29,righthand,I-ATTRIBUTE
29,and,O
29,one,O
29,"lefthand,",I-ATTRIBUTE
29,what,O
29,are,O
29,my,O
29,options?,O
30,I,O
30,am,O
30,looking,O
30,for,O
30,a,O
30,freestanding,I-ATTRIBUTE
30,tub,I-PRODUCT
30,with,O
30,a,O
30,bathing,I-ATTRIBUTE
30,well,I-ATTRIBUTE
30,bottom,I-ATTRIBUTE
30,length,I-SIZE
30,of,I-SIZE
30,45,I-SIZE
30,inches,I-SIZE
30,minimum,O
31,I'm,O
31,looking,O
31,for,O
31,a,O
31,round,I-SHAPE
31,shower,I-PRODUCT
31,around,O
31,73,I-SIZE
31,inches,I-SIZE
31,high,I-SIZE
32,I'm,O
32,looking,O
32,to,O
32,buy,O
32,a,O
32,"42""",I-SIZE
32,gazebo,I-PRODUCT
32,with,O
32,no,O
32,more,O
32,than,O
32,"21""",I-SIZE
32,depth,I-SIZE
33,Do,O
33,you,O
33,have,O
33,shelves,I-PRODUCT
33,that,O
33,mount,O
33,to,O
33,a,O
33,"wall,",O
33,no,O
33,screw,I-ATTRIBUTE
33,30,I-SIZE
33,inches,I-SIZE
34,__brand__,I-PRODUCT
34,bathtub,I-PRODUCT
34,58,I-SIZE
34,in.,I-SIZE
34,x,O
34,5,I-SIZE
34,in.,I-SIZE
34,4-Jet,I-ATTRIBUTE
34,High,I-ATTRIBUTE
34,Pressure,I-ATTRIBUTE
34,Shower,I-PRODUCT
34,Panel,I-PRODUCT
34,System,I-PRODUCT
34,with,O
34,Square,I-ATTRIBUTE
34,Rain,I-ATTRIBUTE
34,Shower,I-ATTRIBUTE
34,Head,I-ATTRIBUTE
34,and,O
34,Tub,I-ATTRIBUTE
34,Filler,I-ATTRIBUTE
34,in,O
34,Matte,I-TEXTURE
34,Black,I-COLOUR
34,Model,O
35,"Yes,",O
35,I,O
35,bought,O
35,a,O
35,tub,I-PRODUCT
35,from,O
35,"you,",O
35,I,O
35,am,O
35,looking,O
35,for,O
35,a,O
35,adjustable,I-ATTRIBUTE
35,screw,I-PRODUCT
35,that,O
35,attaches,O
35,to,O
35,the,O
35,plug.,O
36,I'm,O
36,looking,O
36,for,O
36,a,O
36,60,I-SIZE
36,inch,I-SIZE
36,white,I-COLOUR
36,bathtub,I-PRODUCT
36,that,O
36,is,O
36,freestanding,I-ATTRIBUTE
36,and,O
36,reasonably,I-PRICE
36,priced,I-PRICE
37,i'm,O
37,looking,O
37,for,O
37,unflavored,I-ATTRIBUTE
37,mass,I-PRODUCT
37,gainer,I-PRODUCT
37,protein,I-PRODUCT
38,Do,O
38,you,O
38,have,O
38,a,O
38,wall,I-ATTRIBUTE
38,mount,I-ATTRIBUTE
38,sink,I-PRODUCT
38,without,O
38,a,O
38,faucet,I-ATTRIBUTE
38,hole,I-ATTRIBUTE
39,Just,O
39,shower,I-PRODUCT
39,base,I-PRODUCT
39,without,O
39,walls,I-ATTRIBUTE
40,I'm,O
40,looking,O
40,for,O
40,a,O
40,shower,I-PRODUCT
40,"unit,",I-PRODUCT
40,"60""",I-SIZE
40,wide,I-SIZE
40,by,O
40,"42""",I-SIZE
40,"deep,",I-SIZE
40,with,O
40,no,O
40,seat,I-ATTRIBUTE
40,and,O
40,no,O
40,top,I-ATTRIBUTE
41,luggage,I-PRODUCT
41,without,O
41,wheels,I-ATTRIBUTE
42,I,O
42,found,O
42,a,O
42,vanity,I-PRODUCT
42,top,I-PRODUCT
42,I,O
42,love,O
42,but,O
42,it,O
42,has,O
42,only,O
42,one,O
42,hole,O
42,for,O
42,taps,O
42,and,O
42,that,O
42,doesn't,O
42,suit,O
42,our,O
42,needs,O
43,curbless,I-ATTRIBUTE
43,shower,I-PRODUCT
44,Walk,I-ATTRIBUTE
44,in,I-ATTRIBUTE
44,tubs,I-PRODUCT
44,for,O
44,seniors,I-ATTRIBUTE
45,I,O
45,am,O
45,looking,O
45,for,O
45,a,O
45,shower,I-PRODUCT
45,door,I-PRODUCT
45,about,O
45,30,I-SIZE
45,inches,I-SIZE
46,I,O
46,need,O
46,a,O
46,toilet,I-PRODUCT
46,that,O
46,is,O
46,only,O
46,28,I-SIZE
46,inches,I-SIZE
46,high,I-SIZE
47,"Hi,",O
47,I,O
47,am,O
47,looking,O
47,for,O
47,bathroom,I-PRODUCT
47,LED,I-PRODUCT
47,mirrors,I-PRODUCT
47,that,O
47,are,O
47,24,I-SIZE
47,inch.,I-SIZE
47,That,O
47,are,O
47,hard,I-ATTRIBUTE
47,wired,I-ATTRIBUTE
47,and,O
47,can,O
47,be,O
47,turned,O
47,on,O
47,from,O
47,the,O
47,mirror,O
48,Denim,I-MATERIAL
48,skirts?,I-PRODUCT
49,touch,O
49,of,O
49,linen,I-MATERIAL
49,buttoned,I-ATTRIBUTE
49,skirt,I-PRODUCT
49,in,O
49,patterned,I-COLOUR
49,white,I-COLOUR
49,colour,I-COLOUR
50,Base,I-PRODUCT
50,cabinet,I-PRODUCT
50,42,I-SIZE
50,inches,I-SIZE
50,long,I-SIZE
51,Do,O
51,you,O
51,have,O
51,the,O
51,sweater,I-PRODUCT
51,in,O
51,medium?,I-SIZE
52,Hi.,O
52,Do,O
52,you,O
52,have,O
52,sheer,I-PRODUCT
52,curtains,I-PRODUCT
52,which,O
52,I,O
52,can,O
52,place,O
52,on,O
52,hooks,I-ATTRIBUTE
52,instead,O
52,of,O
52,a,O
52,rod,I-ATTRIBUTE
53,Looking,O
53,for,O
53,Grey,I-COLOUR
53,drapery,I-PRODUCT
53,panels,I-PRODUCT
53,10,I-SIZE
53,feet,I-SIZE
53,in,I-SIZE
53,length,I-SIZE
54,twik,O
54,white,I-COLOUR
54,sleeveless,I-ATTRIBUTE
54,button,I-ATTRIBUTE
54,closure,I-ATTRIBUTE
54,top,I-PRODUCT
55,Do,O
55,you,O
55,have,O
55,waterproof,I-ATTRIBUTE
55,queen,I-SIZE
55,size,I-SIZE
55,mattress,I-PRODUCT
55,protectors,I-PRODUCT
55,for,O
55,over,O
55,18,I-SIZE
55,inch,I-SIZE
55,mattresses?,O
56,Looking,O
56,for,O
56,Mercerized,O
56,cotton,I-MATERIAL
56,high-performance,I-ATTRIBUTE
56,T-shirt,I-PRODUCT
56,in,O
56,size,I-SIZE
56,medium,I-SIZE
57,Are,O
57,the,O
57,round,I-ATTRIBUTE
57,velvet,I-MATERIAL
57,floor,I-PRODUCT
57,cushions,I-PRODUCT
57,available,O
57,in,O
57,store?,O
58,I,O
58,would,O
58,like,O
58,the,O
58,sweater,I-PRODUCT
58,as,O
58,well,O
58,as,O
58,the,O
58,icons,I-PRODUCT
58,pencil,I-PRODUCT
58,skirt,I-PRODUCT
58,in,O
58,green,I-COLOUR
59,Sleeveless,I-ATTRIBUTE
59,sweater,I-PRODUCT
60,Unflavored,I-ATTRIBUTE
60,unsweetened,I-ATTRIBUTE
61,do,O
61,you,O
61,have,O
61,the,O
61,stainless,I-MATERIAL
61,steel,I-MATERIAL
61,shaker,I-PRODUCT
61,cups,I-PRODUCT
62,I,O
62,am,O
62,looking,O
62,for,O
62,flavor,I-PRODUCT
62,powders,I-PRODUCT
62,which,O
62,I,O
62,can,O
62,use,O
62,in,O
62,yoghurts,O
62,for,O
62,example,O
63,"Hi,",O
63,do,O
63,you,O
63,sell,O
63,fingerless,I-ATTRIBUTE
63,gloves,I-PRODUCT
63,please,I-PRODUCT
64,Need,O
64,an,O
64,inexpensive,I-PRICE
64,thermostatic,I-PRODUCT
64,shower,I-PRODUCT
64,set,I-PRODUCT
64,with,O
64,an,O
64,extra,I-ATTRIBUTE
64,outlet,I-ATTRIBUTE
64,for,O
64,bidet.,O
64,Can,O
64,you,O
64,suggest,O
64,a,O
64,couple.,O
65,"hi,",O
65,can,O
65,I,O
65,put,O
65,a,O
65,tankless,I-ATTRIBUTE
65,toilet,I-PRODUCT
65,into,O
65,a,O
65,"2""x",I-SIZE
65,"4""",I-SIZE
65,wall?,I-SIZE
66,I,O
66,am,O
66,looking,O
66,for,O
66,a,O
66,left,I-ATTRIBUTE
66,offset,I-ATTRIBUTE
66,vanity,I-PRODUCT
66,set,I-PRODUCT
66,up,O
66,to,O
66,48,I-SIZE
66,inches,I-SIZE
66,"wide,",I-SIZE
66,"white,",I-COLOUR
66,brushed,I-ATTRIBUTE
66,nickel,I-ATTRIBUTE
66,hardware,I-ATTRIBUTE
67,seamless,I-ATTRIBUTE
67,undermount,I-PRODUCT
68,Touchless,I-ATTRIBUTE
68,kitchen,I-PRODUCT
68,faucet,I-PRODUCT
69,Looking,O
69,for,O
69,bowl,I-PRODUCT
69,with,O
69,pattern,I-ATTRIBUTE
69,LESS,O
69,than,O
69,5,I-SIZE
69,inches,I-SIZE
69,deep.,I-SIZE
69,Can,O
69,be,O
69,7,I-SIZE
69,inches,I-SIZE
69,wide,I-SIZE
70,Looking,O
70,shower,I-PRODUCT
70,door,I-PRODUCT
70,frameless,I-ATTRIBUTE
70,of,O
70,60,I-SIZE
70,inch,I-SIZE
70,standing,I-ATTRIBUTE
70,shower,I-PRODUCT
71,Do,O
71,you,O
71,sell,O
71,beige,I-COLOUR
71,toilets.,I-PRODUCT
71,Bone,I-COLOUR
71,and,O
71,buscuit,I-COLOUR
71,are,O
71,too,O
71,light,O
71,in,O
71,colour,O
72,We're,O
72,looking,O
72,for,O
72,a,O
72,shower,I-PRODUCT
72,door,I-PRODUCT
72,set,I-PRODUCT
72,greater,O
72,than,O
72,70,I-SIZE
72,inches,I-SIZE
72,wide,I-SIZE
73,18,I-SIZE
73,inch,I-SIZE
73,deep,I-SIZE
73,by,O
73,36,I-SIZE
73,inches,I-SIZE
73,long,I-SIZE
73,brown,I-COLOUR
73,freestanding,I-ATTRIBUTE
73,vanity,I-PRODUCT
74,Looking,O
74,for,O
74,a,O
74,36,I-SIZE
74,inch,I-SIZE
74,vanity,I-PRODUCT
74,with,O
74,granite,I-MATERIAL
74,top,I-ATTRIBUTE
75,I,O
75,am,O
75,looking,O
75,for,O
75,bathroom,I-PRODUCT
75,mirrors,I-PRODUCT
75,black,I-COLOUR
75,framed,I-ATTRIBUTE
75,in,O
75,rectangular,I-SHAPE
75,and,O
75,oval,I-SHAPE
76,looking,O
76,at,O
76,36,I-SIZE
76,inch,I-SIZE
76,medicine,I-PRODUCT
76,cabinet,I-PRODUCT
76,for,O
76,$399,I-SIZE
76,.,O
76,is,O
76,it,O
76,recessed,O
76,able,O
76,to,O
76,fit,O
76,into,O
76,wall,I-ATTRIBUTE
76,as,O
76,a,O
76,flush,I-ATTRIBUTE
76,mount?,I-ATTRIBUTE
77,Vessel,I-PRODUCT
77,bag,I-PRODUCT
77,in,O
77,goldish,I-COLOUR
77,color,O
78,Looking,O
78,for,O
78,protein,I-PRODUCT
78,powder,I-PRODUCT
78,no,O
78,carb,I-ATTRIBUTE
78,no,O
78,suger,I-ATTRIBUTE
79,I,O
79,am,O
79,brand,O
79,new,O
79,to,O
79,fat,O
79,"burners,",O
79,I,O
79,want,O
79,to,O
79,know,O
79,a,O
79,good,O
79,fat,O
79,burner,O
79,to,O
79,see,O
79,good,O
79,results.,O
80,i,O
80,want,O
80,protein,I-PRODUCT
80,without,O
80,lactose,I-ATTRIBUTE
81,I'm,O
81,looking,O
81,for,O
81,whey,I-PRODUCT
81,proteine,I-PRODUCT
81,with,O
81,not,O
81,soy,I-ATTRIBUTE
81,in,O
81,it!,O
82,"Hi,",O
82,I,O
82,am,O
82,looking,O
82,for,O
82,a,O
82,whey,I-PRODUCT
82,protein,I-PRODUCT
82,with,O
82,not,O
82,"soy,",I-ATTRIBUTE
82,does,O
82,it,O
82,even,O
82,exist?,O
83,I'm,O
83,looking,O
83,for,O
83,a,O
83,supplement,I-PRODUCT
83,to,O
83,help,O
83,me,O
83,get,O
83,back,O
83,into,O
83,ketosis,I-ATTRIBUTE
83,",",O
83,but,O
83,not,O
83,a,O
83,pill.,I-ATTRIBUTE
83,Something,O
83,I,O
83,can,O
83,mix,O
83,in,O
83,my,O
83,water.,O
84,Looking,O
84,for,O
84,a,O
84,testosterone,I-PRODUCT
84,supplment,I-PRODUCT
84,and,O
84,I,O
84,have,O
84,no,O
84,idea,O
84,which,O
84,one,O
84,to,O
84,buy,O
85,"Hi,",O
85,I,O
85,would,O
85,like,O
85,to,O
85,have,O
85,a,O
85,protein,I-PRODUCT
85,powder,I-PRODUCT
85,without,O
85,caffeine,I-ATTRIBUTE
86,i,O
86,am,O
86,looking,O
86,for,O
86,a,O
86,very,O
86,good,O
86,fat,I-PRODUCT
86,burner,I-PRODUCT
86,thats,O
86,not,O
86,too,O
86,heavy,I-ATTRIBUTE
86,in,I-ATTRIBUTE
86,stimulants.,I-ATTRIBUTE
87,I,O
87,saw,O
87,a,O
87,sweater,I-PRODUCT
87,block,I-PRODUCT
87,with,O
87,multi,I-COLOUR
87,colour,I-COLOUR
87,yesterday.,O
87,I,O
87,wish,O
87,to,O
87,order,O
87,and,O
87,now,O
87,can't,O
87,find..,O
88,I'm,O
88,looking,O
88,for,O
88,a,O
88,polo,I-PRODUCT
88,shirt,I-PRODUCT
88,with,O
88,no,O
88,logo,I-ATTRIBUTE
88,on,O
88,it.,O
89,Hi,O
89,looking,O
89,for,O
89,the,O
89,toque,I-PRODUCT
89,and,O
89,neck,I-ATTRIBUTE
89,tube,I-ATTRIBUTE
89,displayed,I-ATTRIBUTE
89,in,O
89,the,O
89,woman's,I-ATTRIBUTE
89,ski,I-ATTRIBUTE
89,jacket,I-PRODUCT
89,the,O
89,jacket,I-PRODUCT
89,color,I-PRODUCT
89,that,O
89,is,O
89,light,O
89,blue,O
89,and,O
89,green,O
89,",",O
89,the,O
89,tuque,O
89,and,O
89,neck,O
89,tube,O
89,is,O
89,a,O
89,dusty,O
89,pink,O
89,sort,O
89,of,O
89,"color,",O
89,I,O
89,can't,O
89,find,O
89,it,O
89,anywhere,O
89,on,O
89,sight,O
89,i,O
89,see,O
89,simiar,O
89,items,O
89,but,O
89,want,O
89,a,O
89,matching,O
89,set,O
90,I,O
90,am,O
90,looking,O
90,for,O
90,a,O
90,bomber,I-ATTRIBUTE
90,style,I-ATTRIBUTE
90,jacket,I-PRODUCT
90,2,I-SIZE
90,XS,I-SIZE
90,no,O
90,hoody,I-ATTRIBUTE
90,",",O
90,and,O
90,black,O
91,Women's,I-ATTRIBUTE
91,pyjama,I-PRODUCT
91,pants,I-PRODUCT
91,without,O
91,waistband,I-ATTRIBUTE
92,Good,O
92,morning,O
92,I,O
92,am,O
92,looking,O
92,for,O
92,a,O
92,puffer,I-PRODUCT
92,vest,I-PRODUCT
92,three-quarter,I-SIZE
92,length,I-SIZE
92,I've,O
92,seen,O
92,them,O
92,On,O
92,the,O
92,website,O
92,but,O
92,no,O
92,longer,O
92,there,O
93,Good,O
93,"morning,",O
93,I,O
93,would,O
93,like,O
93,to,O
93,buy,O
93,the,O
93,product,I-PRODUCT
93,"below,",O
93,size,I-SIZE
93,M:,I-SIZE
93,How,O
93,can,O
93,I,O
93,proceed,O
93,with,O
93,this,O
93,purchase?,O
93,It,O
93,doesn't,O
93,seem,O
93,to,O
93,be,O
93,available,O
93,at,O
93,the,O
93,moment,O
94,Want,O
94,to,O
94,order,O
94,Women's,I-ATTRIBUTE
94,warm,I-ATTRIBUTE
94,waterproof,I-ATTRIBUTE
94,snow,I-PRODUCT
94,boots,I-PRODUCT
94,in,O
94,size,I-SIZE
94,8,I-SIZE
94,.,O
94,Doesn't,O
94,say,O
94,out,O
94,of,O
94,stock,O
94,but,O
94,can't,O
94,put,O
94,order,O
94,in.,O
94,Please,O
94,advise.,O
95,"Hi,",O
95,I'm,O
95,interested,O
95,in,O
95,the,O
95,women's,I-ATTRIBUTE
95,waterproof,I-ATTRIBUTE
95,mountain,I-PRODUCT
95,walking,I-PRODUCT
95,jacket,I-PRODUCT
95,in,O
95,green,I-COLOUR
95,but,O
95,the,O
95,website,O
95,only,O
95,gives,O
95,the,O
95,option,O
95,for,O
95,size,I-SIZE
95,XS,I-SIZE
95,and,O
95,does,O
95,not,O
95,allow,O
95,to,O
95,request,O
95,a,O
95,notification,I-ATTRIBUTE
96,Hi,O
96,I'm,O
96,looking,O
96,to,O
96,buy,O
96,this,O
96,but,O
96,I,O
96,cannot,O
96,find,O
96,an,O
96,22,I-SIZE
96,mm,I-SIZE
96,nozzle,I-PRODUCT
96,pump,I-PRODUCT
96,"anywhere,",O
96,do,O
96,you,O
96,have,O
96,one,O
96,on,O
96,your,O
96,site,O
96,or,O
96,know,O
96,where,O
96,I,O
96,can,O
96,get,O
96,one?,O
96,Thanks,O
97,Pool,I-PRODUCT
97,cue,I-PRODUCT
97,cases,I-PRODUCT
97,not,O
97,pool,I-PRODUCT
97,cues,I-PRODUCT
98,Looking,O
98,to,O
98,buy,O
98,hiking,I-PRODUCT
98,trousers,I-PRODUCT
98,but,O
98,don't,O
98,understand,O
98,sizes.,O
98,I,O
98,am,O
98,38in,I-SIZE
98,waist,I-SIZE
98,and,O
98,29in,I-SIZE
98,leg.,I-SIZE
98,Looking,O
98,to,O
98,buy,O
98,trekking,I-PRODUCT
98,trousers,I-PRODUCT
98,what,O
98,size,O
98,do,O
98,I,O
98,need,O
99,is,O
99,it,O
99,possible,O
99,to,O
99,order,O
99,a,O
99,bathroom,I-PRODUCT
99,vanity,I-PRODUCT
99,without,O
99,the,O
99,countertop?,I-ATTRIBUTE
100,I'm,O
100,looking,O
100,for,O
100,a,O
100,shower,I-PRODUCT
100,unit,I-PRODUCT
100,including,O
100,walls,I-ATTRIBUTE
100,bae,I-ATTRIBUTE
100,and,O
100,glass,I-MATERIAL
100,enclosure,O
100,but,O
100,the,O
100,whole,O
100,unit,O
100,cannot,O
100,be,O
100,higher,I-SIZE
100,than,O
100,75,I-SIZE
100,inches,I-SIZE
101,Hi,O
101,i,O
101,need,O
101,a,O
101,"10""",I-SIZE
101,rough,O
101,in,O
101,toilet,I-PRODUCT
101,"asap,",O
101,i'm,O
101,not,O
101,sure,O
101,if,O
101,you,O
101,have,O
101,it,O
101,in,O
101,stock.,O
101,I,O
101,don't,O
101,want,O
101,the,O
101,screw,O
101,less,O
102,Can,O
102,the,O
102,shower,I-PRODUCT
102,be,O
102,sold,O
102,without,O
102,the,O
102,walls?,I-ATTRIBUTE
103,You,O
103,don't,O
103,sell,O
103,any,O
103,"72""",I-SIZE
103,wide,I-SIZE
103,vanities?,I-PRODUCT
104,looking,O
104,for,O
104,shower,I-PRODUCT
104,system,I-PRODUCT
104,with,O
104,tub,I-ATTRIBUTE
104,faucet,I-ATTRIBUTE
104,altough,O
104,no,O
104,tub,I-PRODUCT
105,Looking,O
105,for,O
105,a,O
105,bathroom,I-PRODUCT
105,vanity,I-PRODUCT
105,&,I-PRODUCT
105,sink,I-PRODUCT
105,no,O
105,more,O
105,than,O
105,"16""",I-SIZE
105,deep,I-SIZE
106,looking,O
106,for,O
106,48,I-SIZE
106,inches,I-SIZE
106,floor,I-PRODUCT
106,cabinet,I-PRODUCT
106,single,I-PRODUCT
106,"sink,",I-PRODUCT
106,but,O
106,no,O
106,couter,I-ATTRIBUTE
106,top,I-ATTRIBUTE
107,Can,O
107,I,O
107,purchase,O
107,shower,I-PRODUCT
107,doors,I-PRODUCT
107,and,O
107,not,O
107,the,O
107,entire,I-PRODUCT
107,shower,I-PRODUCT
107,kit?,I-PRODUCT
108,Medicine,I-PRODUCT
108,cabinets,I-PRODUCT
108,with,O
108,no,O
108,mirror,I-ATTRIBUTE
109,I'm,O
109,looking,O
109,for,O
109,a,O
109,55,I-SIZE
109,inch,I-SIZE
109,vanity,I-PRODUCT
109,"top,",I-PRODUCT
109,which,O
109,is,O
109,not,O
109,a,O
109,regular,I-SIZE
109,size.,I-SIZE
109,Is,O
109,there,O
109,a,O
109,way,O
109,to,O
109,have,O
109,this,O
109,size?,O
110,I,O
110,need,O
110,a,O
110,"42""",I-SIZE
110,kitchen,I-PRODUCT
110,island.,I-PRODUCT
110,Do,O
110,you,O
110,have,O
110,any?,O
110,I,O
110,can't,O
110,find,O
110,them,O
110,on,O
110,the,O
110,website.,O
111,I,O
111,am,O
111,looking,O
111,for,O
111,a,O
111,black,I-COLOUR
111,glass,I-MATERIAL
111,shower,I-PRODUCT
111,tile.,I-PRODUCT
111,It,O
111,does,O
111,not,O
111,need,O
111,to,O
111,be,O
111,a,O
111,solid,I-COLOUR
111,"black,",I-COLOUR
111,can,O
111,have,O
111,accents,O
111,of,O
111,clear,I-COLOUR
111,or,O
111,silver,O
111,glass,O
111,tones,O
112,Medicine,I-PRODUCT
112,cabinet,I-PRODUCT
112,with,O
112,mirror,I-ATTRIBUTE
112,and,O
112,no,O
112,lights,I-ATTRIBUTE
113,We,O
113,are,O
113,looking,O
113,for,O
113,a,O
113,72,I-SIZE
113,inch,I-SIZE
113,soaker,I-PRODUCT
113,"tub,",I-PRODUCT
113,no,O
113,jets.,I-ATTRIBUTE
114,can,O
114,I,O
114,order,O
114,just,O
114,the,O
114,top,I-PRODUCT
114,and,O
114,not,O
114,the,O
114,cabinet?,I-PRODUCT
115,barbeque,I-PRODUCT
115,without,O
115,charcoal,I-ATTRIBUTE
116,Hi,O
116,"there,",O
116,I'm,O
116,interested,O
116,in,O
116,a,O
116,vanity.,I-PRODUCT
116,Am,O
116,I,O
116,able,O
116,to,O
116,purchase,O
116,without,O
116,the,O
116,sink,I-ATTRIBUTE
116,top?,I-ATTRIBUTE
117,Can,O
117,I,O
117,order,O
117,this,O
117,vessel,I-PRODUCT
117,sink,I-PRODUCT
117,without,O
117,the,O
117,attached,I-ATTRIBUTE
117,faucet,I-ATTRIBUTE
117,?,O
118,I'm,O
118,looking,O
118,for,O
118,a,O
118,"30""",I-SIZE
118,cabinet,I-PRODUCT
118,with,O
118,no,O
118,top,I-ATTRIBUTE
119,Looking,O
119,for,O
119,vanity,I-PRODUCT
119,but,O
119,sink,I-ATTRIBUTE
119,must,I-ATTRIBUTE
119,have,I-ATTRIBUTE
119,no,I-ATTRIBUTE
119,holes.,I-ATTRIBUTE
119,Faucet,I-ATTRIBUTE
119,in,I-ATTRIBUTE
119,on,I-ATTRIBUTE
119,wall,I-ATTRIBUTE
119,already,O
120,Hi.,O
120,I'm,O
120,looking,O
120,for,O
120,"36""",I-SIZE
120,vanity,I-PRODUCT
120,wall,I-ATTRIBUTE
120,mounted,I-ATTRIBUTE
120,black,I-COLOUR
120,or,O
120,white.,I-COLOUR
120,With,O
120,towel,I-ATTRIBUTE
120,storage,I-ATTRIBUTE
120,but,O
120,no,O
120,sinc,I-ATTRIBUTE
121,I,O
121,want,O
121,just,O
121,this,O
121,cabinet,I-PRODUCT
121,without,O
121,the,O
121,top,I-ATTRIBUTE
121,as,O
121,i,O
121,want,O
121,top,I-PRODUCT
121,mounted,I-PRODUCT
121,basins,I-PRODUCT
121,on,O
121,a,O
121,surface,O
121,matching,O
121,my,O
121,kitchen,O
122,Looking,O
122,for,O
122,a,O
122,pivot,I-PRODUCT
122,shower,I-PRODUCT
122,door,I-PRODUCT
122,in,O
122,black,I-COLOUR
122,to,O
122,fit,O
122,a,O
122,33,I-SIZE
122,inch,I-SIZE
122,opening,O
122,preferably,O
122,but,O
122,not,O
122,necessarily.,O
123,bathtub,I-PRODUCT
123,without,O
123,faucet?,I-ATTRIBUTE
124,Can,O
124,you,O
124,order,O
124,the,O
124,"59""",I-SIZE
124,bathrub,I-PRODUCT
124,without,O
124,the,O
124,faucet?,I-ATTRIBUTE
125,I,O
125,want,O
125,Grey,I-COLOUR
125,toilet,I-PRODUCT
125,not,O
125,assessceries,O
126,I,O
126,cannot,O
126,seem,O
126,to,O
126,sort,O
126,by,O
126,colour.,O
126,I,O
126,am,O
126,looking,O
126,for,O
126,a,O
126,cream,I-SIZE
126,"38""",I-SIZE
126,corner,I-PRODUCT
126,shower,I-PRODUCT
126,stall,I-PRODUCT
127,do,O
127,you,O
127,have,O
127,60,I-SIZE
127,Inch,I-SIZE
127,kitchen,I-PRODUCT
127,island,I-PRODUCT
127,with,O
127,quartz,I-ATTRIBUTE
127,top,I-PRODUCT
127,with,O
127,no,O
127,seatings,I-ATTRIBUTE
128,Frameless,I-ATTRIBUTE
128,beveled,I-ATTRIBUTE
128,mirror,I-PRODUCT
128,no,O
128,more,O
128,than,O
128,"29""x29""",I-SIZE
129,Bath,I-PRODUCT
129,tub,I-PRODUCT
129,without,O
129,texture,O
130,Looking,O
130,for,O
130,a,O
130,bathroom,I-PRODUCT
130,cabinet,I-PRODUCT
130,without,O
130,top,I-ATTRIBUTE
130,60,I-SIZE
130,inches,I-SIZE
131,Looking,O
131,for,O
131,a,O
131,medicine,I-PRODUCT
131,cabinet,I-PRODUCT
131,with,O
131,mirror,I-ATTRIBUTE
131,front,I-ATTRIBUTE
131,not,O
131,Recessed,O
131,that,O
131,would,O
131,fit,O
131,50,I-SIZE
131,inch,I-SIZE
131,wide,I-SIZE
131,39,I-SIZE
131,inch,I-SIZE
131,tall,O
131,the,O
131,best,O
132,I,O
132,need,O
132,a,O
132,"60""",I-SIZE
132,vanity,I-PRODUCT
132,with,O
132,a,O
132,sink,I-ATTRIBUTE
132,that's,I-ATTRIBUTE
132,offset,I-ATTRIBUTE
132,to,O
132,the,O
132,right,O
132,-,O
132,not,O
132,centred,O
133,I,O
133,am,O
133,looking,O
133,for,O
133,a,O
133,37,I-SIZE
133,inch,I-SIZE
133,bathroom,I-PRODUCT
133,cabinet,I-PRODUCT
133,without,O
133,a,O
133,top,I-ATTRIBUTE
133,or,O
133,sink,O
133,because,O
133,I,O
133,have,O
133,one.,O
133,Do,O
133,you,O
133,have,O
133,anything,O
133,in,O
133,stock?,O
134,I'm,O
134,looking,O
134,for,O
134,a,O
134,mirror,I-PRODUCT
134,without,O
134,a,O
134,fram,I-ATTRIBUTE
134,40,I-SIZE
134,inches,I-SIZE
134,x,I-SIZE
134,60,I-SIZE
134,inches,I-SIZE
135,I,O
135,am,O
135,looking,O
135,for,O
135,a,O
135,kitchen,I-PRODUCT
135,faucet,I-PRODUCT
135,in,O
135,Stainless,I-ATTRIBUTE
135,Steel.,I-ATTRIBUTE
135,Do,O
135,you,O
135,have,O
135,in,O
135,stock,O
135,na,O
135,did,O
135,not,O
135,what,O
135,would,O
135,be,O
135,turn,O
135,around,O
135,time,O
135,and,O
135,pricing.,O
135,Thanks,O
136,Hi,O
136,looking,O
136,for,O
136,a,O
136,24,I-SIZE
136,inch,I-SIZE
136,vanity,I-PRODUCT
136,top,I-PRODUCT
136,and,I-PRODUCT
136,"sink,",I-PRODUCT
136,no,O
136,base,I-ATTRIBUTE
137,Bathroom,I-PRODUCT
137,vanities,I-PRODUCT
137,no,O
137,countertop,I-ATTRIBUTE
138,I,O
138,don't,O
138,want,O
138,double,O
138,"sink,",O
138,I,O
138,want,O
138,a,O
138,rectangle,I-ATTRIBUTE
138,sink,I-ATTRIBUTE
139,Looking,O
139,for,O
139,a,O
139,30,I-SIZE
139,inch,I-SIZE
139,bathroom,I-PRODUCT
139,vanity,I-PRODUCT
139,not,O
139,"55""",I-SIZE
140,I,O
140,am,O
140,looking,O
140,for,O
140,a,O
140,30,I-SIZE
140,inch,I-SIZE
140,bathroom,I-PRODUCT
140,shelf,I-PRODUCT
140,not,O
140,wall,I-ATTRIBUTE
140,mounted,I-ATTRIBUTE
141,Wall,I-ATTRIBUTE
141,mount,I-PRODUCT
141,rectangular,I-PRODUCT
141,sink,I-PRODUCT
141,without,O
141,a,O
141,faucet,I-ATTRIBUTE
141,hole,I-ATTRIBUTE
142,Grey,I-COLOUR
142,toilet,I-PRODUCT
142,not,O
142,toilet,I-PRODUCT
142,brush,I-PRODUCT
143,Good,O
143,morning.,O
143,We,O
143,are,O
143,looking,O
143,for,O
143,chrome,I-PRODUCT
143,shower,I-PRODUCT
143,head,I-PRODUCT
143,with,O
143,high,I-ATTRIBUTE
143,pressure,I-ATTRIBUTE
143,-,I-ATTRIBUTE
143,simple,I-ATTRIBUTE
143,no,O
143,bells,I-ATTRIBUTE
143,and,O
143,whistles,O
143,just,O
143,good,O
143,pressure,O
144,can,O
144,you,O
144,help,O
144,me,O
144,find,O
144,a,O
144,pharmacy,I-PRODUCT
144,without,O
144,a,O
144,mirror,I-ATTRIBUTE
144,"18-20""",I-SIZE
144,wide?,I-SIZE
145,Looking,O
145,for,O
145,a,O
145,double,I-ATTRIBUTE
145,sink,I-PRODUCT
145,in,O
145,black,I-COLOUR
145,that,O
145,is,O
145,no,O
145,more,O
145,than,O
145,"23""",I-SIZE
145,wide.,I-SIZE
145,Does,O
145,this,O
145,exist?,O
146,I,O
146,am,O
146,looking,O
146,for,O
146,a,O
146,toilet,I-PRODUCT
146,seat,I-PRODUCT
146,without,O
146,undermounted,I-ATTRIBUTE
146,hinges,I-ATTRIBUTE
146,for,O
146,a,O
146,one,O
146,piece,I-ATTRIBUTE
146,toilet,I-ATTRIBUTE
147,Do,O
147,you,O
147,have,O
147,mirror,I-PRODUCT
147,medicine,I-PRODUCT
147,cabinet,I-PRODUCT
147,without,O
147,led,O
148,Do,O
148,you,O
148,have,O
148,shower,I-PRODUCT
148,panels,I-PRODUCT
148,that,O
148,aren't,O
148,see,O
148,through?,O
148,Like,O
148,frosted,O
148,glass,I-MATERIAL
149,I,O
149,don't,O
149,need,O
149,a,O
149,vanity,I-PRODUCT
149,just,O
149,the,O
149,quartz,I-PRODUCT
149,top,I-PRODUCT
149,with,O
149,built,I-ATTRIBUTE
149,in,I-ATTRIBUTE
149,sink,I-ATTRIBUTE
150,"Hi,",O
150,I,O
150,was,O
150,looking,O
150,a,O
150,free,I-ATTRIBUTE
150,standing,I-ATTRIBUTE
150,tub,I-PRODUCT
150,yesterday,I-PRODUCT
150,for,O
150,$650,I-SIZE
150,",",O
150,it,O
150,was,O
150,on,O
150,for,O
150,50%,O
150,off.,O
150,I,O
150,don't,O
150,see,O
150,it,O
150,"now,",O
150,is,O
150,it,O
150,still,O
150,on,O
150,sale,O
150,?,O
151,Looking,O
151,for,O
151,a,O
151,large,O
151,free,O
151,standing,O
151,tub...,O
151,not,O
151,acrylic,O
151,or,O
151,fiberglass,I-ATTRIBUTE
152,i,O
152,don't,O
152,want,O
152,a,O
152,complete,I-PRODUCT
152,vanity,I-PRODUCT
152,just,O
152,the,O
152,top,I-PRODUCT
153,Hi,O
153,..,O
153,never,O
153,been,O
153,to,O
153,your,O
153,store,O
153,",looking",O
153,for,O
153,vinyl,O
153,wardrobes,O
153,do,O
153,not,O
153,know,O
153,if,O
153,you,O
153,carry,O
153,those,O
153,..,O
153,thanks,O
154,Thank,O
154,you,O
154,very,O
154,much,O
154,I'm,O
154,looking,O
154,for,O
154,a,O
154,shower,I-PRODUCT
154,stall,I-PRODUCT
154,kit,I-PRODUCT
154,that,O
154,is,O
154,not,O
154,priced,O
154,to,O
154,high,O
154,it's,O
154,for,O
154,a,O
154,basement,O
155,t-shirt,I-PRODUCT
155,without,O
155,logo,I-ATTRIBUTE
156,Shower,I-PRODUCT
156,door,I-PRODUCT
156,no,O
156,side,I-ATTRIBUTE
156,panels,I-ATTRIBUTE
157,I,O
157,am,O
157,looking,O
157,for,O
157,a,O
157,heated,I-ATTRIBUTE
157,air,I-ATTRIBUTE
157,and,O
157,water,I-ATTRIBUTE
157,jetted,I-ATTRIBUTE
157,tub.,I-ATTRIBUTE
158,bathub,I-PRODUCT
158,with,O
158,jets,O
159,"Hello,",O
159,what,O
159,is,O
159,the,O
159,biggest,O
159,blade,O
159,on,O
159,a,O
159,shower,I-PRODUCT
159,squeegee,I-PRODUCT
159,that,O
159,you,O
159,carry??,O
160,looking,O
160,for,O
160,a,O
160,bathtub,I-PRODUCT
160,left,I-PRODUCT
160,hand,O
160,drain,O
160,but,O
160,square,O
160,not,O
160,oval,O
161,Do,O
161,you,O
161,sell,O
161,a,O
161,tub,I-PRODUCT
161,shower,I-PRODUCT
161,faucet,I-PRODUCT
161,set,I-PRODUCT
161,that,O
161,does,O
161,not,O
161,have,O
161,the,O
161,anti,O
161,scald,O
161,feature?,O
162,What,O
162,rectangular,I-PRODUCT
162,shower,I-PRODUCT
162,units,I-PRODUCT
162,are,O
162,available?,O
163,I,O
163,am,O
163,looking,O
163,for,O
163,a,O
163,35,I-SIZE
163,inch,I-SIZE
163,bathroom,I-PRODUCT
163,sink,I-PRODUCT
163,countertop,I-PRODUCT
163,with,O
163,sink,I-ATTRIBUTE
164,I'm,O
164,looking,O
164,f,O
164,or,O
164,a,O
164,Black,I-COLOUR
164,Matte,I-PRODUCT
164,bathtub,I-PRODUCT
164,double,O
164,sliding,O
164,door,O
165,Need,O
165,a,O
165,27,I-SIZE
165,inch,I-SIZE
165,frameless,I-ATTRIBUTE
165,shower,I-PRODUCT
165,door,I-PRODUCT
166,Looking,O
166,for,O
166,30,I-SIZE
166,inch,I-SIZE
166,white,I-COLOUR
166,desk,I-PRODUCT
166,set,I-PRODUCT
