Sentence_Index,Tokens,Tags
0,"""Hello,",O
0,I,O
0,need,O
0,a,O
0,standup,I-ATTRIBUTE
0,shower,I-PRODUCT
0,door,I-PRODUCT
0,"only,",O
0,no,O
0,side,I-ATTRIBUTE
0,panels.,I-ATTRIBUTE
0,41,I-SIZE
0,inches,I-SIZE
0,"wide""",I-SIZE
1,I'm,O
1,looking,O
1,for,O
1,a,O
1,double,I-ATTRIBUTE
1,sink,I-PRODUCT
1,kitchen,I-PRODUCT
1,close,O
1,to,O
1,52,I-SIZE
1,inches,I-SIZE
1,no,O
1,bigger,I-SIZE
1,with,O
1,countertop,I-ATTRIBUTE
2,"""I'm",O
2,looking,O
2,for,O
2,bypass,O
2,shower,I-PRODUCT
2,doors,I-PRODUCT
2,in,O
2,chrome,I-MATERIAL
2,with,O
2,clear,I-MATERIAL
2,glass.,I-MATERIAL
2,The,O
2,opening,O
2,would,O
2,be,O
2,for,O
2,a,O
2,"59""""",I-SIZE
2,width,I-SIZE
2,and,O
2,the,O
2,height,I-SIZE
2,I'm,O
2,looking,O
2,for,O
2,is,O
2,"76"""".",I-SIZE
2,I,O
2,don't,O
2,want,O
2,any,O
2,rubber,I-MATERIAL
2,seals,I-ATTRIBUTE
2,around,O
2,the,O
2,glass,I-MATERIAL
2,"doors.""",O
3,"""I",O
3,am,O
3,looking,O
3,at,O
3,the,O
3,"34""""x34""""",I-SIZE
3,shower,I-PRODUCT
3,kit,I-PRODUCT
3,with,O
3,"door,",I-ATTRIBUTE
3,"walls,",I-ATTRIBUTE
3,base,I-ATTRIBUTE
3,and,O
3,glass,I-MATERIAL
3,"shelves.""",I-ATTRIBUTE
4,"""Can",O
4,the,O
4,"2""""",I-SIZE
4,"backsplash,",I-ATTRIBUTE
4,on,O
4,the,O
4,"60""""",I-SIZE
4,single,I-PRODUCT
4,sink,I-PRODUCT
4,"countertop,",I-PRODUCT
4,be,O
4,removed?,O
4,Or,O
4,is,O
4,the,O
4,counter,I-PRODUCT
4,and,O
4,backsplash,I-ATTRIBUTE
4,one,O
4,piece?,O
4,If,O
4,"so,",O
4,do,O
4,you,O
4,have,O
4,a,O
4,single,I-PRODUCT
4,"sink,",I-PRODUCT
4,white,I-COLOUR
4,"60""""",I-SIZE
4,vanity,I-PRODUCT
4,with,O
4,no,O
4,backsplash,I-ATTRIBUTE
4,"piece?""",I-ATTRIBUTE
5,"""We're",O
5,looking,O
5,for,O
5,a,O
5,60,I-SIZE
5,inch,I-SIZE
5,left,I-ATTRIBUTE
5,drain,I-ATTRIBUTE
5,alcove,I-ATTRIBUTE
5,tub,I-PRODUCT
5,which,O
5,is,O
5,a,O
5,soaker,I-ATTRIBUTE
5,tub,I-PRODUCT
5,with,O
5,no,O
5,more,O
5,than,O
5,"15""""",I-SIZE
5,height.,I-SIZE
5,In,O
5,"white.""",O
6,just,O
6,need,O
6,glass,I-MATERIAL
6,doors,I-PRODUCT
6,no,O
6,end,I-ATTRIBUTE
6,glass,I-ATTRIBUTE
7,Do,O
7,you,O
7,have,O
7,Chrome,I-MATERIAL
7,column-style,I-SHAPE
7,showerhead,I-PRODUCT
7,with,O
7,body,I-ATTRIBUTE
7,jets,I-ATTRIBUTE
7,and,O
7,rain,I-ATTRIBUTE
7,showerhead,I-ATTRIBUTE
8,i,O
8,live,O
8,in,O
8,__location__,O
8,and,O
8,i,O
8,am,O
8,looking,O
8,for,O
8,an,O
8,acrylic,I-MATERIAL
8,(,O
8,preference,O
8,),O
8,or,O
8,fibreglass,I-MATERIAL
8,shower,I-PRODUCT
8,base.,I-PRODUCT
8,I,O
8,need,O
8,a,O
8,50,I-SIZE
8,inch,I-SIZE
8,wide,I-SIZE
8,by,O
8,34,I-SIZE
8,inch,I-SIZE
8,deep,I-SIZE
8,with,O
8,a,O
8,5,I-SIZE
8,inch,I-SIZE
8,single,I-ATTRIBUTE
8,threshold,I-ATTRIBUTE
9,"""Looking",O
9,for,O
9,a,O
9,tub/shower,I-PRODUCT
9,righthand,I-ATTRIBUTE
9,and,O
9,one,O
9,"lefthand,",I-ATTRIBUTE
9,what,O
9,are,O
9,my,O
9,"options?""",O
10,I,O
10,am,O
10,looking,O
10,for,O
10,a,O
10,freestanding,I-ATTRIBUTE
10,tub,I-PRODUCT
10,with,O
10,a,O
10,bathing,I-ATTRIBUTE
10,well,I-ATTRIBUTE
10,bottom,I-ATTRIBUTE
10,length,I-SIZE
10,of,I-SIZE
10,45,I-SIZE
10,inches,I-SIZE
10,minimum,O
11,I'm,O
11,looking,O
11,for,O
11,a,O
11,round,I-SHAPE
11,shower,I-PRODUCT
11,around,O
11,73,I-SIZE
11,inches,I-SIZE
11,high,I-SIZE
12,"""I'm",O
12,looking,O
12,to,O
12,buy,O
12,a,O
12,"42""""",I-SIZE
12,gazebo,I-PRODUCT
12,with,O
12,no,O
12,more,O
12,than,O
12,"21""""",I-SIZE
12,"depth""",I-SIZE
13,"""Do",O
13,you,O
13,have,O
13,shelves,I-PRODUCT
13,that,O
13,mount,O
13,to,O
13,a,O
13,"wall,",O
13,no,O
13,screw,I-ATTRIBUTE
13,30,I-SIZE
13,"inches""",I-SIZE
14,__brand__,I-PRODUCT
14,bathtub,I-PRODUCT
14,58,I-SIZE
14,in.,I-SIZE
14,x,O
14,5,I-SIZE
14,in.,I-SIZE
14,4-Jet,I-ATTRIBUTE
14,High,I-ATTRIBUTE
14,Pressure,I-ATTRIBUTE
14,Shower,I-PRODUCT
14,Panel,I-PRODUCT
14,System,I-PRODUCT
14,with,O
14,Square,I-ATTRIBUTE
14,Rain,I-ATTRIBUTE
14,Shower,I-ATTRIBUTE
14,Head,I-ATTRIBUTE
14,and,O
14,Tub,I-ATTRIBUTE
14,Filler,I-ATTRIBUTE
14,in,O
14,Matte,I-TEXTURE
14,Black,I-COLOUR
14,Model,O
15,"""Yes,",O
15,I,O
15,bought,O
15,a,O
15,tub,I-PRODUCT
15,from,O
15,"you,",O
15,I,O
15,am,O
15,looking,O
15,for,O
15,a,O
15,adjustable,I-ATTRIBUTE
15,screw,I-PRODUCT
15,that,O
15,attaches,O
15,to,O
15,the,O
15,"plug.""",O
16,I'm,O
16,looking,O
16,for,O
16,a,O
16,60,I-SIZE
16,inch,I-SIZE
16,white,I-COLOUR
16,bathtub,I-PRODUCT
16,that,O
16,is,O
16,freestanding,I-ATTRIBUTE
16,and,O
16,reasonably,I-PRICE
16,priced,I-PRICE
17,i'm,O
17,looking,O
17,for,O
17,unflavored,I-ATTRIBUTE
17,mass,I-PRODUCT
17,gainer,I-PRODUCT
17,protein,I-PRODUCT
18,Do,O
18,you,O
18,have,O
18,a,O
18,wall,I-ATTRIBUTE
18,mount,I-ATTRIBUTE
18,sink,I-PRODUCT
18,without,O
18,a,O
18,faucet,I-ATTRIBUTE
18,hole,I-ATTRIBUTE
19,Just,O
19,shower,I-PRODUCT
19,base,I-PRODUCT
19,without,O
19,walls,I-ATTRIBUTE
20,"""I'm",O
20,looking,O
20,for,O
20,a,O
20,shower,I-PRODUCT
20,"unit,",I-PRODUCT
20,"60""""",I-SIZE
20,wide,I-SIZE
20,by,O
20,"42""""",I-SIZE
20,"deep,",I-SIZE
20,with,O
20,no,O
20,seat,I-ATTRIBUTE
20,and,O
20,no,O
20,"top""",I-ATTRIBUTE
21,luggage,I-PRODUCT
21,without,O
21,wheels,I-ATTRIBUTE
22,I,O
22,found,O
22,a,O
22,vanity,I-PRODUCT
22,top,I-PRODUCT
22,I,O
22,love,O
22,but,O
22,it,O
22,has,O
22,only,O
22,one,O
22,hole,O
22,for,O
22,taps,O
22,and,O
22,that,O
22,doesn't,O
22,suit,O
22,our,O
22,needs,O
23,curbless,I-ATTRIBUTE
23,shower,I-PRODUCT
24,Walk,I-ATTRIBUTE
24,in,I-ATTRIBUTE
24,tubs,I-PRODUCT
24,for,O
24,seniors,I-ATTRIBUTE
25,I,O
25,am,O
25,looking,O
25,for,O
25,a,O
25,shower,I-PRODUCT
25,door,I-PRODUCT
25,about,O
25,30,I-SIZE
25,inches,I-SIZE
26,I,O
26,need,O
26,a,O
26,toilet,I-PRODUCT
26,that,O
26,is,O
26,only,O
26,28,I-SIZE
26,inches,I-SIZE
26,high,I-SIZE
27,"""Hi,",O
27,I,O
27,am,O
27,looking,O
27,for,O
27,bathroom,I-PRODUCT
27,LED,I-PRODUCT
27,mirrors,I-PRODUCT
27,that,O
27,are,O
27,24,I-SIZE
27,inch.,I-SIZE
27,That,O
27,are,O
27,hard,I-ATTRIBUTE
27,wired,I-ATTRIBUTE
27,and,O
27,can,O
27,be,O
27,turned,O
27,on,O
27,from,O
27,the,O
27,"mirror""",I-ATTRIBUTE
28,Denim,I-MATERIAL
28,skirts?,I-PRODUCT
29,touch,O
29,of,O
29,linen,I-MATERIAL
29,buttoned,I-ATTRIBUTE
29,skirt,I-PRODUCT
29,in,O
29,patterned,I-COLOUR
29,white,I-COLOUR
29,colour,I-COLOUR
30,Base,I-PRODUCT
30,cabinet,I-PRODUCT
30,42,I-SIZE
30,inches,I-SIZE
30,long,I-SIZE
31,Do,O
31,you,O
31,have,O
31,the,O
31,sweater,I-PRODUCT
31,in,O
31,medium?,I-SIZE
32,Hi.,O
32,Do,O
32,you,O
32,have,O
32,sheer,I-PRODUCT
32,curtains,I-PRODUCT
32,which,O
32,I,O
32,can,O
32,place,O
32,on,O
32,hooks,I-ATTRIBUTE
32,instead,O
32,of,O
32,a,O
32,rod,I-ATTRIBUTE
33,Looking,O
33,for,O
33,Grey,I-COLOUR
33,drapery,I-PRODUCT
33,panels,I-PRODUCT
33,10,I-SIZE
33,feet,I-SIZE
33,in,I-SIZE
33,length,I-SIZE
34,twik,O
34,white,I-COLOUR
34,sleeveless,I-ATTRIBUTE
34,button,I-ATTRIBUTE
34,closure,I-ATTRIBUTE
34,top,I-PRODUCT
35,Do,O
35,you,O
35,have,O
35,waterproof,I-ATTRIBUTE
35,queen,I-SIZE
35,size,I-SIZE
35,mattress,I-PRODUCT
35,protectors,I-PRODUCT
35,for,O
35,over,O
35,18,I-SIZE
35,inch,I-SIZE
35,mattresses?,O
36,Looking,O
36,for,O
36,Mercerized,O
36,cotton,I-MATERIAL
36,high-performance,I-ATTRIBUTE
36,T-shirt,I-PRODUCT
36,in,O
36,size,I-SIZE
36,medium,I-SIZE
37,Are,O
37,the,O
37,round,I-ATTRIBUTE
37,velvet,I-MATERIAL
37,floor,I-PRODUCT
37,cushions,I-PRODUCT
37,available,O
37,in,O
37,store?,O
38,I,O
38,would,O
38,like,O
38,the,O
38,sweater,I-PRODUCT
38,as,O
38,well,O
38,as,O
38,the,O
38,icons,I-PRODUCT
38,pencil,I-PRODUCT
38,skirt,I-PRODUCT
38,in,O
38,green,I-COLOUR
39,Sleeveless,I-ATTRIBUTE
39,sweater,I-PRODUCT
40,Unflavored,I-ATTRIBUTE
40,unsweetened,I-ATTRIBUTE
41,do,O
41,you,O
41,have,O
41,the,O
41,stainless,I-MATERIAL
41,steel,I-MATERIAL
41,shaker,I-PRODUCT
41,cups,I-PRODUCT
42,I,O
42,am,O
42,looking,O
42,for,O
42,flavor,I-PRODUCT
42,powders,I-PRODUCT
42,which,O
42,I,O
42,can,O
42,use,O
42,in,O
42,yoghurts,O
42,for,O
42,example,O
43,"""Hi,",O
43,do,O
43,you,O
43,sell,O
43,fingerless,I-ATTRIBUTE
43,gloves,I-PRODUCT
43,"please""",I-PRODUCT
44,Need,O
44,an,O
44,inexpensive,I-PRICE
44,thermostatic,I-PRODUCT
44,shower,I-PRODUCT
44,set,I-PRODUCT
44,with,O
44,an,O
44,extra,I-ATTRIBUTE
44,outlet,I-ATTRIBUTE
44,for,O
44,bidet.,O
44,Can,O
44,you,O
44,suggest,O
44,a,O
44,couple.,O
45,"""hi,",O
45,can,O
45,I,O
45,put,O
45,a,O
45,tankless,I-ATTRIBUTE
45,toilet,I-PRODUCT
45,into,O
45,a,O
45,"2""""x",I-SIZE
45,"4""""",I-SIZE
45,"wall?""",I-SIZE
46,"""I",O
46,am,O
46,looking,O
46,for,O
46,a,O
46,left,I-ATTRIBUTE
46,offset,I-ATTRIBUTE
46,vanity,I-PRODUCT
46,set,I-PRODUCT
46,up,O
46,to,O
46,48,I-SIZE
46,inches,I-SIZE
46,"wide,",I-SIZE
46,"white,",I-COLOUR
46,brushed,I-ATTRIBUTE
46,nickel,I-ATTRIBUTE
46,"hardware""",I-ATTRIBUTE
47,seamless,I-ATTRIBUTE
47,undermount,I-PRODUCT
48,Touchless,I-ATTRIBUTE
48,kitchen,I-PRODUCT
48,faucet,I-PRODUCT
49,Looking,O
49,for,O
49,bowl,I-PRODUCT
49,with,O
49,pattern,I-ATTRIBUTE
49,LESS,O
49,than,O
49,5,I-SIZE
49,inches,I-SIZE
49,deep.,I-SIZE
49,Can,O
49,be,O
49,7,I-SIZE
49,inches,I-SIZE
49,wide,I-SIZE
50,Looking,O
50,shower,I-PRODUCT
50,door,I-PRODUCT
50,frameless,I-ATTRIBUTE
50,of,O
50,60,I-SIZE
50,inch,I-SIZE
50,standing,I-ATTRIBUTE
50,shower,I-PRODUCT
51,Do,O
51,you,O
51,sell,O
51,beige,I-COLOUR
51,toilets.,I-PRODUCT
51,Bone,I-COLOUR
51,and,O
51,buscuit,I-COLOUR
51,are,O
51,too,O
51,light,O
51,in,O
51,colour,O
52,We're,O
52,looking,O
52,for,O
52,a,O
52,shower,I-PRODUCT
52,door,I-PRODUCT
52,set,I-PRODUCT
52,greater,O
52,than,O
52,70,I-SIZE
52,inches,I-SIZE
52,wide,I-SIZE
53,18,I-SIZE
53,inch,I-SIZE
53,deep,I-SIZE
53,by,O
53,36,I-SIZE
53,inches,I-SIZE
53,long,I-SIZE
53,brown,I-COLOUR
53,freestanding,I-ATTRIBUTE
53,vanity,I-PRODUCT
54,Looking,O
54,for,O
54,a,O
54,36,I-SIZE
54,inch,I-SIZE
54,vanity,I-PRODUCT
54,with,O
54,granite,I-MATERIAL
54,top,I-ATTRIBUTE
55,I,O
55,am,O
55,looking,O
55,for,O
55,bathroom,I-PRODUCT
55,mirrors,I-PRODUCT
55,black,I-COLOUR
55,framed,I-ATTRIBUTE
55,in,O
55,rectangular,I-SHAPE
55,and,O
55,oval,I-SHAPE
56,looking,O
56,at,O
56,36,I-SIZE
56,inch,I-SIZE
56,medicine,I-PRODUCT
56,cabinet,I-PRODUCT
56,for,O
56,$399,I-SIZE
56,.,O
56,is,O
56,it,O
56,recessed,O
56,able,O
56,to,O
56,fit,O
56,into,O
56,wall,I-ATTRIBUTE
56,as,O
56,a,O
56,flush,I-ATTRIBUTE
56,mount?,I-ATTRIBUTE
57,Vessel,I-PRODUCT
57,bag,I-PRODUCT
57,in,O
57,goldish,I-COLOUR
57,color,O
58,Looking,O
58,for,O
58,protein,I-PRODUCT
58,powder,I-PRODUCT
58,no,O
58,carb,I-ATTRIBUTE
58,no,O
58,suger,I-ATTRIBUTE
59,"""I",O
59,am,O
59,brand,O
59,new,O
59,to,O
59,fat,O
59,"burners,",O
59,I,O
59,want,O
59,to,O
59,know,O
59,a,O
59,good,O
59,fat,O
59,burner,O
59,to,O
59,see,O
59,good,O
59,"results.""",O
60,i,O
60,want,O
60,protein,I-PRODUCT
60,without,O
60,lactose,I-ATTRIBUTE
61,I'm,O
61,looking,O
61,for,O
61,whey,I-PRODUCT
62,Do,O
62,you,O
62,have,O
62,adjustable,I-ATTRIBUTE
62,screw,I-PRODUCT
62,that,O
62,attaches,O
62,to,O
62,the,O
62,"plug.""",O
63,I'm,O
63,looking,O
63,for,O
63,a,O
63,60,I-SIZE
63,inch,I-SIZE
63,white,I-COLOUR
63,bathtub,I-PRODUCT
63,that,O
63,is,O
63,freestanding,I-ATTRIBUTE
63,and,O
63,reasonably,I-PRICE
63,priced,I-PRICE
64,i'm,O
64,looking,O
64,for,O
64,unflavored,I-ATTRIBUTE
64,mass,I-PRODUCT
64,gainer,I-PRODUCT
64,protein,I-PRODUCT
65,Do,O
65,you,O
65,have,O
65,a,O
65,wall,I-ATTRIBUTE
65,mount,I-ATTRIBUTE
65,sink,I-PRODUCT
65,without,O
65,a,O
65,faucet,I-ATTRIBUTE
65,hole,I-ATTRIBUTE
66,Just,O
66,shower,I-PRODUCT
66,base,I-PRODUCT
66,without,O
66,walls,I-ATTRIBUTE
67,"""I'm",O
67,looking,O
67,for,O
67,a,O
67,shower,I-PRODUCT
67,"unit,",I-PRODUCT
67,"60""""",I-SIZE
67,wide,I-SIZE
67,by,O
67,"42""""",I-SIZE
67,"deep,",I-SIZE
67,with,O
67,no,O
67,seat,I-ATTRIBUTE
67,and,O
67,no,O
67,"top""",I-ATTRIBUTE
68,luggage,I-PRODUCT
68,without,O
68,wheels,I-ATTRIBUTE
69,I,O
69,found,O
69,a,O
69,vanity,I-PRODUCT
69,top,I-PRODUCT
69,I,O
69,love,O
69,but,O
69,it,O
69,has,O
69,only,O
69,one,O
69,hole,O
69,for,O
69,taps,O
69,and,O
69,that,O
69,doesn't,O
69,suit,O
69,our,O
69,needs,O
70,curbless,I-ATTRIBUTE
70,shower,I-PRODUCT
71,Walk,I-ATTRIBUTE
71,in,I-ATTRIBUTE
71,tubs,I-PRODUCT
71,for,O
71,seniors,I-ATTRIBUTE
72,I,O
72,am,O
72,looking,O
72,for,O
72,a,O
72,shower,I-PRODUCT
72,door,I-PRODUCT
72,about,O
72,30,I-SIZE
72,inches,I-SIZE
73,I,O
73,need,O
73,a,O
73,toilet,I-PRODUCT
73,that,O
73,is,O
73,only,O
73,28,I-SIZE
73,inches,I-SIZE
73,high,I-SIZE
74,"""Hi,",O
74,I,O
74,am,O
74,looking,O
74,for,O
74,bathroom,I-PRODUCT
74,LED,I-PRODUCT
74,mirrors,I-PRODUCT
74,that,O
74,are,O
74,24,I-SIZE
74,inch.,I-SIZE
74,That,O
74,are,O
74,hard,I-ATTRIBUTE
74,wired,I-ATTRIBUTE
74,and,O
74,can,O
74,be,O
74,turned,O
74,on,O
74,from,O
74,the,O
74,"mirror""",I-ATTRIBUTE
75,Denim,I-MATERIAL
75,skirts?,I-PRODUCT
76,touch,O
76,of,O
76,linen,I-MATERIAL
76,buttoned,I-ATTRIBUTE
76,skirt,I-PRODUCT
76,in,O
76,patterned,I-COLOUR
76,white,I-COLOUR
76,colour,I-COLOUR
77,Base,I-PRODUCT
77,cabinet,I-PRODUCT
77,42,I-SIZE
77,inches,I-SIZE
77,long,I-SIZE
78,Do,O
78,you,O
78,have,O
78,the,O
78,sweater,I-PRODUCT
78,in,O
78,medium?,I-SIZE
79,Hi.,O
79,Do,O
79,you,O
79,have,O
79,sheer,I-PRODUCT
79,curtains,I-PRODUCT
79,which,O
79,I,O
79,can,O
79,place,O
79,on,O
79,hooks,I-ATTRIBUTE
79,instead,O
79,of,O
79,a,O
79,rod,I-ATTRIBUTE
80,Looking,O
80,for,O
80,Grey,I-COLOUR
80,drapery,I-PRODUCT
80,panels,I-PRODUCT
80,10,I-SIZE
80,feet,I-SIZE
80,in,I-SIZE
80,length,I-SIZE
81,twik,O
81,white,I-COLOUR
81,sleeveless,I-ATTRIBUTE
81,button,I-ATTRIBUTE
81,closure,I-ATTRIBUTE
81,top,I-PRODUCT
82,Do,O
82,you,O
82,have,O
82,waterproof,I-ATTRIBUTE
82,queen,I-SIZE
82,size,I-SIZE
82,mattress,I-PRODUCT
82,protectors,I-PRODUCT
82,for,O
82,over,O
82,18,I-SIZE
82,inch,I-SIZE
82,mattresses?,O
83,Looking,O
83,for,O
83,Mercerized,O
83,cotton,I-MATERIAL
83,high-performance,I-ATTRIBUTE
83,T-shirt,I-PRODUCT
83,in,O
83,size,I-SIZE
83,medium,I-SIZE
84,Are,O
84,the,O
84,round,I-ATTRIBUTE
84,velvet,I-MATERIAL
84,floor,I-PRODUCT
84,cushions,I-PRODUCT
84,available,O
84,in,O
84,store?,O
85,I,O
85,would,O
85,like,O
85,the,O
85,sweater,I-PRODUCT
85,as,O
85,well,O
85,as,O
85,the,O
85,icons,I-PRODUCT
85,pencil,I-PRODUCT
85,skirt,I-PRODUCT
85,in,O
85,green,I-COLOUR
86,Sleeveless,I-ATTRIBUTE
86,sweater,I-PRODUCT
87,Unflavored,I-ATTRIBUTE
87,unsweetened,I-ATTRIBUTE
88,do,O
88,you,O
88,have,O
88,the,O
88,stainless,I-MATERIAL
88,steel,I-MATERIAL
88,shaker,I-PRODUCT
88,cups,I-PRODUCT
89,I,O
89,am,O
89,looking,O
89,for,O
89,flavor,I-PRODUCT
89,powders,I-PRODUCT
89,which,O
89,I,O
89,can,O
89,use,O
89,in,O
89,yoghurts,O
89,for,O
89,example,O
90,"""Hi,",O
90,do,O
90,you,O
90,sell,O
90,fingerless,I-ATTRIBUTE
90,gloves,I-PRODUCT
90,"please""",I-PRODUCT
91,Need,O
91,an,O
91,inexpensive,I-PRICE
91,thermostatic,I-PRODUCT
91,shower,I-PRODUCT
91,set,I-PRODUCT
91,with,O
91,an,O
91,extra,I-ATTRIBUTE
91,outlet,I-ATTRIBUTE
91,for,O
91,bidet.,O
91,Can,O
91,you,O
91,suggest,O
91,a,O
91,couple.,O
92,"""hi,",O
92,can,O
92,I,O
92,put,O
92,a,O
92,tankless,I-ATTRIBUTE
92,toilet,I-PRODUCT
92,into,O
92,a,O
92,"2""""x",I-SIZE
92,"4""""",I-SIZE
92,"wall?""",I-SIZE
93,"""I",O
93,am,O
93,looking,O
93,for,O
93,a,O
93,left,I-ATTRIBUTE
93,offset,I-ATTRIBUTE
93,vanity,I-PRODUCT
93,set,I-PRODUCT
93,up,O
93,to,O
93,48,I-SIZE
93,inches,I-SIZE
93,"wide,",I-SIZE
93,"white,",I-COLOUR
93,brushed,I-ATTRIBUTE
93,nickel,I-ATTRIBUTE
93,"hardware""",I-ATTRIBUTE
94,seamless,I-ATTRIBUTE
94,undermount,I-PRODUCT
95,Touchless,I-ATTRIBUTE
95,kitchen,I-PRODUCT
95,faucet,I-PRODUCT
96,Looking,O
96,for,O
96,bowl,I-PRODUCT
96,with,O
96,pattern,I-ATTRIBUTE
96,LESS,O
96,than,O
96,5,I-SIZE
96,inches,I-SIZE
96,deep.,I-SIZE
96,Can,O
96,be,O
96,7,I-SIZE
96,inches,I-SIZE
96,wide,I-SIZE
97,Looking,O
97,shower,I-PRODUCT
97,door,I-PRODUCT
97,frameless,I-ATTRIBUTE
97,of,O
97,60,I-SIZE
97,inch,I-SIZE
97,standing,I-ATTRIBUTE
97,shower,I-PRODUCT
98,Do,O
98,you,O
98,sell,O
98,beige,I-COLOUR
98,toilets.,I-PRODUCT
98,Bone,I-COLOUR
98,and,O
98,buscuit,I-COLOUR
98,are,O
98,too,O
98,light,O
98,in,O
98,colour,O
99,We're,O
99,looking,O
99,for,O
99,a,O
99,shower,I-PRODUCT
99,door,I-PRODUCT
99,set,I-PRODUCT
99,greater,O
99,than,O
99,70,I-SIZE
99,inches,I-SIZE
99,wide,I-SIZE
100,18,I-SIZE
100,inch,I-SIZE
100,deep,I-SIZE
100,by,O
100,36,I-SIZE
100,inches,I-SIZE
100,long,I-SIZE
100,brown,I-COLOUR
100,freestanding,I-ATTRIBUTE
100,vanity,I-PRODUCT
101,Looking,O
101,for,O
101,a,O
101,36,I-SIZE
101,inch,I-SIZE
101,vanity,I-PRODUCT
101,with,O
101,granite,I-MATERIAL
101,top,I-ATTRIBUTE
102,I,O
102,am,O
102,looking,O
102,for,O
102,bathroom,I-PRODUCT
102,mirrors,I-PRODUCT
102,black,I-COLOUR
102,framed,I-ATTRIBUTE
102,in,O
102,rectangular,I-SHAPE
102,and,O
102,oval,I-SHAPE
103,looking,O
103,at,O
103,36,I-SIZE
103,inch,I-SIZE
103,medicine,I-PRODUCT
103,cabinet,I-PRODUCT
103,for,O
103,$399,I-SIZE
103,.,O
103,is,O
103,it,O
103,recessed,O
103,able,O
103,to,O
103,fit,O
103,into,O
103,wall,I-ATTRIBUTE
103,as,O
103,a,O
103,flush,I-ATTRIBUTE
103,mount?,I-ATTRIBUTE
104,Vessel,I-PRODUCT
104,bag,I-PRODUCT
104,in,O
104,goldish,I-COLOUR
104,color,O
105,Looking,O
105,for,O
105,protein,I-PRODUCT
105,powder,I-PRODUCT
105,no,O
105,carb,I-ATTRIBUTE
105,no,O
105,suger,I-ATTRIBUTE
106,"""I",O
106,am,O
106,brand,O
106,new,O
106,to,O
106,fat,O
106,"burners,",O
106,I,O
106,want,O
106,to,O
106,know,O
106,a,O
106,good,O
106,fat,O
106,burner,O
106,to,O
106,see,O
106,good,O
106,"results.""",O
107,i,O
107,want,O
107,protein,I-PRODUCT
107,without,O
107,lactose,I-ATTRIBUTE
108,I'm,O
108,looking,O
108,for,O
108,whey,I-PRODUCT
108,proteine,I-PRODUCT
108,with,O
108,not,O
108,soy,I-ATTRIBUTE
108,in,O
108,it!,O
109,"""Hi,",O
109,I,O
109,am,O
109,looking,O
109,for,O
109,a,O
109,whey,I-PRODUCT
109,protein,I-PRODUCT
109,with,O
109,not,O
109,"soy,",I-ATTRIBUTE
109,does,O
109,it,O
109,even,O
109,"exist?""",O
110,"""I'm",O
110,looking,O
110,for,O
110,a,O
110,supplement,I-PRODUCT
110,to,O
110,help,O
110,me,O
110,get,O
110,back,O
110,into,O
110,ketosis,I-ATTRIBUTE
110,",",O
110,but,O
110,not,O
110,a,O
110,pill.,I-ATTRIBUTE
110,Something,O
110,I,O
110,can,O
110,mix,O
110,in,O
110,my,O
110,"water.""",O
111,Looking,O
111,for,O
111,a,O
111,testosterone,I-PRODUCT
111,supplment,I-PRODUCT
111,and,O
111,I,O
111,have,O
111,no,O
111,idea,O
111,which,O
111,one,O
111,to,O
111,buy,O
112,"""Hi,",O
112,I,O
112,would,O
112,like,O
112,to,O
112,have,O
112,a,O
112,protein,I-PRODUCT
112,powder,I-PRODUCT
112,without,O
112,"caffeine""",I-ATTRIBUTE
113,i,O
113,am,O
113,looking,O
113,for,O
113,a,O
113,very,O
113,good,O
113,fat,I-PRODUCT
113,burner,I-PRODUCT
113,thats,O
113,not,O
113,too,O
113,heavy,I-ATTRIBUTE
113,in,I-ATTRIBUTE
113,stimulants.,I-ATTRIBUTE
114,I,O
114,saw,O
114,a,O
114,sweater,I-PRODUCT
114,block,I-PRODUCT
114,with,O
114,multi,I-COLOUR
114,colour,I-COLOUR
114,yesterday.,O
114,I,O
114,wish,O
114,to,O
114,order,O
114,and,O
114,now,O
114,can't,O
114,find..,O
115,I'm,O
115,looking,O
115,for,O
115,a,O
115,polo,I-PRODUCT
115,shirt,I-PRODUCT
115,with,O
115,no,O
115,logo,I-ATTRIBUTE
115,on,O
115,it.,O
116,"""Hi",O
116,looking,O
116,for,O
116,the,O
116,toque,I-PRODUCT
116,and,O
116,neck,I-ATTRIBUTE
116,tube,I-ATTRIBUTE
116,displayed,I-ATTRIBUTE
116,in,O
116,the,O
116,woman's,I-ATTRIBUTE
116,ski,I-ATTRIBUTE
116,jacket,I-PRODUCT
116,the,O
116,jacket,I-PRODUCT
116,color,I-PRODUCT
116,that,O
116,is,O
116,light,O
116,blue,O
116,and,O
116,green,O
116,",",O
116,the,O
116,tuque,O
116,and,O
116,neck,O
116,tube,O
116,is,O
116,a,O
116,dusty,O
116,pink,O
116,sort,O
116,of,O
116,"color,",O
116,I,O
116,can't,O
116,find,O
116,it,O
116,anywhere,O
116,on,O
116,sight,O
116,i,O
116,see,O
116,simiar,O
116,items,O
116,but,O
116,want,O
116,a,O
116,matching,O
116,"set""",O
117,"""I",O
117,am,O
117,looking,O
117,for,O
117,a,O
117,bomber,I-ATTRIBUTE
117,style,I-ATTRIBUTE
117,jacket,I-PRODUCT
117,2,I-SIZE
117,XS,I-SIZE
117,no,O
117,hoody,I-ATTRIBUTE
117,",",O
117,and,O
117,"black""",O
118,Women's,I-ATTRIBUTE
118,pyjama,I-PRODUCT
118,pants,I-PRODUCT
118,without,O
118,waistband,I-ATTRIBUTE
119,Good,O
119,morning,O
119,I,O
119,am,O
119,looking,O
119,for,O
119,a,O
119,puffer,I-PRODUCT
119,vest,I-PRODUCT
119,three-quarter,I-SIZE
119,length,I-SIZE
119,I've,O
119,seen,O
119,them,O
119,On,O
119,the,O
119,website,O
119,but,O
119,no,O
119,longer,O
119,there,O
120,"""Good",O
120,"morning,",O
120,I,O
120,would,O
120,like,O
120,to,O
120,buy,O
120,the,O
120,product,I-PRODUCT
120,"below,",O
120,size,I-SIZE
120,M:,I-SIZE
120,How,O
120,can,O
120,I,O
120,proceed,O
120,with,O
120,this,O
120,purchase?,O
120,It,O
120,doesn't,O
120,seem,O
120,to,O
120,be,O
120,available,O
120,at,O
120,the,O
120,"moment""",O
121,Want,O
121,to,O
121,order,O
121,Women's,I-ATTRIBUTE
121,warm,I-ATTRIBUTE
121,waterproof,I-ATTRIBUTE
121,snow,I-PRODUCT
121,boots,I-PRODUCT
121,in,O
121,size,I-SIZE
121,8,I-SIZE
121,.,O
121,Doesn't,O
121,say,O
121,out,O
121,of,O
121,stock,O
121,but,O
121,can't,O
121,put,O
121,order,O
121,in.,O
121,Please,O
121,advise.,O
122,"""Hi,",O
122,I'm,O
122,interested,O
122,in,O
122,the,O
122,women's,I-ATTRIBUTE
122,waterproof,I-ATTRIBUTE
122,mountain,I-PRODUCT
122,walking,I-PRODUCT
122,jacket,I-PRODUCT
122,in,O
122,green,I-COLOUR
122,but,O
122,the,O
122,website,O
122,only,O
122,gives,O
122,the,O
122,option,O
122,for,O
122,size,I-SIZE
122,XS,I-SIZE
122,and,O
122,does,O
122,not,O
122,allow,O
122,to,O
122,request,O
122,a,O
122,"notification""",I-ATTRIBUTE
123,"""Hi",O
123,I'm,O
123,looking,O
123,to,O
123,buy,O
123,this,O
123,but,O
123,I,O
123,cannot,O
123,find,O
123,an,O
123,22,I-SIZE
123,mm,I-SIZE
123,nozzle,I-PRODUCT
123,pump,I-PRODUCT
123,"anywhere,",O
123,do,O
123,you,O
123,have,O
123,one,O
123,on,O
123,your,O
123,site,O
123,or,O
123,know,O
123,where,O
123,I,O
123,can,O
123,get,O
123,one?,O
123,"Thanks""",O
124,Pool,I-PRODUCT
124,cue,I-PRODUCT
125,Looking,O
125,for,O
125,a,O
125,shower,I-PRODUCT
125,door,I-PRODUCT
125,set,I-PRODUCT
125,greater,O
125,than,O
125,70,I-SIZE
125,inches,I-SIZE
125,wide,I-SIZE
126,18,I-SIZE
126,inch,I-SIZE
126,deep,I-SIZE
126,by,O
126,36,I-SIZE
126,inches,I-SIZE
126,long,I-SIZE
126,brown,I-COLOUR
126,freestanding,I-ATTRIBUTE
126,vanity,I-PRODUCT
127,Looking,O
127,for,O
127,a,O
127,36,I-SIZE
127,inch,I-SIZE
127,vanity,I-PRODUCT
127,with,O
127,granite,I-MATERIAL
127,top,I-ATTRIBUTE
128,I,O
128,am,O
128,looking,O
128,for,O
128,bathroom,I-PRODUCT
128,mirrors,I-PRODUCT
128,black,I-COLOUR
128,framed,I-ATTRIBUTE
128,in,O
128,rectangular,I-SHAPE
128,and,O
128,oval,I-SHAPE
129,looking,O
129,at,O
129,36,I-SIZE
129,inch,I-SIZE
129,medicine,I-PRODUCT
129,cabinet,I-PRODUCT
129,for,O
129,$399,I-SIZE
129,.,O
129,is,O
129,it,O
129,recessed,O
129,able,O
129,to,O
129,fit,O
129,into,O
129,wall,I-ATTRIBUTE
129,as,O
129,a,O
129,flush,I-ATTRIBUTE
129,mount?,I-ATTRIBUTE
130,Vessel,I-PRODUCT
130,bag,I-PRODUCT
130,in,O
130,goldish,I-COLOUR
130,color,O
131,Looking,O
131,for,O
131,protein,I-PRODUCT
131,powder,I-PRODUCT
131,no,O
131,carb,I-ATTRIBUTE
131,no,O
131,suger,I-ATTRIBUTE
132,"""I",O
132,am,O
132,brand,O
132,new,O
132,to,O
132,fat,O
132,"burners,",O
132,I,O
132,want,O
132,to,O
132,know,O
132,a,O
132,good,O
132,fat,O
132,burner,O
132,to,O
132,see,O
132,good,O
132,"results.""",O
133,i,O
133,want,O
133,protein,I-PRODUCT
133,without,O
133,lactose,I-ATTRIBUTE
134,I'm,O
134,looking,O
134,for,O
134,whey,I-PRODUCT
134,proteine,I-PRODUCT
134,with,O
134,not,O
134,soy,I-ATTRIBUTE
134,in,O
134,it!,O
135,"""Hi,",O
135,I,O
135,am,O
135,looking,O
135,for,O
135,a,O
135,whey,I-PRODUCT
135,protein,I-PRODUCT
135,with,O
135,not,O
135,"soy,",I-ATTRIBUTE
135,does,O
135,it,O
135,even,O
135,"exist?""",O
136,"""I'm",O
136,looking,O
136,for,O
136,a,O
136,supplement,I-PRODUCT
136,to,O
136,help,O
136,me,O
136,get,O
136,back,O
136,into,O
136,ketosis,I-ATTRIBUTE
136,",",O
136,but,O
136,not,O
136,a,O
136,pill.,I-ATTRIBUTE
136,Something,O
136,I,O
136,can,O
136,mix,O
136,in,O
136,my,O
136,"water.""",O
137,Looking,O
137,for,O
137,a,O
137,testosterone,I-PRODUCT
137,supplment,I-PRODUCT
137,and,O
137,I,O
137,have,O
137,no,O
137,idea,O
137,which,O
137,one,O
137,to,O
137,buy,O
138,"""Hi,",O
138,I,O
138,would,O
138,like,O
138,to,O
138,have,O
138,a,O
138,protein,I-PRODUCT
138,powder,I-PRODUCT
138,without,O
138,"caffeine""",I-ATTRIBUTE
139,i,O
139,am,O
139,looking,O
139,for,O
139,a,O
139,very,O
139,good,O
139,fat,I-PRODUCT
139,burner,I-PRODUCT
139,thats,O
139,not,O
139,too,O
139,heavy,I-ATTRIBUTE
139,in,I-ATTRIBUTE
139,stimulants.,I-ATTRIBUTE
140,I,O
140,saw,O
140,a,O
140,sweater,I-PRODUCT
140,block,I-PRODUCT
140,with,O
140,multi,I-COLOUR
140,colour,I-COLOUR
140,yesterday.,O
140,I,O
140,wish,O
140,to,O
140,order,O
140,and,O
140,now,O
140,can't,O
140,find..,O
141,I'm,O
141,looking,O
141,for,O
141,a,O
141,polo,I-PRODUCT
141,shirt,I-PRODUCT
141,with,O
141,no,O
141,logo,I-ATTRIBUTE
141,on,O
141,it.,O
142,"""Hi",O
142,looking,O
142,for,O
142,the,O
142,toque,I-PRODUCT
142,and,O
142,neck,I-ATTRIBUTE
142,tube,I-ATTRIBUTE
142,displayed,I-ATTRIBUTE
142,in,O
142,the,O
142,woman's,I-ATTRIBUTE
142,ski,I-ATTRIBUTE
142,jacket,I-PRODUCT
142,the,O
142,jacket,I-PRODUCT
142,color,I-PRODUCT
142,that,O
142,is,O
142,light,O
142,blue,O
142,and,O
142,green,O
142,",",O
142,the,O
142,tuque,O
142,and,O
142,neck,O
142,tube,O
142,is,O
142,a,O
142,dusty,O
142,pink,O
142,sort,O
142,of,O
142,"color,",O
142,I,O
142,can't,O
142,find,O
142,it,O
142,anywhere,O
142,on,O
142,sight,O
142,i,O
142,see,O
142,simiar,O
142,items,O
142,but,O
142,want,O
142,a,O
142,matching,O
142,"set""",O
143,"""I",O
143,am,O
143,looking,O
143,for,O
143,a,O
143,bomber,I-ATTRIBUTE
143,style,I-ATTRIBUTE
143,jacket,I-PRODUCT
143,2,I-SIZE
143,XS,I-SIZE
143,no,O
143,hoody,I-ATTRIBUTE
143,",",O
143,and,O
143,"black""",O
144,Women's,I-ATTRIBUTE
144,pyjama,I-PRODUCT
144,pants,I-PRODUCT
144,without,O
144,waistband,I-ATTRIBUTE
145,Good,O
145,morning,O
145,I,O
145,am,O
145,looking,O
145,for,O
145,a,O
145,puffer,I-PRODUCT
145,vest,I-PRODUCT
145,three-quarter,I-SIZE
145,length,I-SIZE
145,I've,O
145,seen,O
145,them,O
145,On,O
145,the,O
145,website,O
145,but,O
145,no,O
145,longer,O
145,there,O
146,"""Good",O
146,"morning,",O
146,I,O
146,would,O
146,like,O
146,to,O
146,buy,O
146,the,O
146,product,I-PRODUCT
146,"below,",O
146,size,I-SIZE
146,M:,I-SIZE
146,How,O
146,can,O
146,I,O
146,proceed,O
146,with,O
146,this,O
146,purchase?,O
146,It,O
146,doesn't,O
146,seem,O
146,to,O
146,be,O
146,available,O
146,at,O
146,the,O
146,"moment""",O
147,Want,O
147,to,O
147,order,O
147,Women's,I-ATTRIBUTE
147,warm,I-ATTRIBUTE
147,waterproof,I-ATTRIBUTE
147,snow,I-PRODUCT
147,boots,I-PRODUCT
147,in,O
147,size,I-SIZE
147,8,I-SIZE
147,.,O
147,Doesn't,O
147,say,O
147,out,O
147,of,O
147,stock,O
147,but,O
147,can't,O
147,put,O
147,order,O
147,in.,O
147,Please,O
147,advise.,O
148,"""Hi,",O
148,I'm,O
148,interested,O
148,in,O
148,the,O
148,women's,I-ATTRIBUTE
148,waterproof,I-ATTRIBUTE
148,mountain,I-PRODUCT
148,walking,I-PRODUCT
148,jacket,I-PRODUCT
148,in,O
148,green,I-COLOUR
148,but,O
148,the,O
148,website,O
148,only,O
148,gives,O
148,the,O
148,option,O
148,for,O
148,size,I-SIZE
148,XS,I-SIZE
148,and,O
148,does,O
148,not,O
148,allow,O
148,to,O
148,request,O
148,a,O
148,"notification""",I-ATTRIBUTE
149,"""Hi",O
149,I'm,O
149,looking,O
149,to,O
149,buy,O
149,this,O
149,but,O
149,I,O
149,cannot,O
149,find,O
149,an,O
149,22,I-SIZE
149,mm,I-SIZE
149,nozzle,I-PRODUCT
149,pump,I-PRODUCT
149,"anywhere,",O
149,do,O
149,you,O
149,have,O
149,one,O
149,on,O
149,your,O
149,site,O
149,or,O
149,know,O
149,where,O
149,I,O
149,can,O
149,get,O
149,one?,O
149,"Thanks""",O
150,Pool,I-PRODUCT
150,cue,I-PRODUCT
150,cases,I-PRODUCT
150,not,O
150,pool,I-PRODUCT
150,cues,I-PRODUCT
151,Looking,O
151,to,O
151,buy,O
151,hiking,I-PRODUCT
151,trousers,I-PRODUCT
151,but,O
151,don't,O
151,understand,O
151,sizes.,O
151,I,O
151,am,O
151,38in,I-SIZE
151,waist,I-SIZE
151,and,O
151,29in,I-SIZE
151,leg.,I-SIZE
151,Looking,O
151,to,O
151,buy,O
151,trekking,I-PRODUCT
151,trousers,I-PRODUCT
151,what,O
151,size,O
151,do,O
151,I,O
151,need,O
152,is,O
152,it,O
152,possible,O
152,to,O
152,order,O
152,a,O
152,bathroom,I-PRODUCT
152,vanity,I-PRODUCT
152,without,O
152,the,O
152,countertop?,I-ATTRIBUTE
153,I'm,O
153,looking,O
153,for,O
153,a,O
153,shower,I-PRODUCT
153,unit,I-PRODUCT
153,including,O
153,walls,I-ATTRIBUTE
153,bae,I-ATTRIBUTE
153,and,O
153,glass,I-MATERIAL
153,enclosure,O
153,but,O
153,the,O
153,whole,O
153,unit,O
153,cannot,O
153,be,O
153,higher,I-SIZE
153,than,O
153,75,I-SIZE
153,inches,I-SIZE
154,"""Hi",O
154,i,O
154,need,O
154,a,O
154,"10""""",I-SIZE
154,rough,O
154,in,O
154,toilet,I-PRODUCT
154,"asap,",O
154,i'm,O
154,not,O
154,sure,O
154,if,O
154,you,O
154,have,O
154,it,O
154,in,O
154,stock.,O
154,I,O
154,don't,O
154,want,O
154,the,O
154,screw,O
154,"less""",O
155,Can,O
155,the,O
155,shower,I-PRODUCT
155,be,O
155,sold,O
155,without,O
155,the,O
155,walls?,I-ATTRIBUTE
156,"""You",O
156,don't,O
156,sell,O
156,any,O
156,"72""""",I-SIZE
156,wide,I-SIZE
156,"vanities?""",I-PRODUCT
157,looking,O
157,for,O
157,shower,I-PRODUCT
157,system,I-PRODUCT
157,with,O
157,tub,I-ATTRIBUTE
157,faucet,I-ATTRIBUTE
157,altough,O
157,no,O
157,tub,I-PRODUCT
158,"""Looking",O
158,for,O
158,a,O
158,bathroom,I-PRODUCT
158,vanity,I-PRODUCT
158,&,I-PRODUCT
158,sink,I-PRODUCT
158,no,O
158,more,O
158,than,O
158,"16""""",I-SIZE
158,"deep""",I-SIZE
159,"""looking",O
159,for,O
159,48,I-SIZE
159,inches,I-SIZE
159,floor,I-PRODUCT
159,cabinet,I-PRODUCT
159,single,I-PRODUCT
159,"sink,",I-PRODUCT
159,but,O
159,no,O
159,couter,I-ATTRIBUTE
159,"top""",I-ATTRIBUTE
160,Can,O
160,I,O
160,purchase,O
160,shower,I-PRODUCT
160,doors,I-PRODUCT
160,and,O
160,not,O
160,the,O
160,entire,I-PRODUCT
160,shower,I-PRODUCT
160,kit?,I-PRODUCT
161,Medicine,I-PRODUCT
161,cabinets,I-PRODUCT
161,with,O
161,no,O
161,mirror,I-ATTRIBUTE
162,"""I'm",O
162,looking,O
162,for,O
162,a,O
162,55,I-SIZE
162,inch,I-SIZE
162,vanity,I-PRODUCT
162,"top,",I-PRODUCT
162,which,O
162,is,O
162,not,O
162,a,O
162,regular,I-SIZE
162,size.,I-SIZE
162,Is,O
162,there,O
162,a,O
162,way,O
162,to,O
162,have,O
162,this,O
162,"size?""",O
163,"""I",O
163,need,O
163,a,O
163,"42""""",I-SIZE
163,kitchen,I-PRODUCT
163,island.,I-PRODUCT
163,Do,O
163,you,O
163,have,O
163,any?,O
163,I,O
163,can't,O
163,find,O
163,them,O
163,on,O
163,the,O
163,"website.""",O
164,"""I",O
164,am,O
164,looking,O
164,for,O
164,a,O
164,black,I-COLOUR
164,glass,I-MATERIAL
164,shower,I-PRODUCT
164,tile.,I-PRODUCT
164,It,O
164,does,O
164,not,O
164,need,O
164,to,O
164,be,O
164,a,O
164,solid,I-COLOUR
164,"black,",I-COLOUR
164,can,O
164,have,O
164,accents,O
164,of,O
164,clear,I-COLOUR
164,or,O
164,silver,I-COLOUR
164,glass,I-COLOUR
164,"tones""",I-COLOUR
165,Medicine,I-PRODUCT
165,cabinet,I-PRODUCT
165,with,O
165,mirror,I-ATTRIBUTE
165,and,O
165,no,O
165,lights,I-ATTRIBUTE
166,"""We",O
166,are,O
166,looking,O
166,for,O
166,a,O
166,72,I-SIZE
166,inch,I-SIZE
166,soaker,I-PRODUCT
166,"tub,",I-PRODUCT
166,no,O
166,"jets.""",I-ATTRIBUTE
167,can,O
167,I,O
167,order,O
167,just,O
167,the,O
167,top,I-PRODUCT
167,and,O
167,not,O
167,the,O
167,cabinet?,I-PRODUCT
168,barbeque,I-PRODUCT
168,without,O
168,charcoal,I-ATTRIBUTE
169,"""Hi",O
169,"there,",O
169,I'm,O
169,interested,O
169,in,O
169,a,O
169,vanity.,I-PRODUCT
169,Am,O
169,I,O
169,able,O
169,to,O
169,purchase,O
169,without,O
169,the,O
169,sink,I-ATTRIBUTE
169,"top?""",I-ATTRIBUTE
170,Can,O
170,I,O
170,order,O
170,this,O
170,vessel,I-PRODUCT
170,sink,I-PRODUCT
170,without,O
170,the,O
170,attached,I-ATTRIBUTE
170,faucet,I-ATTRIBUTE
170,?,O
171,"""I'm",O
171,looking,O
171,for,O
171,a,O
171,"30""""",I-SIZE
171,cabinet,I-PRODUCT
171,with,O
171,no,O
171,"top""",I-ATTRIBUTE
172,Looking,O
172,for,O
172,vanity,I-PRODUCT
172,but,O
172,sink,I-ATTRIBUTE
172,must,I-ATTRIBUTE
172,have,I-ATTRIBUTE
172,no,I-ATTRIBUTE
172,holes.,I-ATTRIBUTE
172,Faucet,I-ATTRIBUTE
172,in,I-ATTRIBUTE
172,on,I-ATTRIBUTE
172,wall,I-ATTRIBUTE
172,already,O
173,"""Hi.",O
173,I'm,O
173,looking,O
173,for,O
173,"36""""",I-SIZE
173,vanity,I-PRODUCT
173,wall,I-ATTRIBUTE
173,mounted,I-ATTRIBUTE
173,black,I-COLOUR
173,or,O
173,white.,I-COLOUR
173,With,O
173,towel,I-ATTRIBUTE
173,storage,I-ATTRIBUTE
173,but,O
173,no,O
173,"sinc""",I-ATTRIBUTE
174,I,O
174,want,O
174,just,O
174,this,O
174,cabinet,I-PRODUCT
174,without,O
174,the,O
174,top,I-ATTRIBUTE
174,as,O
174,i,O
174,want,O
174,top,I-PRODUCT
174,mounted,I-PRODUCT
174,basins,I-PRODUCT
174,on,O
174,a,O
174,surface,O
174,matching,O
174,my,O
174,kitchen,O
175,Looking,O
175,for,O
175,a,O
175,pivot,I-PRODUCT
175,shower,I-PRODUCT
175,door,I-PRODUCT
175,in,O
175,black,I-COLOUR
175,to,O
175,fit,O
175,a,O
175,33,I-SIZE
175,inch,I-SIZE
175,opening,O
175,preferably,O
175,but,O
175,not,O
175,necessarily.,O
176,bathtub,I-PRODUCT
176,without,O
176,faucet?,I-ATTRIBUTE
177,"""Can",O
177,you,O
177,order,O
177,the,O
177,"59""""",I-SIZE
177,bathrub,I-PRODUCT
177,without,O
177,the,O
177,"faucet?""",I-ATTRIBUTE
178,I,O
178,want,O
178,Grey,I-COLOUR
178,toilet,I-PRODUCT
178,not,O
179,"returned,",O
179,decided,O
179,against,O
179,this,O
179,product,O
180,Awesome,O
180,heater,O
180,for,O
180,the,O
180,electrical,I-PRODUCT
180,requirements,I-PRODUCT
181,Keeps,O
181,the,O
181,mist,O
181,of,O
181,your,O
181,wood,O
181,trim,O
181,and,O
181,on,O
181,you,O
182,i,O
182,installed,O
182,this,O
182,10,I-SIZE
182,months,I-SIZE
182,"ago,",I-PRODUCT
182,instructions,I-PRODUCT
182,were,O
182,easy,O
182,and,O
182,it,O
182,worked,O
182,well,O
183,What,O
183,can,O
183,I,O
183,say,O
183,it,O
183,"broke,",O
183,and,O
183,forgot,O
183,the,O
183,warranty,I-PRODUCT
183,to,O
183,send,O
183,it,O
183,in,O
184,Much,O
184,better,O
184,than,O
184,other,O
184,brands,O
185,Not,O
185,good,O
185,for,O
185,only,O
185,hot,O
185,water,I-PRODUCT
185,heater,I-PRODUCT
185,for,O
185,house,O
186,I,O
186,use,O
186,this,O
186,to,O
186,make,O
186,my,O
186,matcha,O
186,tea,O
186,froth,O
186,up,O
187,Work,O
187,well,O
188,Good,O
188,for,O
188,overflow,I-PRODUCT
188,filter,I-PRODUCT
189,Super,I-PRODUCT
189,fast,I-PRODUCT
189,and,O
189,easy,O
189,to,O
189,install,I-ATTRIBUTE
190,I,O
190,used,O
190,these,O
190,to,O
190,hold,O
190,the,O
190,solar,O
190,panel,O
190,onto,O
190,the,O
190,roof,O
190,of,O
190,my,O
190,cargo,I-ATTRIBUTE
190,trailer,I-ATTRIBUTE
191,Was,O
191,a,O
191,little,O
191,skeptical,O
191,at,O
191,first,O
192,I,O
192,bought,O
192,this,O
192,for,O
192,my,O
192,neighbor,O
192,and,O
192,he,O
192,loves,O
192,it,O
193,arrived,O
193,in,O
193,good,O
193,shape,O
194,Super,I-PRODUCT
194,deal,I-PRODUCT
195,good,O
195,thenks,O
196,cheap,O
196,made,O
196,but,O
196,works,O
196,okay,O
197,If,O
197,these,O
197,don't,O
197,make,O
197,you,O
197,smile,O
197,ear,O
197,to,O
197,ear,O
197,&,O
197,have,O
197,a,O
197,warm,I-ATTRIBUTE
197,"heart,",I-ATTRIBUTE
197,nothing,I-ATTRIBUTE
197,will,I-ATTRIBUTE
198,super,O
198,strong,O
199,I,O
199,think,O
199,these,O
199,look,O
199,very,O
199,cool,O
199,little,O
199,fibers,O
199,attached,O
199,to,O
199,the,O
199,flake,O
199,give,O
199,off,O
199,a,O
199,cool,I-ATTRIBUTE
199,sparkle,I-ATTRIBUTE
200,Fantastic,O
200,item,O
200,for,O
200,Morris,O
200,Canal,O
200,and,O
200,NJ,O
200,history,O
200,fans,O
201,Love,O
201,this,O
201,book,O
202,Great,I-PRODUCT
202,quality,I-PRODUCT
202,great,I-PRODUCT
202,value,I-PRODUCT
203,Does,O
203,the,O
203,job,O
204,Quick,I-PRODUCT
204,"delivery,",I-PRODUCT
204,no,O
204,problems,I-ATTRIBUTE
205,Looks,O
205,good,O
205,and,O
205,is,O
205,functional,O
206,Work,O
206,great,O
207,They,O
207,work,O
207,perfectly,O
207,that's,O
207,all,O
207,I,O
207,can,O
207,say,O
208,Super,O
208,great,O
208,clip,O
208,for,O
208,the,O
208,low,O
208,price,O
209,I,O
209,purchased,O
209,this,O
209,as,O
209,a,O
209,Christmas,I-ATTRIBUTE
209,gift,I-ATTRIBUTE
209,for,O
209,friends,O
209,who,O
209,moved,O
209,to,O
209,a,O
209,new,O
209,home,O
209,and,O
209,it,O
209,was,O
209,very,O
209,well,O
209,received,O
210,SUPER,I-PRODUCT
210,quality,I-PRODUCT
210,item,I-PRODUCT
211,strong,O
211,and,O
211,very,O
211,durable,O
211,with,O
211,lots,O
211,of,O
211,pages,O
212,Exactly,O
212,as,O
212,explained-,O
213,A,O
213,very,O
213,nice,O
213,dated,I-ATTRIBUTE
213,Christmas,I-ATTRIBUTE
213,ornament,I-ATTRIBUTE
214,Measurement,O
214,advertised,O
214,is,O
214,incorrect,I-PRODUCT
215,Beautiful,O
216,These,O
216,work,O
216,great,O
217,Great,O
217,"item,",O
217,highly,O
217,recommend,O
218,I,O
218,use,O
218,it,O
218,to,O
218,cover,O
218,intakes,O
218,for,O
218,powerheads,O
218,and,O
218,outside,O
218,filters,O
219,I,O
219,searched,O
219,all,O
219,around,O
219,for,O
219,a,O
219,sticker,I-PRODUCT
219,book,I-PRODUCT
219,for,O
219,my,O
219,"children,",O
219,but,O
219,could,O
219,only,O
219,find,O
219,junky,O
219,"ones,",O
219,until,O
219,this,O
220,This,O
220,product,O
220,works,O
220,"perfect,",O
220,could,O
220,not,O
220,be,O
220,better,O
221,"Light,",O
221,flexible,O
221,and,O
221,adaptable,I-ATTRIBUTE
222,love,O
222,this,O
222,little,O
222,"light,",O
222,is,O
222,as,O
222,"advertised,",O
222,works,O
222,great,O
223,Works,O
223,fine,O
224,Magnificent,O
225,Not,O
225,my,O
225,first,O
225,book,O
225,"light,",O
225,sad,O
225,to,O
225,"admit,",O
225,but,O
225,this,O
225,one,O
225,offers:,O
226,Two,O
226,levels,O
226,of,O
226,"brightness,",I-ATTRIBUTE
226,adjusted,I-ATTRIBUTE
226,by,O
226,pressing,O
226,the,O
226,"button,",I-PRODUCT
226,Batteries,I-PRODUCT
226,"included,",I-PRODUCT
226,A,O
226,flexible,I-ATTRIBUTE
226,neck,I-PRODUCT
226,that,O
226,makes,O
226,it,O
226,easy,O
226,to,O
226,avoid,O
226,hot,O
226,spots,O
226,on,O
226,"pages,",O
226,and,O
226,I,O
226,just,O
226,love,O
226,the,O
226,purple,O
226,color,O
227,nice,O
227,"size,2nd",O
227,one,O
227,i,O
227,"own,bright",O
227,enough,O
227,for,O
227,my,O
227,"purpose,lighting",O
227,an,O
227,exercise,I-ATTRIBUTE
227,monitor,I-PRODUCT
227,with,O
227,no,O
227,backlite,I-ATTRIBUTE
228,Perfect,O
228,for,O
228,night,I-ATTRIBUTE
228,reading,I-ATTRIBUTE
229,Excellent,I-PRODUCT
229,product,I-PRODUCT
230,Excellent,I-PRODUCT
230,product,I-PRODUCT
231,WIFE,O
231,READS,O
231,DAILY,O
231,AND,O
231,USES,I-SIZE
231,IT,I-SIZE
231,ALWAYS,I-SIZE
232,Christmas,O
232,gift,O
232,for,O
232,my,O
232,grandson,O
232,who,O
232,loves,O
232,to,O
232,read,O
233,Great,O
233,little,O
233,reading,O
233,"light,",O
233,at,O
233,times,O
233,it,O
233,can,O
233,be,O
233,too,O
233,bright,O
233,next,O
233,to,O
233,someone,O
233,in,O
233,bed,O
233,but,O
233,it's,O
233,better,O
233,than,O
233,a,O
233,lamp,O
233,or,O
233,ceiling,O
233,light,O
234,Smaller,I-PRODUCT
234,than,O
234,I,O
234,though,O
234,but,O
234,it,O
234,is,O
234,bright,O
234,and,O
234,light,I-ATTRIBUTE
234,weight,I-ATTRIBUTE
235,This,O
235,is,O
235,the,O
235,second,O
235,one,O
235,I,O
235,have,O
235,purchased,O
236,Wonderful,O
236,little,O
236,"light,",I-PRODUCT
236,perfect,I-PRODUCT
236,for,O
236,young,O
236,and,O
236,old,O
237,Great,I-PRODUCT
237,item,I-PRODUCT
237,-,I-PRODUCT
237,better,I-PRODUCT
237,quality,I-PRODUCT
237,than,O
237,"picture,",O
237,very,O
237,pleased,O
238,Handy,O
238,but,O
238,not,O
238,quite,O
238,bright,I-PRODUCT
238,enough,O
238,and,O
238,batteries,O
238,run,O
238,down,O
238,fairly,O
238,quickly,O
239,I,O
239,have,O
239,several,O
239,books,O
239,I,O
239,need,O
239,to,O
239,read,O
239,for,O
239,an,O
239,apprenticeship,I-PRODUCT
239,I'm,O
239,beginning,O
239,soon,O
239,and,O
239,the,O
239,lighting,O
239,in,O
239,our,O
239,house,O
239,at,O
239,night,O
239,isn't,O
239,good,O
239,enough,O
239,for,O
239,reading,O
240,So,O
240,much,O
240,better,O
240,than,O
240,plastic,I-PRODUCT
240,mug,I-PRODUCT
240,types--keeps,I-PRODUCT
240,coffee,I-PRODUCT
240,warm,I-PRODUCT
240,and,O
240,doesn't,O
240,stain,O
241,I,O
241,like,O
241,my,O
241,coffee,I-ATTRIBUTE
241,hot;,I-PRODUCT
241,borderline,I-PRODUCT
241,scorching,O
241,but,O
241,drinkable,I-ATTRIBUTE
242,This,O
242,mug,O
242,does,O
242,only,O
242,a,O
242,fair,I-ATTRIBUTE
242,job,I-ATTRIBUTE
242,of,I-ATTRIBUTE
242,keeping,I-ATTRIBUTE
242,coffee,I-ATTRIBUTE
242,hot,O
243,This,O
243,cup,O
243,worked,O
243,well,O
244,Have,O
244,not,O
244,used,O
244,it,O
244,often,O
244,"enough,",O
244,but,O
244,does,O
244,what,O
244,it,O
244,is,O
244,supposed,O
244,to,O
244,"do,",O
244,"ie,",O
244,keeps,O
244,drinks,O
244,hot,O
244,AND,O
244,does,O
244,NOT,O
244,leak,O
245,These,O
245,mugs,O
245,do,O
245,what,O
245,they,O
245,are,O
245,designed,O
245,to,O
245,"do,",O
245,i,O
246,I,O
246,purchased,O
246,two,O
246,of,O
246,these,O
246,cups,O
246,for,O
246,camping,O
246,but,O
246,I,O
246,like,O
246,them,O
246,so,O
246,much,O
246,I,O
246,use,O
246,one,O
246,daily,O
247,Overall,O
247,it,O
247,is,O
247,a,O
247,nice,O
247,mug,O
248,I,O
248,love,O
248,this,O
248,mug,O
249,Very,O
249,cool,I-PRODUCT
249,sticker,I-PRODUCT
249,book,I-PRODUCT
250,Its,O
250,a,O
250,nice,O
250,variation,O
250,on,O
250,the,O
250,kids,O
250,book,O
250,and,O
250,the,O
250,little,O
250,cookies,O
250,disapear,O
250,as,O
250,you,O
250,turn,O
250,the,O
250,pages,O
251,Purchased,O
251,this,O
251,book,O
251,as,O
251,a,O
251,gift,I-ATTRIBUTE
251,for,O
251,the,O
251,"grandchildren,",I-PRODUCT
251,it,O
251,has,O
251,a,O
251,cute,I-ATTRIBUTE
251,story,I-ATTRIBUTE
251,and,O
251,the,O
251,raised,O
251,cookies,O
251,are,O
251,fun,O
251,to,O
251,count,O
252,This,O
252,book,O
252,is,O
252,cute,O
252,my,O
252,18,I-SIZE
252,month,I-SIZE
252,old,O
252,likes,O
252,it,O
253,I,O
253,originally,O
253,only,O
253,knew,O
253,this,O
253,story/song,O
253,in,O
253,French,O
254,This,O
254,is,O
254,so,O
254,mini,I-PRODUCT
254,"edition,",I-PRODUCT
254,that,O
254,they,O
254,should,O
254,have,O
254,written,O
254,the,O
254,word,O
254,'mini',O
254,in,O
254,smaller,O
254,print,O
255,Cute,O
255,and,O
255,fun,O
255,way,O
255,to,O
255,introduce,O
255,children,O
255,to,O
255,Spanish,O
256,Perfect,O
257,absolute,O
257,fun,O
258,These,O
258,seem,O
258,great,O
259,christmas,O
259,gift,O
260,good,O
261,I,O
261,bought,O
261,this,O
261,for,O
261,a,O
261,Spanish,I-PRODUCT
261,teacher,I-PRODUCT
261,I,O
261,know,O
261,to,O
261,help,O
261,the,O
261,students,O
261,in,O
261,her,I-SIZE
261,class,I-SIZE
261,with,O
261,learning,I-ATTRIBUTE
261,disabilities,I-ATTRIBUTE
261,and,O
261,the,O
261,reluctant,O
261,writers,O
262,I,O
262,am,O
262,learning,O
262,Mandarin,O
262,Chinese,O
262,and,O
262,my,O
262,husband,O
262,(who,O
262,is,O
262,Taiwanese),O
262,has,O
262,been,O
262,using,O
262,these,O
262,with,O
262,me,O
262,to,O
262,leave,O
262,messages,O
262,on,O
262,the,O
262,fridge,O
262,for,O
262,me,O
262,to,O
262,translate,O
262,and,O
262,reply,O
262,to,O
263,Worth,O
263,the,O
263,price,I-ATTRIBUTE
264,I,O
264,struggle,O
264,to,O
264,make,O
264,sentences,I-PRODUCT
264,that,O
264,make,O
264,"sense,",O
264,because,O
264,my,O
264,spanish,O
264,isn't,O
264,up,O
264,to,O
264,the,O
264,task,O
264,"yet,",O
264,but,O
264,it,O
264,is,O
264,still,O
264,fun,O
264,to,O
264,try,O
265,This,O
265,is,O
265,an,O
265,"interesting,",I-ATTRIBUTE
265,audience-specific,I-ATTRIBUTE
265,Magnetic,I-ATTRIBUTE
265,Poetry,I-ATTRIBUTE
265,word,I-ATTRIBUTE
265,collection,I-ATTRIBUTE
266,I,O
266,am,O
266,a,O
266,huge,O
266,fan,O
266,of,O
266,these,O
266,word,O
266,games,O
267,Its,O
267,certainly,O
267,filled,O
267,with,O
267,innuendos,I-ATTRIBUTE
268,FUN,O
268,GIFT,O
268,for,O
268,any,O
268,college,I-PRODUCT
268,student,I-PRODUCT
269,These,O
269,are,O
269,hilarious,O
270,this,O
270,was,O
270,alright,O
271,These,O
271,are,O
271,fun,O
271,and,O
271,some,O
271,of,O
271,my,O
271,friends,O
271,enjoy,O
271,making,O
271,up,O
271,cheesy,O
271,pickup,O
271,lines,O
271,to,O
271,use,O
271,at,O
271,the,O
271,bar,O
272,This,O
272,magnetic,O
272,fridge,O
272,kit,O
272,is,O
272,pretty,O
272,awesome,O
273,Fun,O
273,words,O
273,on,O
273,the,O
273,fridge,O
274,Why,O
274,wouldn't,O
274,this,O
274,get,O
274,5,I-SIZE
274,stars?,I-SIZE
275,Bought,O
275,this,O
275,for,O
275,my,O
275,stepdaughter,I-PRODUCT
275,when,O
275,she,O
275,started,I-ATTRIBUTE
275,college,I-ATTRIBUTE
276,Love,O
276,the,O
276,words,O
277,A,O
277,plethora,O
277,of,O
277,words,O
277,to,O
277,make,O
277,varied,O
277,sentences,O
278,Funny,O
279,These,O
279,are,O
279,hilariously,O
279,fun,O
280,While,O
280,mostly,O
280,coffee,I-ATTRIBUTE
280,specific,I-PRODUCT
280,"words,",I-PRODUCT
280,this,O
280,kit,O
280,will,O
280,also,O
280,add,O
280,variety,O
280,to,O
280,other,O
280,kits,O
281,I'm,O
281,probably,O
281,the,O
281,most,O
281,oblivious,O
281,person,I-ATTRIBUTE
281,possible,I-ATTRIBUTE
281,-,O
281,but,O
281,I,O
281,thought,O
281,this,O
281,was,O
281,about,O
281,cats,O
281,when,O
281,I,O
281,bought,O
281,it,O
281,for,O
281,a,O
281,present,O
282,These,O
282,are,O
282,"great,",O
282,but,O
282,not,O
282,nearly,O
282,as,O
282,many,O
282,f-bombs,O
282,as,O
282,one,O
282,would,O
282,expect,O
283,Great,I-PRODUCT
283,secret,I-PRODUCT
283,santa,I-PRODUCT
283,gift,I-PRODUCT
283,for,O
283,a,O
283,weather,I-PRODUCT
283,person,I-PRODUCT
284,Fun,O
285,good,O
285,"words,",O
285,could,O
285,be,O
285,more,O
285,magnetic,O
286,As,O
286,long,O
286,as,O
286,you,O
286,know,O
286,what,O
286,your,O
286,are,O
286,buying,O
286,"here,",O
286,this,O
286,is,O
286,a,O
286,fun,I-PRODUCT
286,magnet,I-PRODUCT
286,set,I-PRODUCT
286,for,O
286,your,O
286,fridge,O
287,These,O
287,are,O
287,"hilarious,",I-ATTRIBUTE
287,and,O
287,a,O
287,big,O
287,hit,O
287,on,O
287,our,O
287,fridge,O
288,Lots,O
288,of,O
288,fun,O
288,F,O
288,bombs,O
288,in,O
288,this,O
288,little,O
288,box,O
289,nice,O
289,"set,",O
289,really,O
289,funny,O
290,great,O
291,UPDATE:,O
291,These,O
291,have,O
291,since,O
291,come,O
291,down,O
291,as,O
291,they,O
291,were,O
291,leaving,O
291,small,O
291,rusty,O
291,scratches/marks,O
291,on,O
291,my,O
291,stainless,I-ATTRIBUTE
291,steel,I-ATTRIBUTE
291,fridge,I-ATTRIBUTE
292,Perfect,O
292,for,O
292,recent,O
292,grad,I-ATTRIBUTE
292,headed,I-ATTRIBUTE
292,for,O
292,college,I-PRODUCT
292,with,O
292,her,I-ATTRIBUTE
292,magnetic,I-ATTRIBUTE
292,white,I-COLOUR
292,board,I-ATTRIBUTE
293,Ever,O
293,want,O
293,your,O
293,fridge,O
293,to,O
293,be,O
293,a,O
293,little,O
293,more,O
294,Gift,O
294,for,O
294,a,O
294,"friend,",I-PRODUCT
294,it,O
294,was,O
294,very,O
294,well,O
294,received,O
295,Fun,O
296,Smaller,I-PRODUCT
296,than,O
296,expected,O
296,but,O
296,lots,O
296,of,O
296,fun,O
296,when,O
296,company,O
296,is,O
296,over,O
297,Gift,O
297,for,O
297,my,O
297,guy,I-PRODUCT
297,friends',I-PRODUCT
297,apartment,I-PRODUCT
298,My,O
298,beer,O
298,making,O
298,hubby,O
298,loved,O
298,it,O
299,Bought,O
299,for,O
299,my,O
299,sons,I-PRODUCT
299,college,I-PRODUCT
299,home,I-PRODUCT
299,and,O
299,it,O
299,is,O
299,a,O
299,huge,O
299,hit,O
300,Love,O
300,these,O
300,magnets,O
301,These,O
301,things,O
301,are,O
301,so,O
301,much,O
301,fun,O
302,product,O
302,as,O
302,"described,",O
302,works,O
302,well,O
303,Great,O
303,fun,O
304,Fun,O
305,There,O
305,were,O
305,WAY,O
305,more,O
305,words,O
305,than,O
305,I,O
305,expected,O
305,in,O
305,this,O
305,little,O
305,box,O
306,These,O
306,are,O
306,good,O
306,but,O
306,as,O
306,others,O
306,have,O
306,"said,",O
306,they're,O
306,better,O
306,if,O
306,you,O
306,have,O
306,a,O
306,regular,O
306,set,O
306,of,O
306,refrigerator,I-ATTRIBUTE
306,magnets,I-ATTRIBUTE
306,because,O
306,this,O
306,"set,",O
306,while,O
306,containing,O
306,a,O
306,great,O
306,mix,O
306,of,O
306,"profanity,",O
306,is,O
306,lack,O
306,a,O
306,lot,O
306,of,O
306,structural,O
306,content,O
306,so,O
306,it's,O
306,hard,O
306,to,O
306,really,O
306,make,O
306,a,O
306,sentence,O
306,which,O
306,takes,O
306,away,O
306,some,O
306,of,O
306,the,O
306,novelty,O
306,of,O
306,having,O
306,these,O
306,magnets,O
306,in,O
306,the,O
306,first,O
306,place,O
307,Marvelous,O
308,This,O
308,was,O
308,a,O
308,gift,O
308,for,O
308,my,O
308,college-age,I-PRODUCT
308,granddaughter,I-PRODUCT
309,Bought,O
309,this,O
309,for,O
309,my,O
309,secret,I-PRODUCT
309,santa,I-PRODUCT
309,giftee,I-PRODUCT
309,on,O
309,reddit,O
310,So,O
310,when,O
310,I,O
310,bought,O
310,this,O
310,I,O
310,really,O
310,could,O
310,not,O
310,wait,O
310,to,O
310,come,O
310,up,O
310,with,O
310,many,O
310,weird,I-ATTRIBUTE
310,movie,I-ATTRIBUTE
310,lines,O
310,but,O
310,sadly,O
310,the,O
310,lines,O
310,given,O
310,make,O
310,it,O
310,hard,O
310,to,O
310,create,O
310,anything,O
310,that,O
310,sounds,O
310,good,O
311,This,O
311,was,O
311,a,O
311,great,O
311,purchase,O
312,I,O
312,find,O
312,the,O
312,Wilton,O
312,yearbook's,O
312,get,O
312,worse,O
312,every,O
312,year,O
313,A,O
313,nice,O
313,book,O
313,but,O
313,is,O
313,mainly,O
313,for,O
313,fondant,O
313,and,O
313,gum,O
313,paste,O
314,This,O
314,is,O
314,the,O
314,first,O
314,Wilton,O
314,yearbook,I-ATTRIBUTE
314,I've,I-ATTRIBUTE
314,ever,I-ATTRIBUTE
314,purchased,I-ATTRIBUTE
315,Jammed,O
315,packed,O
315,with,O
315,so,I-ATTRIBUTE
315,much,I-ATTRIBUTE
315,knowledge,I-ATTRIBUTE
316,Book,O
316,arrived,O
316,in,O
316,perfect,O
316,condition,O
317,Need,O
317,more,O
317,details,O
317,and,O
317,pictures,O
318,great,O
318,product,O
319,was,O
319,not,O
319,like,O
319,the,O
319,old,O
319,yearbooks,O
320,excellent,O
320,working,O
320,like,O
320,new,O
320,still,O
320,from,O
320,the,O
320,day,O
320,it,O
320,was,O
320,purchase,O
320,up,O
320,on,O
320,till,O
320,now,O
321,Really,O
321,a,O
321,nice,O
321,book,O
322,This,O
322,is,O
322,chocked,O
322,full,O
322,of,O
322,great,O
322,ideas,O
323,This,O
323,book,O
323,is,O
323,the,O
323,first,O
323,I've,O
323,bought,O
323,for,O
323,many,O
323,years,O
324,I,O
324,saw,O
324,this,O
324,book,O
324,at,O
324,Target,I-ATTRIBUTE
324,and,O
324,flipped,O
324,through,O
324,it,O
325,Excellent,O
325,book,O
326,cute,O
326,and,O
326,made,O
326,in,O
326,America,O
327,These,O
327,are,O
327,great,O
327,bought,O
327,several,O
327,different,O
327,packs,O
327,for,O
327,my,O
327,fridge,O
328,Was,O
328,a,O
328,gift,O
328,for,O
328,my,O
328,brother,I-PRODUCT
328,and,O
328,he,O
328,is,O
328,having,O
328,tons,O
328,of,O
328,fun,O
328,with,O
328,this,O
329,Perfect,I-PRODUCT
329,Christmas,I-PRODUCT
329,gift,I-PRODUCT
330,perfect,O
330,for,O
330,what,O
330,I,O
330,needed,O
330,it,O
330,for,O
331,Provided,I-ATTRIBUTE
331,limited,I-ATTRIBUTE
331,entertainment,I-PRODUCT
331,for,O
331,holiday,O
331,house,O
331,guests,O
332,fun,O
332,and,O
332,festive,O
333,Great,O
333,for,O
333,kids,O
333,learning,O
333,to,O
333,read,O
334,They,O
334,weren't,O
334,kidding,O
334,about,O
334,this,O
334,being,O
334,a,O
334,little,O
334,box,O
335,Students,O
335,in,O
335,my,O
335,office,O
335,exact,I-PRODUCT
335,comment:,I-PRODUCT
335,"""These",O
335,are,O
335,great,O
336,love,O
336,it,O
337,The,O
337,price,O
337,is,O
337,waaaaay,O
337,too,O
337,high,O
337,for,O
337,this,O
337,tiny,O
337,tin,O
337,(like,O
337,about,O
337,1,I-SIZE
337,inch,I-SIZE
337,x,O
337,2,I-SIZE
337,inches),O
337,of,O
337,even,O
337,tinier,I-ATTRIBUTE
337,magnets,I-ATTRIBUTE
