,Tokens,X,_,Tags,is_negative
0,i,-X-,_,O,False
1,am,-X-,_,O,False
2,looking,-X-,_,O,False
3,for,-X-,_,O,False
4,a,-X-,_,O,False
5,black,-X-,_,B-COLOUR,False
6,gloss,-X-,_,B-TEXTURE,False
7,33,-X-,_,B-SIZE,False
8,inch,-X-,_,I-SIZE,False
9,fireclay,-X-,_,B-PRODUCT,False
10,apron,-X-,_,I-PRODUCT,False
11,sink,-X-,_,I-PRODUCT,False
12,,,,,
13,looking,-X-,_,O,False
14,for,-X-,_,O,False
15,pre,-X-,_,B-PRODUCT,False
16,workout,-X-,_,I-PRODUCT,False
17,pump,-X-,_,I-PRODUCT,False
18,addict,-X-,_,I-PRODUCT,False
19,instead,-X-,_,O,False
20,of,-X-,_,O,False
21,karbolyn,-X-,_,B-PRODUCT,True
22,hydrate,-X-,_,I-PRODUCT,True
23,with,-X-,_,O,False
24,one,-X-,_,O,False
25,is,-X-,_,O,False
26,better,-X-,_,O,False
27,?,-X-,_,O,False
28,,,,,
29,i,-X-,_,O,False
30,need,-X-,_,O,False
31,a,-X-,_,O,False
32,48,-X-,_,B-SIZE,False
33,inch,-X-,_,I-SIZE,False
34,glass,-X-,_,B-MATERIAL,False
35,sliding,-X-,_,B-PRODUCT,False
36,good,-X-,_,I-PRODUCT,False
37,and,-X-,_,O,False
38,a,-X-,_,O,False
39,shower,-X-,_,B-PRODUCT,False
40,pan,-X-,_,I-PRODUCT,False
41,system,-X-,_,I-PRODUCT,False
42,for,-X-,_,O,False
43,500.99,-X-,_,B-PRICE,False
44,or,-X-,_,I-PRICE,False
45,less,-X-,_,I-PRICE,False
46,,,,,
47,hello,-X-,_,O,False
48,",",-X-,_,O,False
49,do,-X-,_,O,False
50,any,-X-,_,O,False
51,of,-X-,_,O,False
52,your,-X-,_,O,False
53,free,-X-,_,B-ATTRIBUTE,False
54,standing,-X-,_,I-ATTRIBUTE,False
55,stubs,-X-,_,B-PRODUCT,False
56,have,-X-,_,O,False
57,a,-X-,_,O,False
58,matte,-X-,_,B-TEXTURE,False
59,white,-X-,_,B-COLOUR,False
60,finish,-X-,_,O,False
61,instead,-X-,_,O,False
62,of,-X-,_,O,False
63,a,-X-,_,O,False
64,glossy,-X-,_,B-TEXTURE,True
65,finish,-X-,_,O,False
66,?,-X-,_,O,False
67,,,,,
68,i,-X-,_,O,False
69,'m,-X-,_,O,False
70,looking,-X-,_,O,False
71,for,-X-,_,O,False
72,a,-X-,_,O,False
73,24,-X-,_,B-SIZE,False
74,inch,-X-,_,I-SIZE,False
75,white,-X-,_,B-COLOUR,False
76,mirror,-X-,_,B-PRODUCT,False
77,that,-X-,_,O,False
78,is,-X-,_,O,False
79,freestanding,-X-,_,B-ATTRIBUTE,False
80,and,-X-,_,O,False
81,reasonably,-X-,_,B-PRICE,False
82,priced,-X-,_,I-PRICE,False
83,.,-X-,_,O,False
84,,,,,
85,does,-X-,_,O,False
86,the,-X-,_,O,False
87,linen,-X-,_,B-MATERIAL,False
88,add,-X-,_,O,False
89,cotton,-X-,_,B-MATERIAL,False
90,duet,-X-,_,B-PRODUCT,False
91,cover,-X-,_,I-PRODUCT,False
92,come,-X-,_,O,False
93,in,-X-,_,O,False
94,king,-X-,_,B-SIZE,False
95,?,-X-,_,O,False
96,i,-X-,_,O,False
97,saw,-X-,_,O,False
98,it,-X-,_,O,False
99,in,-X-,_,O,False
100,the,-X-,_,O,False
101,store,-X-,_,O,False
102,but,-X-,_,O,False
103,i,-X-,_,O,False
104,do,-X-,_,O,False
105,n't,-X-,_,O,False
106,see,-X-,_,O,False
107,the,-X-,_,O,False
108,king,-X-,_,B-SIZE,False
109,size,-X-,_,I-SIZE,False
110,online,-X-,_,O,False
111,?,-X-,_,O,False
112,,,,,
113,hi,-X-,_,O,False
114,there,-X-,_,O,False
115,.,-X-,_,O,False
116,i,-X-,_,O,False
117,'m,-X-,_,O,False
118,looking,-X-,_,O,False
119,to,-X-,_,O,False
120,buy,-X-,_,O,False
121,some,-X-,_,O,False
122,throw,-X-,_,B-PRODUCT,False
123,blankets,-X-,_,I-PRODUCT,False
124,.,-X-,_,O,False
125,your,-X-,_,O,False
126,website,-X-,_,O,False
127,states,-X-,_,O,False
128,that,-X-,_,O,False
129,the,-X-,_,O,False
130,underside,-X-,_,O,False
131,of,-X-,_,O,False
132,the,-X-,_,O,False
133,double,-X-,_,B-MATERIAL,False
134,wool,-X-,_,I-MATERIAL,False
135,-,-X-,_,I-MATERIAL,False
136,like,-X-,_,I-MATERIAL,False
137,throw,-X-,_,B-PRODUCT,False
138,is,-X-,_,O,False
139,very,-X-,_,O,False
140,soft,-X-,_,B-TEXTURE,False
141,.,-X-,_,O,False
142,i,-X-,_,O,False
143,would,-X-,_,O,False
144,like,-X-,_,O,False
145,to,-X-,_,O,False
146,know,-X-,_,O,False
147,if,-X-,_,O,False
148,the,-X-,_,O,False
149,wool,-X-,_,B-MATERIAL,False
150,-,-X-,_,B-MATERIAL,False
151,like,-X-,_,B-MATERIAL,False
152,top,-X-,_,O,False
153,side,-X-,_,O,False
154,is,-X-,_,O,False
155,soft,-X-,_,B-TEXTURE,False
156,as,-X-,_,O,False
157,well,-X-,_,O,False
158,",",-X-,_,O,False
159,or,-X-,_,O,False
160,if,-X-,_,O,False
161,it,-X-,_,O,False
162,is,-X-,_,O,False
163,scratch,-X-,_,B-TEXTURE,True
164,.,-X-,_,O,False
165,i,-X-,_,O,False
166,have,-X-,_,O,False
167,hypersensitive,-X-,_,O,False
168,skin,-X-,_,O,False
169,and,-X-,_,O,False
170,need,-X-,_,O,False
171,a,-X-,_,O,False
172,blanket,-X-,_,B-PRODUCT,False
173,that,-X-,_,O,False
174,will,-X-,_,O,False
175,not,-X-,_,O,False
176,irritated,-X-,_,O,False
177,me,-X-,_,O,False
178,.,-X-,_,O,False
179,thanks,-X-,_,O,False
180,.,-X-,_,O,False
181,,,,,
182,long,-X-,_,B-SIZE,False
183,sharp,-X-,_,B-PRODUCT,False
184,jacket,-X-,_,I-PRODUCT,False
185,dark,-X-,_,B-COLOUR,False
186,brown,-X-,_,I-COLOUR,False
187,why,-X-,_,O,False
188,ca,-X-,_,O,False
189,n't,-X-,_,O,False
190,i,-X-,_,O,False
191,find,-X-,_,O,False
192,it,-X-,_,O,False
193,?,-X-,_,O,False
194,,,,,
195,hello,-X-,_,O,False
196,.,-X-,_,O,False
197,i,-X-,_,O,False
198,'m,-X-,_,O,False
199,looking,-X-,_,O,False
200,for,-X-,_,O,False
201,a,-X-,_,O,False
202,soft,-X-,_,B-TEXTURE,False
203,open,-X-,_,B-ATTRIBUTE,False
204,face,-X-,_,I-ATTRIBUTE,False
205,cardinal,-X-,_,B-PRODUCT,False
206,w,-X-,_,O,False
207,no,-X-,_,O,False
208,buttons,-X-,_,B-ATTRIBUTE,True
209,.,-X-,_,O,False
210,,,,,
211,hi,-X-,_,O,False
212,do,-X-,_,O,False
213,you,-X-,_,O,False
214,carry,-X-,_,O,False
215,any,-X-,_,O,False
216,oval,-X-,_,B-SHAPE,False
217,stubs,-X-,_,B-PRODUCT,False
218,in,-X-,_,O,False
219,a,-X-,_,O,False
220,matte,-X-,_,B-TEXTURE,False
221,white,-X-,_,B-COLOUR,False
222,finish,-X-,_,O,False
223,or,-X-,_,O,False
224,not,-X-,_,O,False
225,too,-X-,_,O,False
226,much,-X-,_,O,False
227,of,-X-,_,O,False
228,gloss,-X-,_,B-TEXTURE,True
229,?,-X-,_,O,False
230,i,-X-,_,O,False
231,know,-X-,_,O,False
232,they,-X-,_,O,False
233,make,-X-,_,O,False
234,solid,-X-,_,O,False
235,surface,-X-,_,O,False
236,but,-X-,_,O,False
237,higher,-X-,_,B-PRICE,False
238,prices,-X-,_,I-PRICE,False
239,.,-X-,_,O,False
240,thank,-X-,_,O,False
241,you,-X-,_,O,False
242,,,,,
243,do,-X-,_,O,False
244,you,-X-,_,O,False
245,not,-X-,_,O,False
246,have,-X-,_,O,False
247,above,-X-,_,B-ATTRIBUTE,False
248,shower,-X-,_,B-PRODUCT,False
249,walls,-X-,_,I-PRODUCT,False
250,?,-X-,_,O,False
251,,,,,
252,hi,-X-,_,O,False
253,i,-X-,_,O,False
254,'m,-X-,_,O,False
255,considering,-X-,_,O,False
256,a,-X-,_,O,False
257,bathtub,-X-,_,B-PRODUCT,False
258,wives,-X-,_,I-PRODUCT,False
259,panel,-X-,_,I-PRODUCT,False
260,.,-X-,_,O,False
261,i,-X-,_,O,False
262,assume,-X-,_,O,False
263,it,-X-,_,O,False
264,does,-X-,_,O,False
265,n't,-X-,_,O,False
266,matter,-X-,_,O,False
267,which,-X-,_,O,False
268,way,-X-,_,O,False
269,the,-X-,_,O,False
270,bathtub,-X-,_,B-PRODUCT,False
271,is,-X-,_,O,False
272,facing,-X-,_,O,False
273,?,-X-,_,O,False
274,,,,,
275,looking,-X-,_,O,False
276,for,-X-,_,O,False
277,a,-X-,_,O,False
278,above,-X-,_,B-ATTRIBUTE,False
279,shower,-X-,_,B-PRODUCT,False
280,base,-X-,_,I-PRODUCT,False
281,.,-X-,_,O,False
282,not,-X-,_,O,False
283,so,-X-,_,O,False
284,much,-X-,_,O,False
285,$,-X-,_,O,False
286,lol,-X-,_,O,False
287,,,,,
288,do,-X-,_,O,False
289,you,-X-,_,O,False
290,have,-X-,_,O,False
291,a,-X-,_,O,False
292,vanity,-X-,_,B-PRODUCT,False
293,tops,-X-,_,I-PRODUCT,False
294,or,-X-,_,O,False
295,wall,-X-,_,B-ATTRIBUTE,False
296,mount,-X-,_,I-ATTRIBUTE,False
297,sink,-X-,_,B-PRODUCT,False
298,without,-X-,_,O,False
299,facet,-X-,_,B-ATTRIBUTE,True
300,holes,-X-,_,I-ATTRIBUTE,True
301,?,-X-,_,O,False
302,,,,,
303,hi,-X-,_,O,False
304,!,-X-,_,O,False
305,!,-X-,_,O,False
306,i,-X-,_,O,False
307,'m,-X-,_,O,False
308,looking,-X-,_,O,False
309,for,-X-,_,O,False
310,a,-X-,_,O,False
311,60,-X-,_,B-SIZE,False
312,'',-X-,_,I-SIZE,False
313,wide,-X-,_,I-SIZE,False
314,tub,-X-,_,B-PRODUCT,False
315,but,-X-,_,O,False
316,a,-X-,_,O,False
317,soaked,-X-,_,B-ATTRIBUTE,False
318,type,-X-,_,I-ATTRIBUTE,False
319,that,-X-,_,O,False
320,s,-X-,_,O,False
321,deeper,-X-,_,B-ATTRIBUTE,False
322,than,-X-,_,O,False
323,a,-X-,_,O,False
324,regular,-X-,_,B-PRODUCT,True
325,tub,-X-,_,I-PRODUCT,True
326,do,-X-,_,O,False
327,you,-X-,_,O,False
328,have,-X-,_,O,False
329,this,-X-,_,O,False
330,type,-X-,_,O,False
331,?,-X-,_,O,False
332,i,-X-,_,O,False
333,do,-X-,_,O,False
334,n't,-X-,_,O,False
335,see,-X-,_,O,False
336,anything,-X-,_,O,False
337,deep,-X-,_,O,False
338,enough,-X-,_,O,False
339,on,-X-,_,O,False
340,your,-X-,_,O,False
341,site,-X-,_,O,False
342,,,,,
343,ok,-X-,_,O,False
344,thanks,-X-,_,O,False
345,.,-X-,_,O,False
346,i,-X-,_,O,False
347,'m,-X-,_,O,False
348,looking,-X-,_,O,False
349,for,-X-,_,O,False
350,a,-X-,_,O,False
351,pure,-X-,_,B-COLOUR,False
352,white,-X-,_,I-COLOUR,False
353,above,-X-,_,B-ATTRIBUTE,False
354,bathtub,-X-,_,B-PRODUCT,False
355,",",-X-,_,O,False
356,not,-X-,_,O,False
357,american,-X-,_,B-ATTRIBUTE,False
358,standard,-X-,_,I-ATTRIBUTE,False
359,or,-X-,_,O,False
360,any,-X-,_,O,False
361,off,-X-,_,B-COLOUR,True
362,whites,-X-,_,I-COLOUR,True
363,.,-X-,_,O,False
364,is,-X-,_,O,False
365,there,-X-,_,O,False
366,one,-X-,_,O,False
367,you,-X-,_,O,False
368,could,-X-,_,O,False
369,recommend,-X-,_,O,False
370,,,,,
371,hi,-X-,_,O,False
372,",",-X-,_,O,False
373,do,-X-,_,O,False
374,you,-X-,_,O,False
375,have,-X-,_,O,False
376,a,-X-,_,O,False
377,navy,-X-,_,B-COLOUR,False
378,mirror,-X-,_,B-PRODUCT,False
379,size,-X-,_,O,False
380,60x31,-X-,_,B-SIZE,False
381,.,-X-,_,O,False
382,you,-X-,_,O,False
383,have,-X-,_,O,False
384,it,-X-,_,O,False
385,for,-X-,_,O,False
386,the,-X-,_,O,False
387,gold,-X-,_,B-COLOUR,True
388,and,-X-,_,O,False
389,black,-X-,_,B-COLOUR,True
390,but,-X-,_,O,False
391,i,-X-,_,O,False
392,do,-X-,_,O,False
393,n't,-X-,_,O,False
394,want,-X-,_,O,False
395,it,-X-,_,O,False
396,for,-X-,_,O,False
397,the,-X-,_,O,False
398,navy,-X-,_,B-COLOUR,False
399,.,-X-,_,O,False
400,,,,,
401,hi,-X-,_,O,False
402,",",-X-,_,O,False
403,i,-X-,_,O,False
404,am,-X-,_,O,False
405,looking,-X-,_,O,False
406,for,-X-,_,O,False
407,a,-X-,_,O,False
408,floating,-X-,_,B-ATTRIBUTE,False
409,vanity,-X-,_,B-PRODUCT,False
410,with,-X-,_,O,False
411,integrated,-X-,_,B-ATTRIBUTE,False
412,sink,-X-,_,I-ATTRIBUTE,False
413,&,-X-,_,O,False
414,counter,-X-,_,B-ATTRIBUTE,False
415,top,-X-,_,I-ATTRIBUTE,False
416,with,-X-,_,O,False
417,no,-X-,_,O,False
418,drill,-X-,_,B-ATTRIBUTE,True
419,holes,-X-,_,I-ATTRIBUTE,True
420,for,-X-,_,O,False
421,the,-X-,_,O,False
422,facet,-X-,_,B-ATTRIBUTE,False
423,as,-X-,_,O,False
424,our,-X-,_,O,False
425,facets,-X-,_,B-ATTRIBUTE,False
426,are,-X-,_,O,False
427,wall,-X-,_,B-ATTRIBUTE,False
428,mounted,-X-,_,I-ATTRIBUTE,False
429,.,-X-,_,O,False
430,do,-X-,_,O,False
431,you,-X-,_,O,False
432,sell,-X-,_,O,False
433,the,-X-,_,O,False
434,,,,,
435,i,-X-,_,O,False
436,am,-X-,_,O,False
437,looking,-X-,_,O,False
438,for,-X-,_,O,False
439,soaked,-X-,_,B-ATTRIBUTE,False
440,tub,-X-,_,B-PRODUCT,False
441,but,-X-,_,O,False
442,do,-X-,_,O,False
443,not,-X-,_,O,False
444,want,-X-,_,O,False
445,stand,-X-,_,B-ATTRIBUTE,True
446,alone,-X-,_,I-ATTRIBUTE,True
447,.,-X-,_,O,False
448,i,-X-,_,O,False
449,am,-X-,_,O,False
450,replacing,-X-,_,O,False
451,my,-X-,_,O,False
452,oval,-X-,_,B-SHAPE,True
453,jacuzzi,-X-,_,B-PRODUCT,True
454,,,,,
455,where,-X-,_,O,False
456,is,-X-,_,O,False
457,the,-X-,_,O,False
458,mirror,-X-,_,B-PRODUCT,False
459,on,-X-,_,O,False
460,here,-X-,_,O,False
461,.,-X-,_,O,False
462,i,-X-,_,O,False
463,do,-X-,_,O,False
464,n't,-X-,_,O,False
465,want,-X-,_,O,False
466,linen,-X-,_,B-MATERIAL,True
467,cabinet,-X-,_,B-PRODUCT,True
468,,,,,
469,hello,-X-,_,O,False
470,",",-X-,_,O,False
471,i,-X-,_,O,False
472,need,-X-,_,O,False
473,a,-X-,_,O,False
474,stand,-X-,_,B-ATTRIBUTE,False
475,shower,-X-,_,B-PRODUCT,False
476,door,-X-,_,I-PRODUCT,False
477,only,-X-,_,O,False
478,",",-X-,_,O,False
479,no,-X-,_,O,False
480,side,-X-,_,B-ATTRIBUTE,True
481,panels,-X-,_,I-ATTRIBUTE,True
482,.,-X-,_,O,False
483,41,-X-,_,B-SIZE,False
484,inches,-X-,_,I-SIZE,False
485,wide,-X-,_,I-SIZE,False
486,,,,,
487,i,-X-,_,O,False
488,'m,-X-,_,O,False
489,looking,-X-,_,O,False
490,for,-X-,_,O,False
491,a,-X-,_,O,False
492,double,-X-,_,B-ATTRIBUTE,False
493,sink,-X-,_,B-PRODUCT,False
494,kitchen,-X-,_,I-PRODUCT,False
495,close,-X-,_,O,False
496,to,-X-,_,O,False
497,52,-X-,_,B-SIZE,False
498,inches,-X-,_,I-SIZE,False
499,no,-X-,_,O,False
500,bigger,-X-,_,B-SIZE,True
501,with,-X-,_,O,False
502,countertop,-X-,_,B-ATTRIBUTE,False
503,,,,,
504,i,-X-,_,O,False
505,'m,-X-,_,O,False
506,looking,-X-,_,O,False
507,for,-X-,_,O,False
508,bypass,-X-,_,O,False
509,shower,-X-,_,B-PRODUCT,False
510,doors,-X-,_,I-PRODUCT,False
511,in,-X-,_,O,False
512,chrome,-X-,_,B-MATERIAL,False
513,with,-X-,_,O,False
514,clear,-X-,_,B-MATERIAL,False
515,glass,-X-,_,I-MATERIAL,False
516,.,-X-,_,O,False
517,the,-X-,_,O,False
518,opening,-X-,_,O,False
519,would,-X-,_,O,False
520,be,-X-,_,O,False
521,for,-X-,_,O,False
522,a,-X-,_,O,False
523,59,-X-,_,B-SIZE,False
524,'',-X-,_,I-SIZE,False
525,width,-X-,_,I-SIZE,False
526,and,-X-,_,O,False
527,the,-X-,_,O,False
528,height,-X-,_,B-SIZE,False
529,i,-X-,_,O,False
530,'m,-X-,_,O,False
531,looking,-X-,_,O,False
532,for,-X-,_,O,False
533,is,-X-,_,O,False
534,76,-X-,_,B-SIZE,False
535,'',-X-,_,I-SIZE,False
536,.,-X-,_,O,False
537,i,-X-,_,O,False
538,do,-X-,_,O,False
539,n't,-X-,_,O,False
540,want,-X-,_,O,False
541,any,-X-,_,O,False
542,rubber,-X-,_,B-MATERIAL,True
543,seals,-X-,_,B-ATTRIBUTE,True
544,around,-X-,_,O,False
545,the,-X-,_,O,False
546,glass,-X-,_,B-MATERIAL,False
547,doors,-X-,_,B-PRODUCT,False
548,.,-X-,_,O,False
549,,,,,
550,i,-X-,_,O,False
551,am,-X-,_,O,False
552,looking,-X-,_,O,False
553,at,-X-,_,O,False
554,the,-X-,_,O,False
555,34,-X-,_,B-SIZE,False
556,'',-X-,_,I-SIZE,False
557,shower,-X-,_,B-PRODUCT,False
558,kit,-X-,_,I-PRODUCT,False
559,with,-X-,_,O,False
560,door,-X-,_,B-ATTRIBUTE,False
561,",",-X-,_,O,False
562,walls,-X-,_,B-ATTRIBUTE,False
563,",",-X-,_,O,False
564,base,-X-,_,B-ATTRIBUTE,False
565,and,-X-,_,O,False
566,glass,-X-,_,B-MATERIAL,False
567,shelves,-X-,_,B-ATTRIBUTE,False
568,.,-X-,_,O,False
569,,,,,
570,can,-X-,_,O,False
571,the,-X-,_,O,False
572,2,-X-,_,B-SIZE,True
573,'',-X-,_,I-SIZE,True
574,backlash,-X-,_,B-ATTRIBUTE,True
575,",",-X-,_,O,False
576,on,-X-,_,O,False
577,the,-X-,_,O,False
578,60,-X-,_,B-SIZE,False
579,'',-X-,_,I-SIZE,False
580,single,-X-,_,B-PRODUCT,False
581,sink,-X-,_,I-PRODUCT,False
582,countertop,-X-,_,I-PRODUCT,False
583,",",-X-,_,O,False
584,be,-X-,_,O,False
585,removed,-X-,_,O,False
586,?,-X-,_,O,False
587,or,-X-,_,O,False
588,is,-X-,_,O,False
589,the,-X-,_,O,False
590,counter,-X-,_,B-PRODUCT,False
591,and,-X-,_,O,False
592,backlash,-X-,_,B-ATTRIBUTE,False
593,one,-X-,_,O,False
594,piece,-X-,_,O,False
595,?,-X-,_,O,False
596,if,-X-,_,O,False
597,so,-X-,_,O,False
598,",",-X-,_,O,False
599,do,-X-,_,O,False
600,you,-X-,_,O,False
601,have,-X-,_,O,False
602,a,-X-,_,O,False
603,single,-X-,_,B-PRODUCT,False
604,sink,-X-,_,I-PRODUCT,False
605,",",-X-,_,O,False
606,white,-X-,_,B-COLOUR,False
607,60,-X-,_,B-SIZE,False
608,'',-X-,_,I-SIZE,False
609,vanity,-X-,_,B-PRODUCT,False
610,with,-X-,_,O,False
611,no,-X-,_,O,False
612,backlash,-X-,_,B-ATTRIBUTE,True
613,piece,-X-,_,I-ATTRIBUTE,True
614,?,-X-,_,O,False
615,,,,,
616,we,-X-,_,O,False
617,'re,-X-,_,O,False
618,looking,-X-,_,O,False
619,for,-X-,_,O,False
620,a,-X-,_,O,False
621,60,-X-,_,B-SIZE,False
622,inch,-X-,_,I-SIZE,False
623,left,-X-,_,B-ATTRIBUTE,False
624,drain,-X-,_,I-ATTRIBUTE,False
625,above,-X-,_,B-ATTRIBUTE,False
626,tub,-X-,_,B-PRODUCT,False
627,which,-X-,_,O,False
628,is,-X-,_,O,False
629,a,-X-,_,O,False
630,soaked,-X-,_,B-ATTRIBUTE,False
631,tub,-X-,_,B-PRODUCT,False
632,with,-X-,_,O,False
633,no,-X-,_,O,False
634,more,-X-,_,O,False
635,than,-X-,_,O,False
636,15,-X-,_,B-SIZE,True
637,'',-X-,_,I-SIZE,True
638,height,-X-,_,I-SIZE,True
639,.,-X-,_,O,False
640,in,-X-,_,O,False
641,white,-X-,_,B-COLOUR,False
642,.,-X-,_,O,False
643,,,,,
644,just,-X-,_,O,False
645,need,-X-,_,O,False
646,glass,-X-,_,B-MATERIAL,False
647,doors,-X-,_,B-PRODUCT,False
648,no,-X-,_,O,False
649,end,-X-,_,B-PRODUCT,True
650,glass,-X-,_,I-PRODUCT,True
651,,,,,
652,do,-X-,_,O,False
653,you,-X-,_,O,False
654,have,-X-,_,O,False
655,chrome,-X-,_,B-MATERIAL,False
656,column,-X-,_,B-SHAPE,False
657,-,-X-,_,B-SHAPE,False
658,style,-X-,_,B-SHAPE,False
659,showthread,-X-,_,B-PRODUCT,False
660,with,-X-,_,O,False
661,body,-X-,_,B-ATTRIBUTE,False
662,jets,-X-,_,I-ATTRIBUTE,False
663,and,-X-,_,O,False
664,rain,-X-,_,B-ATTRIBUTE,False
665,showthread,-X-,_,I-ATTRIBUTE,False
666,,,,,
667,i,-X-,_,O,False
668,live,-X-,_,O,False
669,in,-X-,_,O,False
670,_,-X-,_,O,False
671,_,-X-,_,O,False
672,location,-X-,_,O,False
673,_,-X-,_,O,False
674,_,-X-,_,O,False
675,and,-X-,_,O,False
676,i,-X-,_,O,False
677,am,-X-,_,O,False
678,looking,-X-,_,O,False
679,for,-X-,_,O,False
680,an,-X-,_,O,False
681,acrylic,-X-,_,B-MATERIAL,False
682,(,-X-,_,O,False
683,preference,-X-,_,O,False
684,),-X-,_,O,False
685,or,-X-,_,O,False
686,fiberglass,-X-,_,B-MATERIAL,False
687,shower,-X-,_,B-PRODUCT,False
688,base,-X-,_,I-PRODUCT,False
689,.,-X-,_,O,False
690,i,-X-,_,O,False
691,need,-X-,_,O,False
692,a,-X-,_,O,False
693,50,-X-,_,B-SIZE,False
694,inch,-X-,_,I-SIZE,False
695,wide,-X-,_,I-SIZE,False
696,by,-X-,_,O,False
697,34,-X-,_,B-SIZE,False
698,inch,-X-,_,I-SIZE,False
699,deep,-X-,_,I-SIZE,False
700,with,-X-,_,O,False
701,a,-X-,_,O,False
702,5,-X-,_,B-SIZE,False
703,inch,-X-,_,I-SIZE,False
704,single,-X-,_,B-ATTRIBUTE,False
705,threshold,-X-,_,I-ATTRIBUTE,False
706,,,,,
707,looking,-X-,_,O,False
708,for,-X-,_,O,False
709,a,-X-,_,O,False
710,tub,-X-,_,B-PRODUCT,False
711,/,-X-,_,B-PRODUCT,False
712,shower,-X-,_,B-PRODUCT,False
713,righthand,-X-,_,B-ATTRIBUTE,False
714,and,-X-,_,O,False
715,one,-X-,_,O,False
716,lefthand,-X-,_,B-ATTRIBUTE,False
717,",",-X-,_,O,False
718,what,-X-,_,O,False
719,are,-X-,_,O,False
720,my,-X-,_,O,False
721,options,-X-,_,O,False
722,?,-X-,_,O,False
723,,,,,
724,i,-X-,_,O,False
725,am,-X-,_,O,False
726,looking,-X-,_,O,False
727,for,-X-,_,O,False
728,a,-X-,_,O,False
729,freestanding,-X-,_,B-ATTRIBUTE,False
730,tub,-X-,_,B-PRODUCT,False
731,with,-X-,_,O,False
732,a,-X-,_,O,False
733,bathing,-X-,_,B-ATTRIBUTE,False
734,well,-X-,_,I-ATTRIBUTE,False
735,bottom,-X-,_,I-ATTRIBUTE,False
736,length,-X-,_,B-SIZE,False
737,of,-X-,_,I-SIZE,False
738,45,-X-,_,I-SIZE,False
739,inches,-X-,_,I-SIZE,False
740,minimum,-X-,_,O,False
741,,,,,
742,i,-X-,_,O,False
743,'m,-X-,_,O,False
744,looking,-X-,_,O,False
745,for,-X-,_,O,False
746,a,-X-,_,O,False
747,round,-X-,_,B-SHAPE,False
748,shower,-X-,_,B-PRODUCT,False
749,around,-X-,_,O,False
750,73,-X-,_,B-SIZE,False
751,inches,-X-,_,I-SIZE,False
752,high,-X-,_,I-SIZE,False
753,,,,,
754,i,-X-,_,O,False
755,'m,-X-,_,O,False
756,looking,-X-,_,O,False
757,to,-X-,_,O,False
758,buy,-X-,_,O,False
759,a,-X-,_,O,False
760,42,-X-,_,B-SIZE,False
761,'',-X-,_,I-SIZE,False
762,gaze,-X-,_,B-PRODUCT,False
763,with,-X-,_,O,False
764,no,-X-,_,O,False
765,more,-X-,_,O,False
766,than,-X-,_,O,False
767,21,-X-,_,B-SIZE,True
768,'',-X-,_,I-SIZE,True
769,depth,-X-,_,I-SIZE,True
770,,,,,
771,do,-X-,_,O,False
772,you,-X-,_,O,False
773,have,-X-,_,O,False
774,shelves,-X-,_,B-PRODUCT,False
775,that,-X-,_,O,False
776,mount,-X-,_,O,False
777,to,-X-,_,O,False
778,a,-X-,_,O,False
779,wall,-X-,_,O,False
780,",",-X-,_,O,False
781,no,-X-,_,O,False
782,screw,-X-,_,B-ATTRIBUTE,True
783,30,-X-,_,B-SIZE,False
784,inches,-X-,_,I-SIZE,False
785,,,,,
786,_,-X-,_,B-PRODUCT,False
787,_,-X-,_,B-PRODUCT,False
788,brand,-X-,_,B-PRODUCT,False
789,_,-X-,_,B-PRODUCT,False
790,_,-X-,_,B-PRODUCT,False
791,bathtub,-X-,_,I-PRODUCT,False
792,58,-X-,_,B-SIZE,False
793,in,-X-,_,I-SIZE,False
794,.,-X-,_,O,False
795,x,-X-,_,O,False
796,5,-X-,_,B-SIZE,False
797,in,-X-,_,I-SIZE,False
798,.,-X-,_,O,False
799,4,-X-,_,B-ATTRIBUTE,False
800,-,-X-,_,B-ATTRIBUTE,False
801,jet,-X-,_,B-ATTRIBUTE,False
802,high,-X-,_,I-ATTRIBUTE,False
803,pressure,-X-,_,I-ATTRIBUTE,False
804,shower,-X-,_,B-PRODUCT,False
805,panel,-X-,_,I-PRODUCT,False
806,system,-X-,_,I-PRODUCT,False
807,with,-X-,_,O,False
808,square,-X-,_,B-ATTRIBUTE,False
809,rain,-X-,_,I-ATTRIBUTE,False
810,shower,-X-,_,I-ATTRIBUTE,False
811,head,-X-,_,I-ATTRIBUTE,False
812,and,-X-,_,O,False
813,tub,-X-,_,B-ATTRIBUTE,False
814,filler,-X-,_,I-ATTRIBUTE,False
815,in,-X-,_,O,False
816,matte,-X-,_,B-TEXTURE,False
817,black,-X-,_,B-COLOUR,False
818,model,-X-,_,O,False
819,,,,,
820,yes,-X-,_,O,False
821,",",-X-,_,O,False
822,i,-X-,_,O,False
823,bought,-X-,_,O,False
824,a,-X-,_,O,False
825,tub,-X-,_,B-PRODUCT,False
826,from,-X-,_,O,False
827,you,-X-,_,O,False
828,",",-X-,_,O,False
829,i,-X-,_,O,False
830,am,-X-,_,O,False
831,looking,-X-,_,O,False
832,for,-X-,_,O,False
833,a,-X-,_,O,False
834,adjustable,-X-,_,B-ATTRIBUTE,False
835,screw,-X-,_,B-PRODUCT,False
836,that,-X-,_,O,False
837,attaches,-X-,_,O,False
838,to,-X-,_,O,False
839,the,-X-,_,O,False
840,plug,-X-,_,O,False
841,.,-X-,_,O,False
842,,,,,
843,i,-X-,_,O,False
844,'m,-X-,_,O,False
845,looking,-X-,_,O,False
846,for,-X-,_,O,False
847,a,-X-,_,O,False
848,60,-X-,_,B-SIZE,False
849,inch,-X-,_,I-SIZE,False
850,white,-X-,_,B-COLOUR,False
851,bathtub,-X-,_,B-PRODUCT,False
852,that,-X-,_,O,False
853,is,-X-,_,O,False
854,freestanding,-X-,_,B-ATTRIBUTE,False
855,and,-X-,_,O,False
856,reasonably,-X-,_,B-PRICE,False
857,priced,-X-,_,I-PRICE,False
858,,,,,
859,i,-X-,_,O,False
860,'m,-X-,_,O,False
861,looking,-X-,_,O,False
862,for,-X-,_,O,False
863,flavored,-X-,_,B-ATTRIBUTE,True
864,mass,-X-,_,B-PRODUCT,False
865,gained,-X-,_,I-PRODUCT,False
866,protein,-X-,_,I-PRODUCT,False
867,,,,,
868,do,-X-,_,O,False
869,you,-X-,_,O,False
870,have,-X-,_,O,False
871,a,-X-,_,O,False
872,wall,-X-,_,B-ATTRIBUTE,False
873,mount,-X-,_,I-ATTRIBUTE,False
874,sink,-X-,_,B-PRODUCT,False
875,without,-X-,_,O,False
876,a,-X-,_,O,False
877,facet,-X-,_,B-ATTRIBUTE,True
878,hole,-X-,_,I-ATTRIBUTE,True
879,,,,,
880,just,-X-,_,O,False
881,shower,-X-,_,B-PRODUCT,False
882,base,-X-,_,I-PRODUCT,False
883,without,-X-,_,O,False
884,walls,-X-,_,B-ATTRIBUTE,True
885,,,,,
886,i,-X-,_,O,False
887,'m,-X-,_,O,False
888,looking,-X-,_,O,False
889,for,-X-,_,O,False
890,a,-X-,_,O,False
891,shower,-X-,_,B-PRODUCT,False
892,unit,-X-,_,I-PRODUCT,False
893,",",-X-,_,O,False
894,60,-X-,_,B-SIZE,False
895,'',-X-,_,I-SIZE,False
896,wide,-X-,_,I-SIZE,False
897,by,-X-,_,O,False
898,42,-X-,_,B-SIZE,False
899,'',-X-,_,I-SIZE,False
900,deep,-X-,_,I-SIZE,False
901,",",-X-,_,O,False
902,with,-X-,_,O,False
903,no,-X-,_,O,False
904,seat,-X-,_,B-ATTRIBUTE,True
905,and,-X-,_,O,False
906,no,-X-,_,O,False
907,top,-X-,_,B-ATTRIBUTE,True
908,,,,,
909,luggage,-X-,_,B-PRODUCT,False
910,without,-X-,_,O,False
911,wheels,-X-,_,B-ATTRIBUTE,True
912,,,,,
913,i,-X-,_,O,False
914,found,-X-,_,O,False
915,a,-X-,_,O,False
916,vanity,-X-,_,B-PRODUCT,False
917,top,-X-,_,I-PRODUCT,False
918,i,-X-,_,O,False
919,love,-X-,_,O,False
920,but,-X-,_,O,False
921,it,-X-,_,O,False
922,has,-X-,_,O,False
923,only,-X-,_,O,False
924,one,-X-,_,B-ATTRIBUTE,True
925,hole,-X-,_,I-ATTRIBUTE,True
926,for,-X-,_,O,False
927,taps,-X-,_,B-ATTRIBUTE,False
928,and,-X-,_,O,False
929,that,-X-,_,O,False
930,does,-X-,_,O,False
931,n't,-X-,_,O,False
932,suit,-X-,_,O,False
933,our,-X-,_,O,False
934,needs,-X-,_,O,False
935,,,,,
936,careless,-X-,_,B-ATTRIBUTE,False
937,shower,-X-,_,B-PRODUCT,False
938,,,,,
939,walk,-X-,_,B-ATTRIBUTE,False
940,in,-X-,_,I-ATTRIBUTE,False
941,stubs,-X-,_,B-PRODUCT,False
942,for,-X-,_,O,False
943,seniors,-X-,_,B-ATTRIBUTE,False
944,,,,,
945,i,-X-,_,O,False
946,am,-X-,_,O,False
947,looking,-X-,_,O,False
948,for,-X-,_,O,False
949,a,-X-,_,O,False
950,shower,-X-,_,B-PRODUCT,False
951,door,-X-,_,I-PRODUCT,False
952,about,-X-,_,O,False
953,30,-X-,_,B-SIZE,False
954,inches,-X-,_,I-SIZE,False
955,,,,,
956,i,-X-,_,O,False
957,need,-X-,_,O,False
958,a,-X-,_,O,False
959,toilet,-X-,_,B-PRODUCT,False
960,that,-X-,_,O,False
961,is,-X-,_,O,False
962,only,-X-,_,O,False
963,28,-X-,_,B-SIZE,False
964,inches,-X-,_,I-SIZE,False
965,high,-X-,_,I-SIZE,False
966,,,,,
967,hi,-X-,_,O,False
968,",",-X-,_,O,False
969,i,-X-,_,O,False
970,am,-X-,_,O,False
971,looking,-X-,_,O,False
972,for,-X-,_,O,False
973,bathroom,-X-,_,B-PRODUCT,False
974,ed,-X-,_,I-PRODUCT,False
975,mirrors,-X-,_,I-PRODUCT,False
976,that,-X-,_,O,False
977,are,-X-,_,O,False
978,24,-X-,_,B-SIZE,False
979,inch,-X-,_,I-SIZE,False
980,.,-X-,_,O,False
981,that,-X-,_,O,False
982,are,-X-,_,O,False
983,hard,-X-,_,B-ATTRIBUTE,False
984,wired,-X-,_,I-ATTRIBUTE,False
985,and,-X-,_,O,False
986,can,-X-,_,O,False
987,be,-X-,_,O,False
988,turned,-X-,_,B-ATTRIBUTE,False
989,on,-X-,_,I-ATTRIBUTE,False
990,from,-X-,_,I-ATTRIBUTE,False
991,the,-X-,_,I-ATTRIBUTE,False
992,mirror,-X-,_,I-ATTRIBUTE,False
993,,,,,
994,denim,-X-,_,B-MATERIAL,False
995,skirts,-X-,_,B-PRODUCT,False
996,?,-X-,_,O,False
997,,,,,
998,touch,-X-,_,O,False
999,of,-X-,_,O,False
1000,linen,-X-,_,B-MATERIAL,False
1001,button,-X-,_,B-ATTRIBUTE,False
1002,skirt,-X-,_,B-PRODUCT,False
1003,in,-X-,_,O,False
1004,patterned,-X-,_,B-COLOUR,False
1005,white,-X-,_,I-COLOUR,False
1006,colour,-X-,_,I-COLOUR,False
1007,,,,,
1008,base,-X-,_,B-PRODUCT,False
1009,cabinet,-X-,_,I-PRODUCT,False
1010,42,-X-,_,B-SIZE,False
1011,inches,-X-,_,I-SIZE,False
1012,long,-X-,_,I-SIZE,False
1013,,,,,
1014,do,-X-,_,O,False
1015,you,-X-,_,O,False
1016,have,-X-,_,O,False
1017,the,-X-,_,O,False
1018,sweater,-X-,_,B-PRODUCT,False
1019,in,-X-,_,O,False
1020,medium,-X-,_,B-SIZE,False
1021,?,-X-,_,O,False
1022,,,,,
1023,hi,-X-,_,O,False
1024,.,-X-,_,O,False
1025,do,-X-,_,O,False
1026,you,-X-,_,O,False
1027,have,-X-,_,O,False
1028,sheer,-X-,_,B-PRODUCT,False
1029,curtains,-X-,_,I-PRODUCT,False
1030,which,-X-,_,O,False
1031,i,-X-,_,O,False
1032,can,-X-,_,O,False
1033,place,-X-,_,O,False
1034,on,-X-,_,O,False
1035,hooks,-X-,_,B-ATTRIBUTE,False
1036,instead,-X-,_,O,False
1037,of,-X-,_,O,False
1038,a,-X-,_,O,False
1039,rod,-X-,_,B-ATTRIBUTE,True
1040,,,,,
1041,looking,-X-,_,O,False
1042,for,-X-,_,O,False
1043,grey,-X-,_,B-COLOUR,False
1044,bravery,-X-,_,B-PRODUCT,False
1045,panels,-X-,_,I-PRODUCT,False
1046,10,-X-,_,B-SIZE,False
1047,feet,-X-,_,I-SIZE,False
1048,in,-X-,_,I-SIZE,False
1049,length,-X-,_,I-SIZE,False
1050,,,,,
1051,twin,-X-,_,O,False
1052,white,-X-,_,B-COLOUR,False
1053,sleeveless,-X-,_,B-ATTRIBUTE,False
1054,button,-X-,_,B-ATTRIBUTE,False
1055,closure,-X-,_,I-ATTRIBUTE,False
1056,top,-X-,_,B-PRODUCT,False
1057,,,,,
1058,do,-X-,_,O,False
1059,you,-X-,_,O,False
1060,have,-X-,_,O,False
1061,waterproof,-X-,_,B-ATTRIBUTE,False
1062,queen,-X-,_,B-SIZE,False
1063,size,-X-,_,I-SIZE,False
1064,mattress,-X-,_,B-PRODUCT,False
1065,protectors,-X-,_,I-PRODUCT,False
1066,for,-X-,_,O,False
1067,over,-X-,_,O,False
1068,18,-X-,_,B-SIZE,False
1069,inch,-X-,_,I-SIZE,False
1070,actresses,-X-,_,O,False
1071,?,-X-,_,O,False
1072,,,,,
1073,looking,-X-,_,O,False
1074,for,-X-,_,O,False
1075,mercerized,-X-,_,O,False
1076,cotton,-X-,_,B-MATERIAL,False
1077,high,-X-,_,B-ATTRIBUTE,False
1078,-,-X-,_,B-ATTRIBUTE,False
1079,performance,-X-,_,B-ATTRIBUTE,False
1080,t,-X-,_,B-PRODUCT,False
1081,-,-X-,_,B-PRODUCT,False
1082,shirt,-X-,_,B-PRODUCT,False
1083,in,-X-,_,O,False
1084,size,-X-,_,B-SIZE,False
1085,medium,-X-,_,I-SIZE,False
1086,,,,,
1087,are,-X-,_,O,False
1088,the,-X-,_,O,False
1089,round,-X-,_,B-ATTRIBUTE,False
1090,velvet,-X-,_,B-MATERIAL,False
1091,floor,-X-,_,B-PRODUCT,False
1092,cushion,-X-,_,I-PRODUCT,False
1093,available,-X-,_,O,False
1094,in,-X-,_,O,False
1095,store,-X-,_,O,False
1096,?,-X-,_,O,False
1097,,,,,
1098,i,-X-,_,O,False
1099,would,-X-,_,O,False
1100,like,-X-,_,O,False
1101,the,-X-,_,O,False
1102,sweater,-X-,_,B-PRODUCT,False
1103,as,-X-,_,O,False
1104,well,-X-,_,O,False
1105,as,-X-,_,O,False
1106,the,-X-,_,O,False
1107,icons,-X-,_,B-PRODUCT,False
1108,pencil,-X-,_,I-PRODUCT,False
1109,skirt,-X-,_,I-PRODUCT,False
1110,in,-X-,_,O,False
1111,green,-X-,_,B-COLOUR,False
1112,,,,,
1113,sleepless,-X-,_,B-ATTRIBUTE,False
1114,sweater,-X-,_,B-PRODUCT,False
1115,,,,,
1116,flavored,-X-,_,B-ATTRIBUTE,True
1117,sweetened,-X-,_,B-ATTRIBUTE,True
1118,,,,,
1119,do,-X-,_,O,False
1120,you,-X-,_,O,False
1121,have,-X-,_,O,False
1122,the,-X-,_,O,False
1123,stainless,-X-,_,B-MATERIAL,False
1124,steel,-X-,_,I-MATERIAL,False
1125,shaker,-X-,_,B-PRODUCT,False
1126,cups,-X-,_,I-PRODUCT,False
1127,,,,,
1128,i,-X-,_,O,False
1129,am,-X-,_,O,False
1130,looking,-X-,_,O,False
1131,for,-X-,_,O,False
1132,flavor,-X-,_,B-PRODUCT,False
1133,powders,-X-,_,I-PRODUCT,False
1134,which,-X-,_,O,False
1135,i,-X-,_,O,False
1136,can,-X-,_,O,False
1137,use,-X-,_,O,False
1138,in,-X-,_,O,False
1139,yogurt,-X-,_,O,False
1140,for,-X-,_,O,False
1141,example,-X-,_,O,False
1142,,,,,
1143,hi,-X-,_,O,False
1144,",",-X-,_,O,False
1145,do,-X-,_,O,False
1146,you,-X-,_,O,False
1147,sell,-X-,_,O,False
1148,fingerless,-X-,_,B-ATTRIBUTE,False
1149,gloves,-X-,_,B-PRODUCT,False
1150,please,-X-,_,O,False
1151,,,,,
1152,need,-X-,_,O,False
1153,an,-X-,_,O,False
1154,inexpensive,-X-,_,B-PRICE,False
1155,thermostatic,-X-,_,B-PRODUCT,False
1156,shower,-X-,_,I-PRODUCT,False
1157,set,-X-,_,I-PRODUCT,False
1158,with,-X-,_,O,False
1159,an,-X-,_,O,False
1160,extra,-X-,_,B-ATTRIBUTE,False
1161,outlet,-X-,_,I-ATTRIBUTE,False
1162,for,-X-,_,O,False
1163,biden,-X-,_,O,False
1164,.,-X-,_,O,False
1165,can,-X-,_,O,False
1166,you,-X-,_,O,False
1167,suggest,-X-,_,O,False
1168,a,-X-,_,O,False
1169,couple,-X-,_,O,False
1170,.,-X-,_,O,False
1171,,,,,
1172,hi,-X-,_,O,False
1173,",",-X-,_,O,False
1174,can,-X-,_,O,False
1175,i,-X-,_,O,False
1176,put,-X-,_,O,False
1177,a,-X-,_,O,False
1178,tackles,-X-,_,B-ATTRIBUTE,True
1179,toilet,-X-,_,B-PRODUCT,False
1180,into,-X-,_,O,False
1181,a,-X-,_,O,False
1182,2,-X-,_,B-SIZE,False
1183,'',-X-,_,I-SIZE,False
1184,4,-X-,_,B-SIZE,False
1185,'',-X-,_,I-SIZE,False
1186,wall,-X-,_,O,False
1187,?,-X-,_,O,False
1188,,,,,
1189,i,-X-,_,O,False
1190,am,-X-,_,O,False
1191,looking,-X-,_,O,False
1192,for,-X-,_,O,False
1193,a,-X-,_,O,False
1194,left,-X-,_,B-ATTRIBUTE,False
1195,offset,-X-,_,I-ATTRIBUTE,False
1196,vanity,-X-,_,B-PRODUCT,False
1197,set,-X-,_,I-PRODUCT,False
1198,up,-X-,_,O,False
1199,to,-X-,_,O,False
1200,48,-X-,_,B-SIZE,False
1201,inches,-X-,_,I-SIZE,False
1202,wide,-X-,_,I-SIZE,False
1203,",",-X-,_,O,False
1204,white,-X-,_,B-COLOUR,False
1205,",",-X-,_,O,False
1206,brushed,-X-,_,B-ATTRIBUTE,False
1207,nickel,-X-,_,B-MATERIAL,False
1208,hardware,-X-,_,B-ATTRIBUTE,False
1209,,,,,
1210,seamless,-X-,_,B-ATTRIBUTE,False
1211,undermount,-X-,_,B-PRODUCT,False
1212,,,,,
1213,touches,-X-,_,B-ATTRIBUTE,True
1214,kitchen,-X-,_,B-PRODUCT,False
1215,facet,-X-,_,I-PRODUCT,False
1216,,,,,
1217,looking,-X-,_,O,False
1218,for,-X-,_,O,False
1219,bowl,-X-,_,B-PRODUCT,False
1220,with,-X-,_,O,False
1221,pattern,-X-,_,B-ATTRIBUTE,False
1222,les,-X-,_,O,False
1223,than,-X-,_,O,False
1224,5,-X-,_,B-SIZE,True
1225,inches,-X-,_,I-SIZE,True
1226,deep,-X-,_,I-SIZE,True
1227,.,-X-,_,O,False
1228,can,-X-,_,O,False
1229,be,-X-,_,O,False
1230,7,-X-,_,B-SIZE,False
1231,inches,-X-,_,I-SIZE,False
1232,wide,-X-,_,I-SIZE,False
1233,,,,,
1234,looking,-X-,_,O,False
1235,shower,-X-,_,B-PRODUCT,False
1236,door,-X-,_,I-PRODUCT,False
1237,frameless,-X-,_,B-ATTRIBUTE,False
1238,of,-X-,_,O,False
1239,60,-X-,_,B-SIZE,False
1240,inch,-X-,_,I-SIZE,False
1241,standing,-X-,_,B-ATTRIBUTE,False
1242,shower,-X-,_,B-PRODUCT,False
1243,,,,,
1244,do,-X-,_,O,False
1245,you,-X-,_,O,False
1246,sell,-X-,_,O,False
1247,beige,-X-,_,B-COLOUR,False
1248,toilets,-X-,_,B-PRODUCT,False
1249,.,-X-,_,O,False
1250,bone,-X-,_,B-COLOUR,True
1251,and,-X-,_,O,False
1252,biscuit,-X-,_,B-COLOUR,True
1253,are,-X-,_,O,False
1254,too,-X-,_,O,False
1255,light,-X-,_,O,False
1256,in,-X-,_,O,False
1257,colour,-X-,_,O,False
1258,,,,,
1259,we,-X-,_,O,False
1260,'re,-X-,_,O,False
1261,looking,-X-,_,O,False
1262,for,-X-,_,O,False
1263,a,-X-,_,O,False
1264,shower,-X-,_,B-PRODUCT,False
1265,door,-X-,_,I-PRODUCT,False
1266,set,-X-,_,I-PRODUCT,False
1267,greater,-X-,_,O,False
1268,than,-X-,_,O,False
1269,70,-X-,_,B-SIZE,False
1270,inches,-X-,_,I-SIZE,False
1271,wide,-X-,_,I-SIZE,False
1272,,,,,
1273,18,-X-,_,B-SIZE,False
1274,inch,-X-,_,I-SIZE,False
1275,deep,-X-,_,I-SIZE,False
1276,by,-X-,_,O,False
1277,36,-X-,_,B-SIZE,False
1278,inches,-X-,_,I-SIZE,False
1279,long,-X-,_,I-SIZE,False
1280,brown,-X-,_,B-COLOUR,False
1281,freestanding,-X-,_,B-ATTRIBUTE,False
1282,vanity,-X-,_,B-PRODUCT,False
1283,,,,,
1284,looking,-X-,_,O,False
1285,for,-X-,_,O,False
1286,a,-X-,_,O,False
1287,36,-X-,_,B-SIZE,False
1288,inch,-X-,_,I-SIZE,False
1289,vanity,-X-,_,B-PRODUCT,False
1290,with,-X-,_,O,False
1291,granite,-X-,_,B-MATERIAL,False
1292,top,-X-,_,B-ATTRIBUTE,False
1293,,,,,
1294,i,-X-,_,O,False
1295,am,-X-,_,O,False
1296,looking,-X-,_,O,False
1297,for,-X-,_,O,False
1298,bathroom,-X-,_,B-PRODUCT,False
1299,mirrors,-X-,_,I-PRODUCT,False
1300,black,-X-,_,B-COLOUR,False
1301,framed,-X-,_,B-ATTRIBUTE,False
1302,in,-X-,_,O,False
1303,rectangular,-X-,_,B-SHAPE,False
1304,and,-X-,_,O,False
1305,oval,-X-,_,B-SHAPE,False
1306,,,,,
1307,looking,-X-,_,O,False
1308,at,-X-,_,O,False
1309,36,-X-,_,B-SIZE,False
1310,inch,-X-,_,I-SIZE,False
1311,medicine,-X-,_,B-PRODUCT,False
1312,cabinet,-X-,_,I-PRODUCT,False
1313,for,-X-,_,O,False
1314,$,-X-,_,B-PRICE,False
1315,399,-X-,_,I-PRICE,False
1316,.,-X-,_,O,False
1317,is,-X-,_,O,False
1318,it,-X-,_,O,False
1319,recessed,-X-,_,O,False
1320,able,-X-,_,O,False
1321,to,-X-,_,O,False
1322,fit,-X-,_,O,False
1323,into,-X-,_,O,False
1324,wall,-X-,_,O,False
1325,as,-X-,_,O,False
1326,a,-X-,_,O,False
1327,flush,-X-,_,O,False
1328,mount,-X-,_,O,False
1329,?,-X-,_,O,False
1330,,,,,
1331,vessel,-X-,_,B-PRODUCT,False
1332,bag,-X-,_,I-PRODUCT,False
1333,in,-X-,_,O,False
1334,goldfish,-X-,_,B-COLOUR,False
1335,color,-X-,_,O,False
1336,,,,,
1337,looking,-X-,_,O,False
1338,for,-X-,_,O,False
1339,protein,-X-,_,B-PRODUCT,False
1340,powder,-X-,_,I-PRODUCT,False
1341,no,-X-,_,O,False
1342,car,-X-,_,B-ATTRIBUTE,True
1343,no,-X-,_,O,False
1344,super,-X-,_,B-ATTRIBUTE,True
1345,,,,,
1346,i,-X-,_,O,False
1347,am,-X-,_,O,False
1348,brand,-X-,_,O,False
1349,new,-X-,_,O,False
1350,to,-X-,_,O,False
1351,fat,-X-,_,B-PRODUCT,False
1352,burner,-X-,_,I-PRODUCT,False
1353,",",-X-,_,O,False
1354,i,-X-,_,O,False
1355,want,-X-,_,O,False
1356,to,-X-,_,O,False
1357,know,-X-,_,O,False
1358,a,-X-,_,O,False
1359,good,-X-,_,O,False
1360,fat,-X-,_,B-PRODUCT,False
1361,burner,-X-,_,I-PRODUCT,False
1362,to,-X-,_,O,False
1363,see,-X-,_,O,False
1364,good,-X-,_,O,False
1365,results,-X-,_,O,False
1366,.,-X-,_,O,False
1367,,,,,
1368,i,-X-,_,O,False
1369,want,-X-,_,O,False
1370,protein,-X-,_,B-PRODUCT,False
1371,without,-X-,_,O,False
1372,lacrosse,-X-,_,B-ATTRIBUTE,True
1373,,,,,
1374,i,-X-,_,O,False
1375,'m,-X-,_,O,False
1376,looking,-X-,_,O,False
1377,for,-X-,_,O,False
1378,they,-X-,_,B-PRODUCT,False
1379,protein,-X-,_,I-PRODUCT,False
1380,with,-X-,_,O,False
1381,not,-X-,_,O,False
1382,soy,-X-,_,B-ATTRIBUTE,True
1383,in,-X-,_,O,False
1384,it,-X-,_,O,False
1385,!,-X-,_,O,False
1386,,,,,
1387,hi,-X-,_,O,False
1388,",",-X-,_,O,False
1389,i,-X-,_,O,False
1390,am,-X-,_,O,False
1391,looking,-X-,_,O,False
1392,for,-X-,_,O,False
1393,a,-X-,_,O,False
1394,they,-X-,_,B-PRODUCT,False
1395,protein,-X-,_,I-PRODUCT,False
1396,with,-X-,_,O,False
1397,not,-X-,_,O,False
1398,soy,-X-,_,B-ATTRIBUTE,True
1399,",",-X-,_,O,False
1400,does,-X-,_,O,False
1401,it,-X-,_,O,False
1402,even,-X-,_,O,False
1403,exist,-X-,_,O,False
1404,?,-X-,_,O,False
1405,,,,,
1406,i,-X-,_,O,False
1407,'m,-X-,_,O,False
1408,looking,-X-,_,O,False
1409,for,-X-,_,O,False
1410,a,-X-,_,O,False
1411,supplement,-X-,_,B-PRODUCT,False
1412,to,-X-,_,O,False
1413,help,-X-,_,O,False
1414,me,-X-,_,O,False
1415,get,-X-,_,O,False
1416,back,-X-,_,O,False
1417,into,-X-,_,O,False
1418,ketosis,-X-,_,B-ATTRIBUTE,False
1419,",",-X-,_,O,False
1420,but,-X-,_,O,False
1421,not,-X-,_,O,False
1422,a,-X-,_,O,False
1423,pill,-X-,_,B-ATTRIBUTE,True
1424,.,-X-,_,O,False
1425,something,-X-,_,O,False
1426,i,-X-,_,O,False
1427,can,-X-,_,O,False
1428,mix,-X-,_,O,False
1429,in,-X-,_,O,False
1430,my,-X-,_,O,False
1431,water,-X-,_,O,False
1432,.,-X-,_,O,False
1433,,,,,
1434,looking,-X-,_,O,False
1435,for,-X-,_,O,False
1436,a,-X-,_,O,False
1437,testosterone,-X-,_,B-PRODUCT,False
1438,supplement,-X-,_,I-PRODUCT,False
1439,and,-X-,_,O,False
1440,i,-X-,_,O,False
1441,have,-X-,_,O,False
1442,no,-X-,_,O,False
1443,idea,-X-,_,O,False
1444,which,-X-,_,O,False
1445,one,-X-,_,O,False
1446,to,-X-,_,O,False
1447,buy,-X-,_,O,False
1448,,,,,
1449,hi,-X-,_,O,False
1450,",",-X-,_,O,False
1451,i,-X-,_,O,False
1452,would,-X-,_,O,False
1453,like,-X-,_,O,False
1454,to,-X-,_,O,False
1455,have,-X-,_,O,False
1456,a,-X-,_,O,False
1457,protein,-X-,_,B-PRODUCT,False
1458,powder,-X-,_,I-PRODUCT,False
1459,without,-X-,_,O,False
1460,caffeine,-X-,_,B-ATTRIBUTE,True
1461,,,,,
1462,i,-X-,_,O,False
1463,am,-X-,_,O,False
1464,looking,-X-,_,O,False
1465,for,-X-,_,O,False
1466,a,-X-,_,O,False
1467,very,-X-,_,O,False
1468,good,-X-,_,O,False
1469,fat,-X-,_,B-PRODUCT,False
1470,burner,-X-,_,I-PRODUCT,False
1471,that,-X-,_,O,False
1472,s,-X-,_,O,False
1473,not,-X-,_,O,False
1474,too,-X-,_,O,False
1475,heavy,-X-,_,B-ATTRIBUTE,True
1476,in,-X-,_,I-ATTRIBUTE,True
1477,stimulate,-X-,_,I-ATTRIBUTE,True
1478,.,-X-,_,O,False
1479,,,,,
1480,i,-X-,_,O,False
1481,saw,-X-,_,O,False
1482,a,-X-,_,O,False
1483,sweater,-X-,_,B-PRODUCT,False
1484,block,-X-,_,I-PRODUCT,False
1485,with,-X-,_,O,False
1486,multi,-X-,_,B-COLOUR,False
1487,colour,-X-,_,I-COLOUR,False
1488,yesterday,-X-,_,O,False
1489,.,-X-,_,O,False
1490,i,-X-,_,O,False
1491,wish,-X-,_,O,False
1492,to,-X-,_,O,False
1493,order,-X-,_,O,False
1494,and,-X-,_,O,False
1495,now,-X-,_,O,False
1496,ca,-X-,_,O,False
1497,n't,-X-,_,O,False
1498,find,-X-,_,O,False
1499,.,-X-,_,O,False
1500,..,-X-,_,O,False
1501,,,,,
1502,i,-X-,_,O,False
1503,'m,-X-,_,O,False
1504,looking,-X-,_,O,False
1505,for,-X-,_,O,False
1506,a,-X-,_,O,False
1507,polo,-X-,_,B-PRODUCT,False
1508,shirt,-X-,_,I-PRODUCT,False
1509,with,-X-,_,O,False
1510,no,-X-,_,O,False
1511,logo,-X-,_,B-ATTRIBUTE,True
1512,on,-X-,_,O,False
1513,it,-X-,_,O,False
1514,.,-X-,_,O,False
1515,,,,,
1516,hi,-X-,_,O,False
1517,looking,-X-,_,O,False
1518,for,-X-,_,O,False
1519,the,-X-,_,O,False
1520,torque,-X-,_,B-PRODUCT,False
1521,and,-X-,_,O,False
1522,neck,-X-,_,B-PRODUCT,False
1523,tube,-X-,_,I-PRODUCT,False
1524,displayed,-X-,_,O,False
1525,in,-X-,_,O,False
1526,the,-X-,_,O,False
1527,woman,-X-,_,B-ATTRIBUTE,False
1528,'s,-X-,_,I-ATTRIBUTE,False
1529,ski,-X-,_,B-PRODUCT,False
1530,jacket,-X-,_,I-PRODUCT,False
1531,the,-X-,_,O,False
1532,jacket,-X-,_,B-PRODUCT,False
1533,color,-X-,_,O,False
1534,that,-X-,_,O,False
1535,is,-X-,_,O,False
1536,light,-X-,_,B-COLOUR,False
1537,blue,-X-,_,I-COLOUR,False
1538,and,-X-,_,O,False
1539,green,-X-,_,B-COLOUR,False
1540,",",-X-,_,O,False
1541,the,-X-,_,O,False
1542,tique,-X-,_,B-PRODUCT,False
1543,and,-X-,_,O,False
1544,neck,-X-,_,B-PRODUCT,False
1545,tube,-X-,_,I-PRODUCT,False
1546,is,-X-,_,O,False
1547,a,-X-,_,O,False
1548,dusty,-X-,_,B-COLOUR,False
1549,pink,-X-,_,I-COLOUR,False
1550,sort,-X-,_,O,False
1551,of,-X-,_,O,False
1552,color,-X-,_,O,False
1553,",",-X-,_,O,False
1554,i,-X-,_,O,False
1555,ca,-X-,_,O,False
1556,n't,-X-,_,O,False
1557,find,-X-,_,O,False
1558,it,-X-,_,O,False
1559,anywhere,-X-,_,O,False
1560,on,-X-,_,O,False
1561,sight,-X-,_,O,False
1562,i,-X-,_,O,False
1563,see,-X-,_,O,False
1564,similar,-X-,_,O,False
1565,items,-X-,_,O,False
1566,but,-X-,_,O,False
1567,want,-X-,_,O,False
1568,a,-X-,_,O,False
1569,matching,-X-,_,O,False
1570,set,-X-,_,O,False
1571,,,,,
1572,i,-X-,_,O,False
1573,am,-X-,_,O,False
1574,looking,-X-,_,O,False
1575,for,-X-,_,O,False
1576,a,-X-,_,O,False
1577,bomber,-X-,_,B-ATTRIBUTE,False
1578,style,-X-,_,I-ATTRIBUTE,False
1579,jacket,-X-,_,B-PRODUCT,False
1580,2,-X-,_,B-SIZE,False
1581,x,-X-,_,I-SIZE,False
1582,no,-X-,_,O,False
1583,hood,-X-,_,B-ATTRIBUTE,True
1584,",",-X-,_,O,False
1585,and,-X-,_,O,False
1586,black,-X-,_,B-COLOUR,False
1587,,,,,
1588,women,-X-,_,B-ATTRIBUTE,False
1589,'s,-X-,_,I-ATTRIBUTE,False
1590,panama,-X-,_,B-PRODUCT,False
1591,pants,-X-,_,I-PRODUCT,False
1592,without,-X-,_,O,False
1593,waistband,-X-,_,B-ATTRIBUTE,True
1594,,,,,
1595,good,-X-,_,O,False
1596,morning,-X-,_,O,False
1597,i,-X-,_,O,False
1598,am,-X-,_,O,False
1599,looking,-X-,_,O,False
1600,for,-X-,_,O,False
1601,a,-X-,_,O,False
1602,suffer,-X-,_,B-PRODUCT,False
1603,vest,-X-,_,I-PRODUCT,False
1604,three,-X-,_,B-SIZE,False
1605,-,-X-,_,B-SIZE,False
1606,quarter,-X-,_,B-SIZE,False
1607,length,-X-,_,I-SIZE,False
1608,i,-X-,_,O,False
1609,'ve,-X-,_,O,False
1610,seen,-X-,_,O,False
1611,them,-X-,_,O,False
1612,on,-X-,_,O,False
1613,the,-X-,_,O,False
1614,website,-X-,_,O,False
1615,but,-X-,_,O,False
1616,no,-X-,_,O,False
1617,longer,-X-,_,O,False
1618,there,-X-,_,O,False
1619,,,,,
1620,good,-X-,_,O,False
1621,morning,-X-,_,O,False
1622,",",-X-,_,O,False
1623,i,-X-,_,O,False
1624,would,-X-,_,O,False
1625,like,-X-,_,O,False
1626,to,-X-,_,O,False
1627,buy,-X-,_,O,False
1628,the,-X-,_,O,False
1629,product,-X-,_,B-PRODUCT,False
1630,below,-X-,_,O,False
1631,",",-X-,_,O,False
1632,size,-X-,_,B-SIZE,False
1633,m,-X-,_,I-SIZE,False
1634,:,-X-,_,I-SIZE,False
1635,how,-X-,_,O,False
1636,can,-X-,_,O,False
1637,i,-X-,_,O,False
1638,proceed,-X-,_,O,False
1639,with,-X-,_,O,False
1640,this,-X-,_,O,False
1641,purchase,-X-,_,O,False
1642,?,-X-,_,O,False
1643,it,-X-,_,O,False
1644,does,-X-,_,O,False
1645,n't,-X-,_,O,False
1646,seem,-X-,_,O,False
1647,to,-X-,_,O,False
1648,be,-X-,_,O,False
1649,available,-X-,_,O,False
1650,at,-X-,_,O,False
1651,the,-X-,_,O,False
1652,moment,-X-,_,O,False
1653,,,,,
1654,want,-X-,_,O,False
1655,to,-X-,_,O,False
1656,order,-X-,_,O,False
1657,women,-X-,_,B-ATTRIBUTE,False
1658,'s,-X-,_,I-ATTRIBUTE,False
1659,warm,-X-,_,B-ATTRIBUTE,False
1660,waterproof,-X-,_,B-ATTRIBUTE,False
1661,snow,-X-,_,B-PRODUCT,False
1662,boots,-X-,_,I-PRODUCT,False
1663,in,-X-,_,O,False
1664,size,-X-,_,B-SIZE,False
1665,8,-X-,_,I-SIZE,False
1666,.,-X-,_,O,False
1667,does,-X-,_,O,False
1668,n't,-X-,_,O,False
1669,say,-X-,_,O,False
1670,out,-X-,_,O,False
1671,of,-X-,_,O,False
1672,stock,-X-,_,O,False
1673,but,-X-,_,O,False
1674,ca,-X-,_,O,False
1675,n't,-X-,_,O,False
1676,put,-X-,_,O,False
1677,order,-X-,_,O,False
1678,in,-X-,_,O,False
1679,.,-X-,_,O,False
1680,please,-X-,_,O,False
1681,advise,-X-,_,O,False
1682,.,-X-,_,O,False
1683,,,,,
1684,hi,-X-,_,O,False
1685,",",-X-,_,O,False
1686,i,-X-,_,O,False
1687,'m,-X-,_,O,False
1688,interested,-X-,_,O,False
1689,in,-X-,_,O,False
1690,the,-X-,_,O,False
1691,women,-X-,_,B-ATTRIBUTE,False
1692,'s,-X-,_,I-ATTRIBUTE,False
1693,waterproof,-X-,_,I-ATTRIBUTE,False
1694,mountain,-X-,_,B-PRODUCT,False
1695,walking,-X-,_,I-PRODUCT,False
1696,jacket,-X-,_,I-PRODUCT,False
1697,in,-X-,_,O,False
1698,green,-X-,_,B-COLOUR,False
1699,but,-X-,_,O,False
1700,the,-X-,_,O,False
1701,website,-X-,_,O,False
1702,only,-X-,_,O,False
1703,gives,-X-,_,O,False
1704,the,-X-,_,O,False
1705,option,-X-,_,O,False
1706,for,-X-,_,O,False
1707,size,-X-,_,B-SIZE,True
1708,x,-X-,_,I-SIZE,True
1709,and,-X-,_,O,False
1710,does,-X-,_,O,False
1711,not,-X-,_,O,False
1712,allow,-X-,_,O,False
1713,to,-X-,_,O,False
1714,request,-X-,_,O,False
1715,a,-X-,_,O,False
1716,notification,-X-,_,O,False
1717,,,,,
1718,hi,-X-,_,O,False
1719,i,-X-,_,O,False
1720,'m,-X-,_,O,False
1721,looking,-X-,_,O,False
1722,to,-X-,_,O,False
1723,buy,-X-,_,O,False
1724,this,-X-,_,O,False
1725,but,-X-,_,O,False
1726,i,-X-,_,O,False
1727,can,-X-,_,O,False
1728,not,-X-,_,O,False
1729,find,-X-,_,O,False
1730,an,-X-,_,O,False
1731,22,-X-,_,B-SIZE,False
1732,mm,-X-,_,I-SIZE,False
1733,nozzle,-X-,_,B-PRODUCT,False
1734,pump,-X-,_,I-PRODUCT,False
1735,anywhere,-X-,_,O,False
1736,",",-X-,_,O,False
1737,do,-X-,_,O,False
1738,you,-X-,_,O,False
1739,have,-X-,_,O,False
1740,one,-X-,_,O,False
1741,on,-X-,_,O,False
1742,your,-X-,_,O,False
1743,site,-X-,_,O,False
1744,or,-X-,_,O,False
1745,know,-X-,_,O,False
1746,where,-X-,_,O,False
1747,i,-X-,_,O,False
1748,can,-X-,_,O,False
1749,get,-X-,_,O,False
1750,one,-X-,_,O,False
1751,?,-X-,_,O,False
1752,thanks,-X-,_,O,False
1753,,,,,
1754,pool,-X-,_,B-PRODUCT,False
1755,cue,-X-,_,I-PRODUCT,False
1756,cases,-X-,_,I-PRODUCT,False
1757,not,-X-,_,O,False
1758,pool,-X-,_,B-PRODUCT,True
1759,cues,-X-,_,I-PRODUCT,True
1760,,,,,
1761,looking,-X-,_,O,False
1762,to,-X-,_,O,False
1763,buy,-X-,_,O,False
1764,hiking,-X-,_,B-PRODUCT,False
1765,trousers,-X-,_,I-PRODUCT,False
1766,but,-X-,_,O,False
1767,do,-X-,_,O,False
1768,n't,-X-,_,O,False
1769,understand,-X-,_,O,False
1770,sizes,-X-,_,O,False
1771,.,-X-,_,O,False
1772,i,-X-,_,O,False
1773,am,-X-,_,O,False
1774,38,-X-,_,B-SIZE,False
1775,in,-X-,_,B-SIZE,False
1776,waist,-X-,_,I-SIZE,False
1777,and,-X-,_,O,False
1778,29,-X-,_,B-SIZE,False
1779,in,-X-,_,B-SIZE,False
1780,leg,-X-,_,I-SIZE,False
1781,.,-X-,_,O,False
1782,looking,-X-,_,O,False
1783,to,-X-,_,O,False
1784,buy,-X-,_,O,False
1785,trekking,-X-,_,B-PRODUCT,False
1786,trousers,-X-,_,I-PRODUCT,False
1787,what,-X-,_,O,False
1788,size,-X-,_,O,False
1789,do,-X-,_,O,False
1790,i,-X-,_,O,False
1791,need,-X-,_,O,False
1792,,,,,
1793,is,-X-,_,O,False
1794,it,-X-,_,O,False
1795,possible,-X-,_,O,False
1796,to,-X-,_,O,False
1797,order,-X-,_,O,False
1798,a,-X-,_,O,False
1799,bathroom,-X-,_,B-PRODUCT,False
1800,vanity,-X-,_,I-PRODUCT,False
1801,without,-X-,_,O,False
1802,the,-X-,_,O,False
1803,countertop,-X-,_,B-ATTRIBUTE,True
1804,?,-X-,_,O,False
1805,,,,,
1806,i,-X-,_,O,False
1807,'m,-X-,_,O,False
1808,looking,-X-,_,O,False
1809,for,-X-,_,O,False
1810,a,-X-,_,O,False
1811,shower,-X-,_,B-PRODUCT,False
1812,unit,-X-,_,I-PRODUCT,False
1813,including,-X-,_,O,False
1814,walls,-X-,_,B-ATTRIBUTE,False
1815,bae,-X-,_,I-ATTRIBUTE,False
1816,and,-X-,_,O,False
1817,glass,-X-,_,B-MATERIAL,False
1818,enclosure,-X-,_,O,False
1819,but,-X-,_,O,False
1820,the,-X-,_,O,False
1821,whole,-X-,_,O,False
1822,unit,-X-,_,O,False
1823,can,-X-,_,O,False
1824,not,-X-,_,O,False
1825,be,-X-,_,O,False
1826,higher,-X-,_,B-SIZE,False
1827,than,-X-,_,O,False
1828,75,-X-,_,B-SIZE,True
1829,inches,-X-,_,I-SIZE,True
1830,,,,,
1831,hi,-X-,_,O,False
1832,i,-X-,_,O,False
1833,need,-X-,_,O,False
1834,a,-X-,_,O,False
1835,10,-X-,_,B-SIZE,False
1836,'',-X-,_,I-SIZE,False
1837,rough,-X-,_,O,False
1838,in,-X-,_,O,False
1839,toilet,-X-,_,B-PRODUCT,False
1840,asap,-X-,_,O,False
1841,",",-X-,_,O,False
1842,i,-X-,_,O,False
1843,'m,-X-,_,O,False
1844,not,-X-,_,O,False
1845,sure,-X-,_,O,False
1846,if,-X-,_,O,False
1847,you,-X-,_,O,False
1848,have,-X-,_,O,False
1849,it,-X-,_,O,False
1850,in,-X-,_,O,False
1851,stock,-X-,_,O,False
1852,.,-X-,_,O,False
1853,i,-X-,_,O,False
1854,do,-X-,_,O,False
1855,n't,-X-,_,O,False
1856,want,-X-,_,O,False
1857,the,-X-,_,O,False
1858,screw,-X-,_,B-ATTRIBUTE,True
1859,less,-X-,_,I-ATTRIBUTE,False
1860,,,,,
1861,can,-X-,_,O,False
1862,the,-X-,_,O,False
1863,shower,-X-,_,B-PRODUCT,False
1864,be,-X-,_,O,False
1865,sold,-X-,_,O,False
1866,without,-X-,_,O,False
1867,the,-X-,_,O,False
1868,walls,-X-,_,B-ATTRIBUTE,True
1869,?,-X-,_,O,False
1870,,,,,
1871,you,-X-,_,O,False
1872,do,-X-,_,O,False
1873,n't,-X-,_,O,False
1874,sell,-X-,_,O,False
1875,any,-X-,_,O,False
1876,72,-X-,_,B-SIZE,False
1877,'',-X-,_,I-SIZE,False
1878,wide,-X-,_,I-SIZE,False
1879,varieties,-X-,_,B-PRODUCT,False
1880,?,-X-,_,O,False
1881,,,,,
1882,looking,-X-,_,O,False
1883,for,-X-,_,O,False
1884,shower,-X-,_,B-PRODUCT,False
1885,system,-X-,_,I-PRODUCT,False
1886,with,-X-,_,O,False
1887,tub,-X-,_,B-ATTRIBUTE,False
1888,facet,-X-,_,I-ATTRIBUTE,False
1889,although,-X-,_,O,False
1890,no,-X-,_,O,False
1891,tub,-X-,_,B-PRODUCT,True
1892,,,,,
1893,looking,-X-,_,O,False
1894,for,-X-,_,O,False
1895,a,-X-,_,O,False
1896,bathroom,-X-,_,B-PRODUCT,False
1897,vanity,-X-,_,I-PRODUCT,False
1898,&,-X-,_,O,False
1899,sink,-X-,_,B-PRODUCT,False
1900,no,-X-,_,O,False
1901,more,-X-,_,O,False
1902,than,-X-,_,O,False
1903,16,-X-,_,B-SIZE,True
1904,'',-X-,_,I-SIZE,True
1905,deep,-X-,_,I-SIZE,True
1906,,,,,
1907,looking,-X-,_,O,False
1908,for,-X-,_,O,False
1909,48,-X-,_,B-SIZE,False
1910,inches,-X-,_,I-SIZE,False
1911,floor,-X-,_,B-PRODUCT,False
1912,cabinet,-X-,_,I-PRODUCT,False
1913,single,-X-,_,I-PRODUCT,False
1914,sink,-X-,_,I-PRODUCT,False
1915,",",-X-,_,O,False
1916,but,-X-,_,O,False
1917,no,-X-,_,O,False
1918,counter,-X-,_,B-ATTRIBUTE,True
1919,top,-X-,_,I-ATTRIBUTE,True
1920,,,,,
1921,can,-X-,_,O,False
1922,i,-X-,_,O,False
1923,purchase,-X-,_,O,False
1924,shower,-X-,_,B-PRODUCT,False
1925,doors,-X-,_,I-PRODUCT,False
1926,and,-X-,_,O,False
1927,not,-X-,_,O,False
1928,the,-X-,_,O,False
1929,entire,-X-,_,B-PRODUCT,True
1930,shower,-X-,_,I-PRODUCT,True
1931,kit,-X-,_,I-PRODUCT,True
1932,?,-X-,_,O,False
1933,,,,,
1934,medicine,-X-,_,B-PRODUCT,False
1935,cabinets,-X-,_,I-PRODUCT,False
1936,with,-X-,_,O,False
1937,no,-X-,_,O,False
1938,mirror,-X-,_,B-ATTRIBUTE,True
1939,,,,,
1940,i,-X-,_,O,False
1941,'m,-X-,_,O,False
1942,looking,-X-,_,O,False
1943,for,-X-,_,O,False
1944,a,-X-,_,O,False
1945,55,-X-,_,B-SIZE,False
1946,inch,-X-,_,I-SIZE,False
1947,vanity,-X-,_,B-PRODUCT,False
1948,top,-X-,_,I-PRODUCT,False
1949,",",-X-,_,O,False
1950,which,-X-,_,O,False
1951,is,-X-,_,O,False
1952,not,-X-,_,O,False
1953,a,-X-,_,O,False
1954,regular,-X-,_,B-SIZE,True
1955,size,-X-,_,I-SIZE,True
1956,.,-X-,_,O,False
1957,is,-X-,_,O,False
1958,there,-X-,_,O,False
1959,a,-X-,_,O,False
1960,way,-X-,_,O,False
1961,to,-X-,_,O,False
1962,have,-X-,_,O,False
1963,this,-X-,_,O,False
1964,size,-X-,_,O,False
1965,?,-X-,_,O,False
1966,,,,,
1967,i,-X-,_,O,False
1968,need,-X-,_,O,False
1969,a,-X-,_,O,False
1970,42,-X-,_,B-SIZE,False
1971,'',-X-,_,I-SIZE,False
1972,kitchen,-X-,_,B-PRODUCT,False
1973,island,-X-,_,I-PRODUCT,False
1974,.,-X-,_,O,False
1975,do,-X-,_,O,False
1976,you,-X-,_,O,False
1977,have,-X-,_,O,False
1978,any,-X-,_,O,False
1979,?,-X-,_,O,False
1980,i,-X-,_,O,False
1981,ca,-X-,_,O,False
1982,n't,-X-,_,O,False
1983,find,-X-,_,O,False
1984,them,-X-,_,O,False
1985,on,-X-,_,O,False
1986,the,-X-,_,O,False
1987,website,-X-,_,O,False
1988,.,-X-,_,O,False
1989,,,,,
1990,i,-X-,_,O,False
1991,am,-X-,_,O,False
1992,looking,-X-,_,O,False
1993,for,-X-,_,O,False
1994,a,-X-,_,O,False
1995,black,-X-,_,B-COLOUR,False
1996,glass,-X-,_,B-MATERIAL,False
1997,shower,-X-,_,B-PRODUCT,False
1998,tile,-X-,_,I-PRODUCT,False
1999,.,-X-,_,O,False
2000,it,-X-,_,O,False
2001,does,-X-,_,O,False
2002,not,-X-,_,O,False
2003,need,-X-,_,O,False
2004,to,-X-,_,O,False
2005,be,-X-,_,O,False
2006,a,-X-,_,O,False
2007,solid,-X-,_,B-COLOUR,True
2008,black,-X-,_,I-COLOUR,True
2009,",",-X-,_,O,False
2010,can,-X-,_,O,False
2011,have,-X-,_,O,False
2012,accents,-X-,_,O,False
2013,of,-X-,_,O,False
2014,clear,-X-,_,B-COLOUR,False
2015,or,-X-,_,O,False
2016,silver,-X-,_,B-COLOUR,False
2017,glass,-X-,_,I-COLOUR,False
2018,tones,-X-,_,I-COLOUR,False
2019,,,,,
2020,medicine,-X-,_,B-PRODUCT,False
2021,cabinet,-X-,_,I-PRODUCT,False
2022,with,-X-,_,O,False
2023,mirror,-X-,_,B-ATTRIBUTE,False
2024,and,-X-,_,O,False
2025,no,-X-,_,O,False
2026,lights,-X-,_,B-ATTRIBUTE,True
2027,,,,,
2028,we,-X-,_,O,False
2029,are,-X-,_,O,False
2030,looking,-X-,_,O,False
2031,for,-X-,_,O,False
2032,a,-X-,_,O,False
2033,72,-X-,_,B-SIZE,False
2034,inch,-X-,_,I-SIZE,False
2035,soaked,-X-,_,B-PRODUCT,False
2036,tub,-X-,_,I-PRODUCT,False
2037,",",-X-,_,O,False
2038,no,-X-,_,O,False
2039,jets,-X-,_,B-ATTRIBUTE,True
2040,.,-X-,_,O,False
2041,,,,,
2042,can,-X-,_,O,False
2043,i,-X-,_,O,False
2044,order,-X-,_,O,False
2045,just,-X-,_,O,False
2046,the,-X-,_,O,False
2047,top,-X-,_,B-PRODUCT,False
2048,and,-X-,_,O,False
2049,not,-X-,_,O,False
2050,the,-X-,_,O,False
2051,cabinet,-X-,_,B-PRODUCT,True
2052,?,-X-,_,O,False
2053,,,,,
2054,barbecue,-X-,_,B-PRODUCT,False
2055,without,-X-,_,O,False
2056,charcoal,-X-,_,B-ATTRIBUTE,True
2057,,,,,
2058,hi,-X-,_,O,False
2059,there,-X-,_,O,False
2060,",",-X-,_,O,False
2061,i,-X-,_,O,False
2062,'m,-X-,_,O,False
2063,interested,-X-,_,O,False
2064,in,-X-,_,O,False
2065,a,-X-,_,O,False
2066,vanity,-X-,_,B-PRODUCT,False
2067,.,-X-,_,O,False
2068,am,-X-,_,O,False
2069,i,-X-,_,O,False
2070,able,-X-,_,O,False
2071,to,-X-,_,O,False
2072,purchase,-X-,_,O,False
2073,without,-X-,_,O,False
2074,the,-X-,_,O,False
2075,sink,-X-,_,B-ATTRIBUTE,True
2076,top,-X-,_,I-ATTRIBUTE,True
2077,?,-X-,_,O,False
2078,,,,,
2079,can,-X-,_,O,False
2080,i,-X-,_,O,False
2081,order,-X-,_,O,False
2082,this,-X-,_,O,False
2083,vessel,-X-,_,B-PRODUCT,False
2084,sink,-X-,_,I-PRODUCT,False
2085,without,-X-,_,O,False
2086,the,-X-,_,O,False
2087,attached,-X-,_,B-ATTRIBUTE,True
2088,facet,-X-,_,I-ATTRIBUTE,True
2089,?,-X-,_,O,False
2090,,,,,
2091,i,-X-,_,O,False
2092,'m,-X-,_,O,False
2093,looking,-X-,_,O,False
2094,for,-X-,_,O,False
2095,a,-X-,_,O,False
2096,30,-X-,_,B-SIZE,False
2097,'',-X-,_,I-SIZE,False
2098,cabinet,-X-,_,B-PRODUCT,False
2099,with,-X-,_,O,False
2100,no,-X-,_,O,False
2101,top,-X-,_,B-ATTRIBUTE,True
2102,,,,,
2103,looking,-X-,_,O,False
2104,for,-X-,_,O,False
2105,vanity,-X-,_,B-PRODUCT,False
2106,but,-X-,_,O,False
2107,sink,-X-,_,B-ATTRIBUTE,True
2108,must,-X-,_,I-ATTRIBUTE,True
2109,have,-X-,_,I-ATTRIBUTE,True
2110,no,-X-,_,I-ATTRIBUTE,True
2111,holes,-X-,_,I-ATTRIBUTE,True
2112,.,-X-,_,O,False
2113,face,-X-,_,B-ATTRIBUTE,False
2114,in,-X-,_,I-ATTRIBUTE,False
2115,on,-X-,_,I-ATTRIBUTE,False
2116,wall,-X-,_,I-ATTRIBUTE,False
2117,already,-X-,_,O,False
2118,,,,,
2119,hi,-X-,_,O,False
2120,.,-X-,_,O,False
2121,i,-X-,_,O,False
2122,'m,-X-,_,O,False
2123,looking,-X-,_,O,False
2124,for,-X-,_,O,False
2125,36,-X-,_,B-SIZE,False
2126,'',-X-,_,I-SIZE,False
2127,vanity,-X-,_,B-PRODUCT,False
2128,wall,-X-,_,B-ATTRIBUTE,False
2129,mounted,-X-,_,I-ATTRIBUTE,False
2130,black,-X-,_,B-COLOUR,False
2131,or,-X-,_,O,False
2132,white,-X-,_,B-COLOUR,False
2133,.,-X-,_,O,False
2134,with,-X-,_,O,False
2135,towel,-X-,_,B-ATTRIBUTE,False
2136,storage,-X-,_,I-ATTRIBUTE,False
2137,but,-X-,_,O,False
2138,no,-X-,_,O,False
2139,since,-X-,_,B-ATTRIBUTE,True
2140,,,,,
2141,i,-X-,_,O,False
2142,want,-X-,_,O,False
2143,just,-X-,_,O,False
2144,this,-X-,_,O,False
2145,cabinet,-X-,_,B-PRODUCT,False
2146,without,-X-,_,O,False
2147,the,-X-,_,O,False
2148,top,-X-,_,B-ATTRIBUTE,True
2149,as,-X-,_,O,False
2150,i,-X-,_,O,False
2151,want,-X-,_,O,False
2152,top,-X-,_,B-PRODUCT,False
2153,mounted,-X-,_,I-PRODUCT,False
2154,basins,-X-,_,I-PRODUCT,False
2155,on,-X-,_,O,False
2156,a,-X-,_,O,False
2157,surface,-X-,_,O,False
2158,matching,-X-,_,O,False
2159,my,-X-,_,O,False
2160,kitchen,-X-,_,O,False
2161,,,,,
2162,looking,-X-,_,O,False
2163,for,-X-,_,O,False
2164,a,-X-,_,O,False
2165,pivot,-X-,_,B-PRODUCT,False
2166,shower,-X-,_,I-PRODUCT,False
2167,door,-X-,_,I-PRODUCT,False
2168,in,-X-,_,O,False
2169,black,-X-,_,B-COLOUR,False
2170,to,-X-,_,O,False
2171,fit,-X-,_,O,False
2172,a,-X-,_,O,False
2173,33,-X-,_,B-SIZE,False
2174,inch,-X-,_,I-SIZE,False
2175,opening,-X-,_,O,False
2176,preferably,-X-,_,O,False
2177,but,-X-,_,O,False
2178,not,-X-,_,O,False
2179,necessarily,-X-,_,O,False
2180,.,-X-,_,O,False
2181,,,,,
2182,bathtub,-X-,_,B-PRODUCT,False
2183,without,-X-,_,O,False
2184,facet,-X-,_,B-ATTRIBUTE,True
2185,?,-X-,_,O,False
2186,,,,,
2187,can,-X-,_,O,False
2188,you,-X-,_,O,False
2189,order,-X-,_,O,False
2190,the,-X-,_,O,False
2191,59,-X-,_,B-SIZE,False
2192,'',-X-,_,I-SIZE,False
2193,bathtub,-X-,_,B-PRODUCT,False
2194,without,-X-,_,O,False
2195,the,-X-,_,O,False
2196,facet,-X-,_,B-ATTRIBUTE,True
2197,?,-X-,_,O,False
2198,,,,,
2199,i,-X-,_,O,False
2200,want,-X-,_,O,False
2201,grey,-X-,_,B-COLOUR,False
2202,toilet,-X-,_,B-PRODUCT,False
2203,not,-X-,_,O,False
2204,assessceries,-X-,_,B-PRODUCT,True
2205,,,,,
2206,i,-X-,_,O,False
2207,can,-X-,_,O,False
2208,not,-X-,_,O,False
2209,seem,-X-,_,O,False
2210,to,-X-,_,O,False
2211,sort,-X-,_,O,False
2212,by,-X-,_,O,False
2213,colour,-X-,_,O,False
2214,.,-X-,_,O,False
2215,i,-X-,_,O,False
2216,am,-X-,_,O,False
2217,looking,-X-,_,O,False
2218,for,-X-,_,O,False
2219,a,-X-,_,O,False
2220,cream,-X-,_,B-COLOUR,False
2221,38,-X-,_,B-SIZE,False
2222,'',-X-,_,I-SIZE,False
2223,corner,-X-,_,B-PRODUCT,False
2224,shower,-X-,_,I-PRODUCT,False
2225,stall,-X-,_,I-PRODUCT,False
2226,,,,,
2227,do,-X-,_,O,False
2228,you,-X-,_,O,False
2229,have,-X-,_,O,False
2230,60,-X-,_,B-SIZE,False
2231,inch,-X-,_,I-SIZE,False
2232,kitchen,-X-,_,B-PRODUCT,False
2233,island,-X-,_,I-PRODUCT,False
2234,with,-X-,_,O,False
2235,quartz,-X-,_,B-MATERIAL,False
2236,top,-X-,_,B-ATTRIBUTE,False
2237,with,-X-,_,O,False
2238,no,-X-,_,O,False
2239,settings,-X-,_,B-ATTRIBUTE,True
2240,,,,,
2241,frameless,-X-,_,B-ATTRIBUTE,False
2242,leveled,-X-,_,B-ATTRIBUTE,False
2243,mirror,-X-,_,B-PRODUCT,False
2244,no,-X-,_,O,False
2245,more,-X-,_,O,False
2246,than,-X-,_,O,False
2247,29,-X-,_,B-SIZE,False
2248,'',-X-,_,I-SIZE,False
2249,,,,,
2250,bath,-X-,_,B-PRODUCT,False
2251,tub,-X-,_,I-PRODUCT,False
2252,without,-X-,_,O,False
2253,texture,-X-,_,B-TEXTURE,True
2254,,,,,
2255,looking,-X-,_,O,False
2256,for,-X-,_,O,False
2257,a,-X-,_,O,False
2258,bathroom,-X-,_,B-PRODUCT,False
2259,cabinet,-X-,_,I-PRODUCT,False
2260,without,-X-,_,O,False
2261,top,-X-,_,B-ATTRIBUTE,True
2262,60,-X-,_,B-SIZE,False
2263,inches,-X-,_,I-SIZE,False
2264,,,,,
2265,looking,-X-,_,O,False
2266,for,-X-,_,O,False
2267,a,-X-,_,O,False
2268,medicine,-X-,_,B-PRODUCT,False
2269,cabinet,-X-,_,I-PRODUCT,False
2270,with,-X-,_,O,False
2271,mirror,-X-,_,B-ATTRIBUTE,False
2272,front,-X-,_,O,False
2273,not,-X-,_,O,False
2274,recessed,-X-,_,O,False
2275,that,-X-,_,O,False
2276,would,-X-,_,O,False
2277,fit,-X-,_,O,False
2278,50,-X-,_,B-SIZE,False
2279,inch,-X-,_,I-SIZE,False
2280,wide,-X-,_,I-SIZE,False
2281,39,-X-,_,B-SIZE,False
2282,inch,-X-,_,I-SIZE,False
2283,tall,-X-,_,I-SIZE,False
2284,the,-X-,_,O,False
2285,best,-X-,_,O,False
2286,,,,,
2287,i,-X-,_,O,False
2288,need,-X-,_,O,False
2289,a,-X-,_,O,False
2290,60,-X-,_,B-SIZE,False
2291,'',-X-,_,I-SIZE,False
2292,vanity,-X-,_,B-PRODUCT,False
2293,with,-X-,_,O,False
2294,a,-X-,_,O,False
2295,sink,-X-,_,B-ATTRIBUTE,False
2296,that,-X-,_,O,False
2297,'s,-X-,_,O,False
2298,offset,-X-,_,B-ATTRIBUTE,False
2299,to,-X-,_,I-ATTRIBUTE,False
2300,the,-X-,_,I-ATTRIBUTE,False
2301,right,-X-,_,I-ATTRIBUTE,False
2302,-,-X-,_,O,False
2303,not,-X-,_,O,False
2304,centred,-X-,_,B-ATTRIBUTE,True
2305,,,,,
2306,i,-X-,_,O,False
2307,am,-X-,_,O,False
2308,looking,-X-,_,O,False
2309,for,-X-,_,O,False
2310,a,-X-,_,O,False
2311,37,-X-,_,B-SIZE,False
2312,inch,-X-,_,I-SIZE,False
2313,bathroom,-X-,_,B-PRODUCT,False
2314,cabinet,-X-,_,I-PRODUCT,False
2315,without,-X-,_,O,False
2316,a,-X-,_,O,False
2317,top,-X-,_,B-ATTRIBUTE,True
2318,or,-X-,_,O,False
2319,sink,-X-,_,B-ATTRIBUTE,True
2320,because,-X-,_,O,False
2321,i,-X-,_,O,False
2322,have,-X-,_,O,False
2323,one,-X-,_,O,False
2324,.,-X-,_,O,False
2325,do,-X-,_,O,False
2326,you,-X-,_,O,False
2327,have,-X-,_,O,False
2328,anything,-X-,_,O,False
2329,in,-X-,_,O,False
2330,stock,-X-,_,O,False
2331,?,-X-,_,O,False
2332,,,,,
2333,i,-X-,_,O,False
2334,'m,-X-,_,O,False
2335,looking,-X-,_,O,False
2336,for,-X-,_,O,False
2337,a,-X-,_,O,False
2338,mirror,-X-,_,B-PRODUCT,False
2339,without,-X-,_,O,False
2340,a,-X-,_,O,False
2341,from,-X-,_,B-ATTRIBUTE,True
2342,40,-X-,_,B-SIZE,False
2343,inches,-X-,_,I-SIZE,False
2344,x,-X-,_,O,False
2345,60,-X-,_,B-SIZE,False
2346,inches,-X-,_,I-SIZE,False
2347,,,,,
2348,i,-X-,_,O,False
2349,am,-X-,_,O,False
2350,looking,-X-,_,O,False
2351,for,-X-,_,O,False
2352,a,-X-,_,O,False
2353,kitchen,-X-,_,B-PRODUCT,False
2354,facet,-X-,_,I-PRODUCT,False
2355,in,-X-,_,O,False
2356,stainless,-X-,_,B-MATERIAL,False
2357,steel,-X-,_,I-MATERIAL,False
2358,.,-X-,_,O,False
2359,do,-X-,_,O,False
2360,you,-X-,_,O,False
2361,have,-X-,_,O,False
2362,in,-X-,_,O,False
2363,stock,-X-,_,O,False
2364,na,-X-,_,O,False
2365,did,-X-,_,O,False
2366,not,-X-,_,O,False
2367,what,-X-,_,O,False
2368,would,-X-,_,O,False
2369,be,-X-,_,O,False
2370,turn,-X-,_,O,False
2371,around,-X-,_,O,False
2372,time,-X-,_,O,False
2373,and,-X-,_,O,False
2374,pricing,-X-,_,O,False
2375,.,-X-,_,O,False
2376,thanks,-X-,_,O,False
2377,,,,,
2378,hi,-X-,_,O,False
2379,looking,-X-,_,O,False
2380,for,-X-,_,O,False
2381,a,-X-,_,O,False
2382,24,-X-,_,B-SIZE,False
2383,inch,-X-,_,I-SIZE,False
2384,vanity,-X-,_,B-PRODUCT,False
2385,top,-X-,_,I-PRODUCT,False
2386,and,-X-,_,I-PRODUCT,False
2387,sink,-X-,_,I-PRODUCT,False
2388,",",-X-,_,O,False
2389,no,-X-,_,O,False
2390,base,-X-,_,B-ATTRIBUTE,True
2391,,,,,
2392,bathroom,-X-,_,B-PRODUCT,False
2393,varieties,-X-,_,I-PRODUCT,False
2394,no,-X-,_,O,False
2395,countertop,-X-,_,B-ATTRIBUTE,True
2396,,,,,
2397,i,-X-,_,O,False
2398,do,-X-,_,O,False
2399,n't,-X-,_,O,False
2400,want,-X-,_,O,False
2401,double,-X-,_,B-ATTRIBUTE,True
2402,sink,-X-,_,B-PRODUCT,True
2403,",",-X-,_,O,False
2404,i,-X-,_,O,False
2405,want,-X-,_,O,False
2406,a,-X-,_,O,False
2407,rectangle,-X-,_,B-SHAPE,False
2408,sink,-X-,_,B-PRODUCT,False
2409,,,,,
2410,looking,-X-,_,O,False
2411,for,-X-,_,O,False
2412,a,-X-,_,O,False
2413,30,-X-,_,B-SIZE,False
2414,inch,-X-,_,I-SIZE,False
2415,bathroom,-X-,_,B-PRODUCT,False
2416,vanity,-X-,_,I-PRODUCT,False
2417,not,-X-,_,O,False
2418,55,-X-,_,B-SIZE,True
2419,'',-X-,_,I-SIZE,True
2420,,,,,
2421,i,-X-,_,O,False
2422,am,-X-,_,O,False
2423,looking,-X-,_,O,False
2424,for,-X-,_,O,False
2425,a,-X-,_,O,False
2426,30,-X-,_,B-SIZE,False
2427,inch,-X-,_,I-SIZE,False
2428,bathroom,-X-,_,B-PRODUCT,False
2429,shelf,-X-,_,I-PRODUCT,False
2430,not,-X-,_,O,False
2431,wall,-X-,_,B-ATTRIBUTE,True
2432,mounted,-X-,_,I-ATTRIBUTE,True
2433,,,,,
2434,wall,-X-,_,B-ATTRIBUTE,False
2435,mount,-X-,_,I-ATTRIBUTE,False
2436,rectangular,-X-,_,B-SHAPE,False
2437,sink,-X-,_,B-PRODUCT,False
2438,without,-X-,_,O,False
2439,a,-X-,_,O,False
2440,facet,-X-,_,B-ATTRIBUTE,True
2441,hole,-X-,_,I-ATTRIBUTE,True
2442,,,,,
2443,grey,-X-,_,B-COLOUR,False
2444,toilet,-X-,_,B-PRODUCT,False
2445,not,-X-,_,O,False
2446,toilet,-X-,_,B-PRODUCT,True
2447,brush,-X-,_,I-PRODUCT,True
2448,,,,,
2449,good,-X-,_,O,False
2450,morning,-X-,_,O,False
2451,.,-X-,_,O,False
2452,we,-X-,_,O,False
2453,are,-X-,_,O,False
2454,looking,-X-,_,O,False
2455,for,-X-,_,O,False
2456,chrome,-X-,_,B-MATERIAL,False
2457,shower,-X-,_,B-PRODUCT,False
2458,head,-X-,_,I-PRODUCT,False
2459,with,-X-,_,O,False
2460,high,-X-,_,B-ATTRIBUTE,False
2461,pressure,-X-,_,I-ATTRIBUTE,False
2462,-,-X-,_,O,False
2463,simple,-X-,_,O,False
2464,no,-X-,_,O,False
2465,bells,-X-,_,O,False
2466,and,-X-,_,O,False
2467,whistles,-X-,_,O,False
2468,just,-X-,_,O,False
2469,good,-X-,_,B-ATTRIBUTE,False
2470,pressure,-X-,_,I-ATTRIBUTE,False
2471,,,,,
2472,can,-X-,_,O,False
2473,you,-X-,_,O,False
2474,help,-X-,_,O,False
2475,me,-X-,_,O,False
2476,find,-X-,_,O,False
2477,a,-X-,_,O,False
2478,pharmacy,-X-,_,B-PRODUCT,False
2479,without,-X-,_,O,False
2480,a,-X-,_,O,False
2481,mirror,-X-,_,B-ATTRIBUTE,True
2482,18,-X-,_,B-SIZE,False
2483,-,-X-,_,B-SIZE,False
2484,20,-X-,_,B-SIZE,False
2485,'',-X-,_,I-SIZE,False
2486,wide,-X-,_,I-SIZE,False
2487,?,-X-,_,O,False
2488,,,,,
2489,looking,-X-,_,O,False
2490,for,-X-,_,O,False
2491,a,-X-,_,O,False
2492,double,-X-,_,B-PRODUCT,False
2493,sink,-X-,_,I-PRODUCT,False
2494,in,-X-,_,O,False
2495,black,-X-,_,B-COLOUR,False
2496,that,-X-,_,O,False
2497,is,-X-,_,O,False
2498,no,-X-,_,O,False
2499,more,-X-,_,O,False
2500,than,-X-,_,O,False
2501,23,-X-,_,B-SIZE,False
2502,'',-X-,_,I-SIZE,False
2503,wide,-X-,_,I-SIZE,False
2504,.,-X-,_,O,False
2505,does,-X-,_,O,False
2506,this,-X-,_,O,False
2507,exist,-X-,_,O,False
2508,?,-X-,_,O,False
2509,,,,,
2510,i,-X-,_,O,False
2511,am,-X-,_,O,False
2512,looking,-X-,_,O,False
2513,for,-X-,_,O,False
2514,a,-X-,_,O,False
2515,toilet,-X-,_,B-PRODUCT,False
2516,seat,-X-,_,I-PRODUCT,False
2517,without,-X-,_,O,False
2518,undermounted,-X-,_,B-ATTRIBUTE,True
2519,hinges,-X-,_,I-ATTRIBUTE,True
2520,for,-X-,_,O,False
2521,a,-X-,_,O,False
2522,one,-X-,_,B-ATTRIBUTE,False
2523,piece,-X-,_,I-ATTRIBUTE,False
2524,toilet,-X-,_,I-ATTRIBUTE,False
2525,,,,,
2526,do,-X-,_,O,False
2527,you,-X-,_,O,False
2528,have,-X-,_,O,False
2529,mirror,-X-,_,B-PRODUCT,False
2530,medicine,-X-,_,I-PRODUCT,False
2531,cabinet,-X-,_,I-PRODUCT,False
2532,without,-X-,_,O,False
2533,led,-X-,_,B-ATTRIBUTE,True
2534,,,,,
2535,do,-X-,_,O,False
2536,you,-X-,_,O,False
2537,have,-X-,_,O,False
2538,shower,-X-,_,B-PRODUCT,False
2539,panels,-X-,_,I-PRODUCT,False
2540,that,-X-,_,O,False
2541,are,-X-,_,O,False
2542,n't,-X-,_,O,False
2543,see,-X-,_,B-ATTRIBUTE,True
2544,through,-X-,_,I-ATTRIBUTE,True
2545,?,-X-,_,O,False
2546,like,-X-,_,O,False
2547,fronted,-X-,_,B-MATERIAL,False
2548,glass,-X-,_,I-MATERIAL,False
2549,,,,,
2550,i,-X-,_,O,False
2551,do,-X-,_,O,False
2552,n't,-X-,_,O,False
2553,need,-X-,_,O,False
2554,a,-X-,_,O,False
2555,vanity,-X-,_,B-PRODUCT,True
2556,just,-X-,_,O,False
2557,the,-X-,_,O,False
2558,quartz,-X-,_,B-MATERIAL,False
2559,top,-X-,_,B-PRODUCT,False
2560,with,-X-,_,O,False
2561,built,-X-,_,B-ATTRIBUTE,False
2562,in,-X-,_,I-ATTRIBUTE,False
2563,sink,-X-,_,I-ATTRIBUTE,False
2564,,,,,
2565,hi,-X-,_,O,False
2566,",",-X-,_,O,False
2567,i,-X-,_,O,False
2568,was,-X-,_,O,False
2569,looking,-X-,_,O,False
2570,a,-X-,_,O,False
2571,free,-X-,_,B-ATTRIBUTE,False
2572,standing,-X-,_,I-ATTRIBUTE,False
2573,tub,-X-,_,B-PRODUCT,False
2574,yesterday,-X-,_,O,False
2575,for,-X-,_,O,False
2576,$,-X-,_,B-PRICE,False
2577,650,-X-,_,I-PRICE,False
2578,",",-X-,_,O,False
2579,it,-X-,_,O,False
2580,was,-X-,_,O,False
2581,on,-X-,_,O,False
2582,for,-X-,_,O,False
2583,50,-X-,_,O,False
2584,%,-X-,_,O,False
2585,off,-X-,_,O,False
2586,.,-X-,_,O,False
2587,i,-X-,_,O,False
2588,do,-X-,_,O,False
2589,n't,-X-,_,O,False
2590,see,-X-,_,O,False
2591,it,-X-,_,O,False
2592,now,-X-,_,O,False
2593,",",-X-,_,O,False
2594,is,-X-,_,O,False
2595,it,-X-,_,O,False
2596,still,-X-,_,O,False
2597,on,-X-,_,O,False
2598,sale,-X-,_,O,False
2599,?,-X-,_,O,False
2600,,,,,
2601,looking,-X-,_,O,False
2602,for,-X-,_,O,False
2603,a,-X-,_,O,False
2604,large,-X-,_,B-SIZE,False
2605,free,-X-,_,B-ATTRIBUTE,False
2606,standing,-X-,_,I-ATTRIBUTE,False
2607,tub,-X-,_,B-PRODUCT,False
2608,.,-X-,_,O,False
2609,..,-X-,_,O,False
2610,...,-X-,_,O,False
2611,not,-X-,_,O,False
2612,acrylic,-X-,_,B-MATERIAL,True
2613,or,-X-,_,O,False
2614,fiberglass,-X-,_,B-MATERIAL,True
2615,,,,,
2616,i,-X-,_,O,False
2617,do,-X-,_,O,False
2618,n't,-X-,_,O,False
2619,want,-X-,_,O,False
2620,a,-X-,_,O,False
2621,complete,-X-,_,O,False
2622,vanity,-X-,_,B-PRODUCT,True
2623,just,-X-,_,O,False
2624,the,-X-,_,O,False
2625,top,-X-,_,B-PRODUCT,False
2626,,,,,
2627,hi,-X-,_,O,False
2628,.,-X-,_,O,False
2629,..,-X-,_,O,False
2630,never,-X-,_,O,False
2631,been,-X-,_,O,False
2632,to,-X-,_,O,False
2633,your,-X-,_,O,False
2634,store,-X-,_,O,False
2635,",",-X-,_,O,False
2636,looking,-X-,_,O,False
2637,for,-X-,_,O,False
2638,vinyl,-X-,_,B-MATERIAL,False
2639,wardrobe,-X-,_,B-PRODUCT,False
2640,do,-X-,_,O,False
2641,not,-X-,_,O,False
2642,know,-X-,_,O,False
2643,if,-X-,_,O,False
2644,you,-X-,_,O,False
2645,carry,-X-,_,O,False
2646,those,-X-,_,O,False
2647,.,-X-,_,O,False
2648,..,-X-,_,O,False
2649,thanks,-X-,_,O,False
2650,,,,,
2651,thank,-X-,_,O,False
2652,you,-X-,_,O,False
2653,very,-X-,_,O,False
2654,much,-X-,_,O,False
2655,i,-X-,_,O,False
2656,'m,-X-,_,O,False
2657,looking,-X-,_,O,False
2658,for,-X-,_,O,False
2659,a,-X-,_,O,False
2660,shower,-X-,_,B-PRODUCT,False
2661,stall,-X-,_,I-PRODUCT,False
2662,kit,-X-,_,I-PRODUCT,False
2663,that,-X-,_,O,False
2664,is,-X-,_,O,False
2665,not,-X-,_,O,False
2666,priced,-X-,_,B-PRICE,True
2667,to,-X-,_,I-PRICE,True
2668,high,-X-,_,I-PRICE,True
2669,it,-X-,_,O,False
2670,'s,-X-,_,O,False
2671,for,-X-,_,O,False
2672,a,-X-,_,O,False
2673,basement,-X-,_,O,False
2674,,,,,
2675,t,-X-,_,B-PRODUCT,False
2676,-,-X-,_,B-PRODUCT,False
2677,shirt,-X-,_,B-PRODUCT,False
2678,without,-X-,_,O,False
2679,logo,-X-,_,B-ATTRIBUTE,True
2680,,,,,
2681,shower,-X-,_,B-PRODUCT,False
2682,door,-X-,_,I-PRODUCT,False
2683,no,-X-,_,O,False
2684,side,-X-,_,B-ATTRIBUTE,True
2685,panels,-X-,_,I-ATTRIBUTE,True
2686,,,,,
2687,i,-X-,_,O,False
2688,am,-X-,_,O,False
2689,looking,-X-,_,O,False
2690,for,-X-,_,O,False
2691,a,-X-,_,O,False
2692,heated,-X-,_,B-ATTRIBUTE,False
2693,air,-X-,_,I-ATTRIBUTE,False
2694,and,-X-,_,O,False
2695,water,-X-,_,B-ATTRIBUTE,False
2696,netted,-X-,_,I-ATTRIBUTE,False
2697,tub,-X-,_,B-PRODUCT,False
2698,.,-X-,_,O,False
2699,,,,,
2700,bathtub,-X-,_,B-PRODUCT,False
2701,with,-X-,_,O,False
2702,jets,-X-,_,B-ATTRIBUTE,False
2703,,,,,
2704,hello,-X-,_,O,False
2705,",",-X-,_,O,False
2706,what,-X-,_,O,False
2707,is,-X-,_,O,False
2708,the,-X-,_,O,False
2709,biggest,-X-,_,B-SIZE,False
2710,blade,-X-,_,B-ATTRIBUTE,False
2711,on,-X-,_,O,False
2712,a,-X-,_,O,False
2713,shower,-X-,_,B-PRODUCT,False
2714,squeeze,-X-,_,I-PRODUCT,False
2715,that,-X-,_,O,False
2716,you,-X-,_,O,False
2717,carry,-X-,_,O,False
2718,?,-X-,_,O,False
2719,?,-X-,_,O,False
2720,,,,,
2721,looking,-X-,_,O,False
2722,for,-X-,_,O,False
2723,a,-X-,_,O,False
2724,bathtub,-X-,_,B-PRODUCT,False
2725,left,-X-,_,B-ATTRIBUTE,False
2726,hand,-X-,_,I-ATTRIBUTE,False
2727,drain,-X-,_,I-ATTRIBUTE,False
2728,but,-X-,_,O,False
2729,square,-X-,_,B-SHAPE,False
2730,not,-X-,_,O,False
2731,oval,-X-,_,B-SHAPE,True
2732,,,,,
2733,do,-X-,_,O,False
2734,you,-X-,_,O,False
2735,sell,-X-,_,O,False
2736,a,-X-,_,O,False
2737,tub,-X-,_,B-PRODUCT,False
2738,shower,-X-,_,I-PRODUCT,False
2739,facet,-X-,_,I-PRODUCT,False
2740,set,-X-,_,I-PRODUCT,False
2741,that,-X-,_,O,False
2742,does,-X-,_,O,False
2743,not,-X-,_,O,False
2744,have,-X-,_,O,False
2745,the,-X-,_,O,False
2746,anti,-X-,_,B-ATTRIBUTE,True
2747,scale,-X-,_,I-ATTRIBUTE,True
2748,feature,-X-,_,I-ATTRIBUTE,True
2749,?,-X-,_,O,False
2750,,,,,
2751,what,-X-,_,O,False
2752,rectangular,-X-,_,B-SHAPE,False
2753,shower,-X-,_,B-PRODUCT,False
2754,units,-X-,_,I-PRODUCT,False
2755,are,-X-,_,O,False
2756,available,-X-,_,O,False
2757,?,-X-,_,O,False
2758,,,,,
2759,i,-X-,_,O,False
2760,am,-X-,_,O,False
2761,looking,-X-,_,O,False
2762,for,-X-,_,O,False
2763,a,-X-,_,O,False
2764,35,-X-,_,B-SIZE,False
2765,inch,-X-,_,I-SIZE,False
2766,bathroom,-X-,_,B-PRODUCT,False
2767,sink,-X-,_,I-PRODUCT,False
2768,countertop,-X-,_,I-PRODUCT,False
2769,with,-X-,_,O,False
2770,sink,-X-,_,B-ATTRIBUTE,False
2771,,,,,
2772,i,-X-,_,O,False
2773,'m,-X-,_,O,False
2774,looking,-X-,_,O,False
2775,f,-X-,_,O,False
2776,or,-X-,_,O,False
2777,a,-X-,_,O,False
2778,black,-X-,_,B-COLOUR,False
2779,matte,-X-,_,B-TEXTURE,False
2780,bathtub,-X-,_,B-PRODUCT,False
2781,double,-X-,_,I-PRODUCT,False
2782,sliding,-X-,_,I-PRODUCT,False
2783,door,-X-,_,I-PRODUCT,False
2784,,,,,
2785,need,-X-,_,O,False
2786,a,-X-,_,O,False
2787,27,-X-,_,B-SIZE,False
2788,inch,-X-,_,I-SIZE,False
2789,frameless,-X-,_,B-ATTRIBUTE,False
2790,shower,-X-,_,B-PRODUCT,False
2791,door,-X-,_,I-PRODUCT,False
2792,,,,,
