Tokens,Tags,is_negative,sentence
I,O,False,0
am,O,False,0
looking,O,False,0
for,O,False,0
a,O,False,0
black,B-COLOUR,False,0
gloss,B-TEXTURE,False,0
33,B-SIZE,False,0
inch,I-SIZE,False,0
fireclay,B-PRODUCT,False,0
apron,I-PRODUCT,False,0
sink,I-PRODUCT,False,0
Looking,O,False,1
for,O,False,1
pre,B-PRODUCT,False,1
workout,I-PRODUCT,False,1
Pump,I-PRODUCT,False,1
addict,I-PRODUCT,False,1
instead,O,False,1
of,O,False,1
Karbolyn,B-PRODUCT,True,1
Hydrate,I-PRODUCT,True,1
Wich,O,False,1
one,O,False,1
is,O,False,1
better?,O,False,1
i,O,False,2
need,O,False,2
a,O,False,2
48,B-SIZE,False,2
inch,I-SIZE,False,2
glass,B-MATERIAL,False,2
sliding,B-PRODUCT,False,2
goof,I-PRODUCT,False,2
and,O,False,2
a,O,False,2
shower,B-PRODUCT,False,2
pan,I-PRODUCT,False,2
system,I-PRODUCT,False,2
for,O,False,2
500.99,B-PRICE,False,2
or,I-PRICE,False,2
less,I-PRICE,False,2
"Hello,",O,False,3
do,O,False,3
any,O,False,3
of,O,False,3
your,O,False,3
free,B-ATTRIBUTE,False,3
standing,I-ATTRIBUTE,False,3
tubs,B-PRODUCT,False,3
have,O,False,3
a,O,False,3
matte,B-TEXTURE,False,3
white,B-COLOUR,False,3
finish,O,False,3
instead,O,False,3
of,O,False,3
a,O,False,3
glossy,B-TEXTURE,True,3
finish?,O,False,3
I'm,O,False,4
looking,O,False,4
for,O,False,4
a,O,False,4
24,B-SIZE,False,4
inch,I-SIZE,False,4
white,B-COLOUR,False,4
mirror,B-PRODUCT,False,4
that,O,False,4
is,O,False,4
freestanding,B-ATTRIBUTE,False,4
and,O,False,4
reasonably,B-PRICE,False,4
priced.,I-PRICE,False,4
Does,O,False,5
the,O,False,5
linen,B-MATERIAL,False,5
add,O,False,5
cotton,B-MATERIAL,False,5
duvet,B-PRODUCT,False,5
cover,I-PRODUCT,False,5
come,O,False,5
in,O,False,5
King?,B-SIZE,False,5
I,O,False,5
saw,O,False,5
it,O,False,5
in,O,False,5
the,O,False,5
store,O,False,5
but,O,False,5
I,O,False,5
don't,O,False,5
see,O,False,5
the,O,False,5
king,B-SIZE,False,5
size,I-SIZE,False,5
online,O,False,5
?,O,False,5
Hi,O,False,6
there.,O,False,6
I'm,O,False,6
looking,O,False,6
to,O,False,6
buy,O,False,6
some,O,False,6
throw,B-PRODUCT,False,6
blankets.,I-PRODUCT,False,6
Your,O,False,6
website,O,False,6
states,O,False,6
that,O,False,6
the,O,False,6
underside,O,False,6
of,O,False,6
the,O,False,6
Boucle,B-MATERIAL,False,6
wool-like,I-MATERIAL,False,6
throw,B-PRODUCT,False,6
is,O,False,6
very,O,False,6
soft.,B-TEXTURE,False,6
I,O,False,6
would,O,False,6
like,O,False,6
to,O,False,6
know,O,False,6
if,O,False,6
the,O,False,6
wool-like,B-MATERIAL,False,6
top,O,False,6
side,O,False,6
is,O,False,6
soft,B-TEXTURE,False,6
as,O,False,6
"well,",O,False,6
or,O,False,6
if,O,False,6
it,O,False,6
is,O,False,6
scratchy.,B-TEXTURE,True,6
I,O,False,6
have,O,False,6
hypersensitive,O,False,6
skin,O,False,6
and,O,False,6
need,O,False,6
a,O,False,6
blanket,B-PRODUCT,False,6
that,O,False,6
will,O,False,6
not,O,False,6
irritate,O,False,6
me.,O,False,6
Thanks.,O,False,6
Long,B-SIZE,False,7
Sherpa,B-PRODUCT,False,7
jacket,I-PRODUCT,False,7
dark,B-COLOUR,False,7
brown,I-COLOUR,False,7
why,O,False,7
can't,O,False,7
I,O,False,7
find,O,False,7
it?,O,False,7
Hello.,O,False,8
I'm,O,False,8
looking,O,False,8
for,O,False,8
a,O,False,8
soft,B-TEXTURE,False,8
Open,B-ATTRIBUTE,False,8
face,I-ATTRIBUTE,False,8
cardigan,B-PRODUCT,False,8
w,O,False,8
no,O,False,8
buttons.,B-ATTRIBUTE,True,8
hi,O,False,9
do,O,False,9
you,O,False,9
carry,O,False,9
any,O,False,9
oval,B-SHAPE,False,9
tubs,B-PRODUCT,False,9
in,O,False,9
a,O,False,9
matte,B-TEXTURE,False,9
white,B-COLOUR,False,9
finish,O,False,9
or,O,False,9
not,O,False,9
too,O,False,9
much,O,False,9
of,O,False,9
gloss?,B-TEXTURE,True,9
i,O,False,9
know,O,False,9
they,O,False,9
make,O,False,9
solid,O,False,9
surface,O,False,9
but,O,False,9
higher,B-PRICE,False,9
prices.,I-PRICE,False,9
thank,O,False,9
you,O,False,9
Do,O,False,10
you,O,False,10
not,O,False,10
have,O,False,10
alcove,B-ATTRIBUTE,False,10
shower,B-PRODUCT,False,10
walls?,I-PRODUCT,False,10
Hi,O,False,11
I'm,O,False,11
considering,O,False,11
a,O,False,11
bathtub,B-PRODUCT,False,11
swivel,I-PRODUCT,False,11
panel.,I-PRODUCT,False,11
I,O,False,11
assume,O,False,11
it,O,False,11
doesn't,O,False,11
matter,O,False,11
which,O,False,11
way,O,False,11
the,O,False,11
bathtub,B-PRODUCT,False,11
is,O,False,11
facing?,O,False,11
looking,O,False,12
for,O,False,12
a,O,False,12
alcove,B-ATTRIBUTE,False,12
shower,B-PRODUCT,False,12
base,I-PRODUCT,False,12
.,O,False,12
not,O,False,12
so,O,False,12
much,O,False,12
$,O,False,12
lol,O,False,12
Do,O,False,13
you,O,False,13
have,O,False,13
a,O,False,13
vanity,B-PRODUCT,False,13
tops,I-PRODUCT,False,13
or,O,False,13
wall,B-ATTRIBUTE,False,13
mount,I-ATTRIBUTE,False,13
sink,B-PRODUCT,False,13
without,O,False,13
faucet,B-ATTRIBUTE,True,13
holes?,I-ATTRIBUTE,True,13
Hi!!,O,False,14
I'm,O,False,14
looking,O,False,14
for,O,False,14
a,O,False,14
"60""",B-SIZE,False,14
wide,I-SIZE,False,14
tub,B-PRODUCT,False,14
but,O,False,14
a,O,False,14
soaker,B-ATTRIBUTE,False,14
type,I-ATTRIBUTE,False,14
thats,O,False,14
deeper,B-ATTRIBUTE,False,14
than,O,False,14
a,O,False,14
regular,B-PRODUCT,True,14
tub,I-PRODUCT,True,14
do,O,False,14
you,O,False,14
have,O,False,14
this,O,False,14
type?,O,False,14
I,O,False,14
don't,O,False,14
see,O,False,14
anything,O,False,14
deep,O,False,14
enough,O,False,14
on,O,False,14
your,O,False,14
site,O,False,14
Ok,O,False,15
thanks.,O,False,15
I'm,O,False,15
looking,O,False,15
for,O,False,15
a,O,False,15
pure,B-COLOUR,False,15
white,I-COLOUR,False,15
alcove,B-ATTRIBUTE,False,15
"bathtub,",B-PRODUCT,False,15
not,O,False,15
American,B-ATTRIBUTE,False,15
standard,I-ATTRIBUTE,False,15
or,O,False,15
any,O,False,15
off,B-COLOUR,True,15
whites.,I-COLOUR,True,15
Is,O,False,15
there,O,False,15
one,O,False,15
you,O,False,15
could,O,False,15
recommend,O,False,15
"Hi,",O,False,16
Do,O,False,16
you,O,False,16
have,O,False,16
a,O,False,16
navy,B-COLOUR,False,16
mirror,B-PRODUCT,False,16
size,O,False,16
60x31.,B-SIZE,False,16
You,O,False,16
have,O,False,16
it,O,False,16
for,O,False,16
the,O,False,16
gold,B-COLOUR,True,16
and,O,False,16
black,B-COLOUR,True,16
but,O,False,16
i,O,False,16
don't,O,False,16
want,O,False,16
it,O,False,16
for,O,False,16
the,O,False,16
navy.,B-COLOUR,False,16
"Hi,",O,False,17
I,O,False,17
am,O,False,17
looking,O,False,17
for,O,False,17
a,O,False,17
floating,B-ATTRIBUTE,False,17
vanity,B-PRODUCT,False,17
with,O,False,17
integrated,B-ATTRIBUTE,False,17
sink,I-ATTRIBUTE,False,17
&,O,False,17
counter,B-ATTRIBUTE,False,17
top,I-ATTRIBUTE,False,17
with,O,False,17
no,O,False,17
drill,B-ATTRIBUTE,True,17
holes,I-ATTRIBUTE,True,17
for,O,False,17
the,O,False,17
faucet,B-ATTRIBUTE,False,17
as,O,False,17
our,O,False,17
faucets,B-ATTRIBUTE,False,17
are,O,False,17
wall,B-ATTRIBUTE,False,17
mounted.,I-ATTRIBUTE,False,17
Do,O,False,17
you,O,False,17
sell,O,False,17
theM,O,False,17
I,O,False,18
am,O,False,18
looking,O,False,18
for,O,False,18
soaker,B-ATTRIBUTE,False,18
tub,B-PRODUCT,False,18
but,O,False,18
do,O,False,18
not,O,False,18
want,O,False,18
stand,B-ATTRIBUTE,True,18
alone.,I-ATTRIBUTE,True,18
I,O,False,18
am,O,False,18
replacing,O,False,18
my,O,False,18
oval,B-SHAPE,True,18
jacuzzi,B-PRODUCT,True,18
Where,O,False,19
is,O,False,19
the,O,False,19
mirror,B-PRODUCT,False,19
on,O,False,19
here.,O,False,19
I,O,False,19
don't,O,False,19
want,O,False,19
linen,B-MATERIAL,True,19
cabinet,B-PRODUCT,True,19
"Hello,",O,False,20
I,O,False,20
need,O,False,20
a,O,False,20
standup,B-ATTRIBUTE,False,20
shower,B-PRODUCT,False,20
door,I-PRODUCT,False,20
"only,",O,False,20
no,O,False,20
side,B-ATTRIBUTE,True,20
panels.,I-ATTRIBUTE,True,20
41,B-SIZE,False,20
inches,I-SIZE,False,20
wide,I-SIZE,False,20
I'm,O,False,21
looking,O,False,21
for,O,False,21
a,O,False,21
double,B-ATTRIBUTE,False,21
sink,B-PRODUCT,False,21
kitchen,I-PRODUCT,False,21
close,O,False,21
to,O,False,21
52,B-SIZE,False,21
inches,I-SIZE,False,21
no,O,False,21
bigger,B-SIZE,True,21
with,O,False,21
countertop,B-ATTRIBUTE,False,21
I'm,O,False,22
looking,O,False,22
for,O,False,22
bypass,O,False,22
shower,B-PRODUCT,False,22
doors,I-PRODUCT,False,22
in,O,False,22
chrome,B-MATERIAL,False,22
with,O,False,22
clear,B-MATERIAL,False,22
glass.,I-MATERIAL,False,22
The,O,False,22
opening,O,False,22
would,O,False,22
be,O,False,22
for,O,False,22
a,O,False,22
"59""",B-SIZE,False,22
width,I-SIZE,False,22
and,O,False,22
the,O,False,22
height,B-SIZE,False,22
I'm,O,False,22
looking,O,False,22
for,O,False,22
is,O,False,22
"76"".",B-SIZE,False,22
I,O,False,22
don't,O,False,22
want,O,False,22
any,O,False,22
rubber,B-MATERIAL,True,22
seals,B-ATTRIBUTE,True,22
around,O,False,22
the,O,False,22
glass,B-MATERIAL,False,22
doors.,B-PRODUCT,False,22
I,O,False,23
am,O,False,23
looking,O,False,23
at,O,False,23
the,O,False,23
"34""x34""",B-SIZE,False,23
shower,B-PRODUCT,False,23
kit,I-PRODUCT,False,23
with,O,False,23
"door,",B-ATTRIBUTE,False,23
"walls,",B-ATTRIBUTE,False,23
base,B-ATTRIBUTE,False,23
and,O,False,23
glass,B-MATERIAL,False,23
shelves.,B-ATTRIBUTE,False,23
Can,O,False,24
the,O,False,24
"2""",B-SIZE,True,24
"backsplash,",B-ATTRIBUTE,True,24
on,O,False,24
the,O,False,24
"60""",B-SIZE,False,24
single,B-PRODUCT,False,24
sink,I-PRODUCT,False,24
"countertop,",I-PRODUCT,False,24
be,O,False,24
removed?,O,False,24
Or,O,False,24
is,O,False,24
the,O,False,24
counter,B-PRODUCT,False,24
and,O,False,24
backsplash,B-ATTRIBUTE,False,24
one,O,False,24
piece?,O,False,24
If,O,False,24
"so,",O,False,24
do,O,False,24
you,O,False,24
have,O,False,24
a,O,False,24
single,B-PRODUCT,False,24
"sink,",I-PRODUCT,False,24
white,B-COLOUR,False,24
"60""",B-SIZE,False,24
vanity,B-PRODUCT,False,24
with,O,False,24
no,O,False,24
backsplash,B-ATTRIBUTE,True,24
piece?,I-ATTRIBUTE,True,24
We're,O,False,25
looking,O,False,25
for,O,False,25
a,O,False,25
60,B-SIZE,False,25
inch,I-SIZE,False,25
left,B-ATTRIBUTE,False,25
drain,I-ATTRIBUTE,False,25
alcove,B-ATTRIBUTE,False,25
tub,B-PRODUCT,False,25
which,O,False,25
is,O,False,25
a,O,False,25
soaker,B-ATTRIBUTE,False,25
tub,B-PRODUCT,False,25
with,O,False,25
no,O,False,25
more,O,False,25
than,O,False,25
"15""",B-SIZE,True,25
height.,I-SIZE,True,25
In,O,False,25
white.,B-COLOUR,False,25
just,O,False,26
need,O,False,26
glass,B-MATERIAL,False,26
doors,B-PRODUCT,False,26
no,O,False,26
end,B-PRODUCT,True,26
glass,I-PRODUCT,True,26
Do,O,False,27
you,O,False,27
have,O,False,27
Chrome,B-MATERIAL,False,27
column-style,B-SHAPE,False,27
showerhead,B-PRODUCT,False,27
with,O,False,27
body,B-ATTRIBUTE,False,27
jets,I-ATTRIBUTE,False,27
and,O,False,27
rain,B-ATTRIBUTE,False,27
showerhead,I-ATTRIBUTE,False,27
i,O,False,28
live,O,False,28
in,O,False,28
__location__,O,False,28
and,O,False,28
i,O,False,28
am,O,False,28
looking,O,False,28
for,O,False,28
an,O,False,28
acrylic,B-MATERIAL,False,28
(,O,False,28
preference,O,False,28
),O,False,28
or,O,False,28
fibreglass,B-MATERIAL,False,28
shower,B-PRODUCT,False,28
base.,I-PRODUCT,False,28
I,O,False,28
need,O,False,28
a,O,False,28
50,B-SIZE,False,28
inch,I-SIZE,False,28
wide,I-SIZE,False,28
by,O,False,28
34,B-SIZE,False,28
inch,I-SIZE,False,28
deep,I-SIZE,False,28
with,O,False,28
a,O,False,28
5,B-SIZE,False,28
inch,I-SIZE,False,28
single,B-ATTRIBUTE,False,28
threshold,I-ATTRIBUTE,False,28
Looking,O,False,29
for,O,False,29
a,O,False,29
tub/shower,B-PRODUCT,False,29
righthand,B-ATTRIBUTE,False,29
and,O,False,29
one,O,False,29
"lefthand,",B-ATTRIBUTE,False,29
what,O,False,29
are,O,False,29
my,O,False,29
options?,O,False,29
I,O,False,30
am,O,False,30
looking,O,False,30
for,O,False,30
a,O,False,30
freestanding,B-ATTRIBUTE,False,30
tub,B-PRODUCT,False,30
with,O,False,30
a,O,False,30
bathing,B-ATTRIBUTE,False,30
well,I-ATTRIBUTE,False,30
bottom,I-ATTRIBUTE,False,30
length,B-SIZE,False,30
of,I-SIZE,False,30
45,I-SIZE,False,30
inches,I-SIZE,False,30
minimum,O,False,30
I'm,O,False,31
looking,O,False,31
for,O,False,31
a,O,False,31
round,B-SHAPE,False,31
shower,B-PRODUCT,False,31
around,O,False,31
73,B-SIZE,False,31
inches,I-SIZE,False,31
high,I-SIZE,False,31
I'm,O,False,32
looking,O,False,32
to,O,False,32
buy,O,False,32
a,O,False,32
"42""",B-SIZE,False,32
gazebo,B-PRODUCT,False,32
with,O,False,32
no,O,False,32
more,O,False,32
than,O,False,32
"21""",B-SIZE,True,32
depth,I-SIZE,True,32
Do,O,False,33
you,O,False,33
have,O,False,33
shelves,B-PRODUCT,False,33
that,O,False,33
mount,O,False,33
to,O,False,33
a,O,False,33
"wall,",O,False,33
no,O,False,33
screw,B-ATTRIBUTE,True,33
30,B-SIZE,False,33
inches,I-SIZE,False,33
__brand__,B-PRODUCT,False,34
bathtub,I-PRODUCT,False,34
58,B-SIZE,False,34
in.,I-SIZE,False,34
x,O,False,34
5,B-SIZE,False,34
in.,I-SIZE,False,34
4-Jet,B-ATTRIBUTE,False,34
High,I-ATTRIBUTE,False,34
Pressure,I-ATTRIBUTE,False,34
Shower,B-PRODUCT,False,34
Panel,I-PRODUCT,False,34
System,I-PRODUCT,False,34
with,O,False,34
Square,B-ATTRIBUTE,False,34
Rain,I-ATTRIBUTE,False,34
Shower,I-ATTRIBUTE,False,34
Head,I-ATTRIBUTE,False,34
and,O,False,34
Tub,B-ATTRIBUTE,False,34
Filler,I-ATTRIBUTE,False,34
in,O,False,34
Matte,B-TEXTURE,False,34
Black,B-COLOUR,False,34
Model,O,False,34
"Yes,",O,False,35
I,O,False,35
bought,O,False,35
a,O,False,35
tub,B-PRODUCT,False,35
from,O,False,35
"you,",O,False,35
I,O,False,35
am,O,False,35
looking,O,False,35
for,O,False,35
a,O,False,35
adjustable,B-ATTRIBUTE,False,35
screw,B-PRODUCT,False,35
that,O,False,35
attaches,O,False,35
to,O,False,35
the,O,False,35
plug.,O,False,35
I'm,O,False,36
looking,O,False,36
for,O,False,36
a,O,False,36
60,B-SIZE,False,36
inch,I-SIZE,False,36
white,B-COLOUR,False,36
bathtub,B-PRODUCT,False,36
that,O,False,36
is,O,False,36
freestanding,B-ATTRIBUTE,False,36
and,O,False,36
reasonably,B-PRICE,False,36
priced,I-PRICE,False,36
i'm,O,False,37
looking,O,False,37
for,O,False,37
unflavored,B-ATTRIBUTE,False,37
mass,B-PRODUCT,False,37
gainer,I-PRODUCT,False,37
protein,I-PRODUCT,False,37
Do,O,False,38
you,O,False,38
have,O,False,38
a,O,False,38
wall,B-ATTRIBUTE,False,38
mount,I-ATTRIBUTE,False,38
sink,B-PRODUCT,False,38
without,O,False,38
a,O,False,38
faucet,B-ATTRIBUTE,True,38
hole,I-ATTRIBUTE,True,38
Just,O,False,39
shower,B-PRODUCT,False,39
base,I-PRODUCT,False,39
without,O,False,39
walls,B-ATTRIBUTE,True,39
I'm,O,False,40
looking,O,False,40
for,O,False,40
a,O,False,40
shower,B-PRODUCT,False,40
"unit,",I-PRODUCT,False,40
"60""",B-SIZE,False,40
wide,I-SIZE,False,40
by,O,False,40
"42""",B-SIZE,False,40
"deep,",I-SIZE,False,40
with,O,False,40
no,O,False,40
seat,B-ATTRIBUTE,True,40
and,O,False,40
no,O,False,40
top,B-ATTRIBUTE,True,40
luggage,B-PRODUCT,False,41
without,O,False,41
wheels,B-ATTRIBUTE,True,41
I,O,False,42
found,O,False,42
a,O,False,42
vanity,B-PRODUCT,False,42
top,I-PRODUCT,False,42
I,O,False,42
love,O,False,42
but,O,False,42
it,O,False,42
has,O,False,42
only,O,False,42
one,B-ATTRIBUTE,True,42
hole,I-ATTRIBUTE,True,42
for,O,False,42
taps,B-ATTRIBUTE,False,42
and,O,False,42
that,O,False,42
doesn't,O,False,42
suit,O,False,42
our,O,False,42
needs,O,False,42
curbless,B-ATTRIBUTE,False,43
shower,B-PRODUCT,False,43
Walk,B-ATTRIBUTE,False,44
in,I-ATTRIBUTE,False,44
tubs,B-PRODUCT,False,44
for,O,False,44
seniors,B-ATTRIBUTE,False,44
I,O,False,45
am,O,False,45
looking,O,False,45
for,O,False,45
a,O,False,45
shower,B-PRODUCT,False,45
door,I-PRODUCT,False,45
about,O,False,45
30,B-SIZE,False,45
inches,I-SIZE,False,45
I,O,False,46
need,O,False,46
a,O,False,46
toilet,B-PRODUCT,False,46
that,O,False,46
is,O,False,46
only,O,False,46
28,B-SIZE,False,46
inches,I-SIZE,False,46
high,I-SIZE,False,46
"Hi,",O,False,47
I,O,False,47
am,O,False,47
looking,O,False,47
for,O,False,47
bathroom,B-PRODUCT,False,47
LED,I-PRODUCT,False,47
mirrors,I-PRODUCT,False,47
that,O,False,47
are,O,False,47
24,B-SIZE,False,47
inch.,I-SIZE,False,47
That,O,False,47
are,O,False,47
hard,B-ATTRIBUTE,False,47
wired,I-ATTRIBUTE,False,47
and,O,False,47
can,O,False,47
be,O,False,47
turned,B-ATTRIBUTE,False,47
on,I-ATTRIBUTE,False,47
from,I-ATTRIBUTE,False,47
the,I-ATTRIBUTE,False,47
mirror,I-ATTRIBUTE,False,47
Denim,B-MATERIAL,False,48
skirts?,B-PRODUCT,False,48
touch,O,False,49
of,O,False,49
linen,B-MATERIAL,False,49
buttoned,B-ATTRIBUTE,False,49
skirt,B-PRODUCT,False,49
in,O,False,49
patterned,B-COLOUR,False,49
white,I-COLOUR,False,49
colour,I-COLOUR,False,49
Base,B-PRODUCT,False,50
cabinet,I-PRODUCT,False,50
42,B-SIZE,False,50
inches,I-SIZE,False,50
long,I-SIZE,False,50
Do,O,False,51
you,O,False,51
have,O,False,51
the,O,False,51
sweater,B-PRODUCT,False,51
in,O,False,51
medium?,B-SIZE,False,51
Hi.,O,False,52
Do,O,False,52
you,O,False,52
have,O,False,52
sheer,B-PRODUCT,False,52
curtains,I-PRODUCT,False,52
which,O,False,52
I,O,False,52
can,O,False,52
place,O,False,52
on,O,False,52
hooks,B-ATTRIBUTE,False,52
instead,O,False,52
of,O,False,52
a,O,False,52
rod,B-ATTRIBUTE,True,52
Looking,O,False,53
for,O,False,53
Grey,B-COLOUR,False,53
drapery,B-PRODUCT,False,53
panels,I-PRODUCT,False,53
10,B-SIZE,False,53
feet,I-SIZE,False,53
in,I-SIZE,False,53
length,I-SIZE,False,53
twik,O,False,54
white,B-COLOUR,False,54
sleeveless,B-ATTRIBUTE,False,54
button,B-ATTRIBUTE,False,54
closure,I-ATTRIBUTE,False,54
top,B-PRODUCT,False,54
Do,O,False,55
you,O,False,55
have,O,False,55
waterproof,B-ATTRIBUTE,False,55
queen,B-SIZE,False,55
size,I-SIZE,False,55
mattress,B-PRODUCT,False,55
protectors,I-PRODUCT,False,55
for,O,False,55
over,O,False,55
18,B-SIZE,False,55
inch,I-SIZE,False,55
mattresses?,O,False,55
Looking,O,False,56
for,O,False,56
Mercerized,O,False,56
cotton,B-MATERIAL,False,56
high-performance,B-ATTRIBUTE,False,56
T-shirt,B-PRODUCT,False,56
in,O,False,56
size,B-SIZE,False,56
medium,I-SIZE,False,56
Are,O,False,57
the,O,False,57
round,B-ATTRIBUTE,False,57
velvet,B-MATERIAL,False,57
floor,B-PRODUCT,False,57
cushions,I-PRODUCT,False,57
available,O,False,57
in,O,False,57
store?,O,False,57
I,O,False,58
would,O,False,58
like,O,False,58
the,O,False,58
sweater,B-PRODUCT,False,58
as,O,False,58
well,O,False,58
as,O,False,58
the,O,False,58
icons,B-PRODUCT,False,58
pencil,I-PRODUCT,False,58
skirt,I-PRODUCT,False,58
in,O,False,58
green,B-COLOUR,False,58
Sleeveless,B-ATTRIBUTE,False,59
sweater,B-PRODUCT,False,59
Unflavored,B-ATTRIBUTE,True,60
unsweetened,B-ATTRIBUTE,False,60
do,O,False,61
you,O,False,61
have,O,False,61
the,O,False,61
stainless,B-MATERIAL,False,61
steel,I-MATERIAL,False,61
shaker,B-PRODUCT,False,61
cups,I-PRODUCT,False,61
I,O,False,62
am,O,False,62
looking,O,False,62
for,O,False,62
flavor,B-PRODUCT,False,62
powders,I-PRODUCT,False,62
which,O,False,62
I,O,False,62
can,O,False,62
use,O,False,62
in,O,False,62
yoghurts,O,False,62
for,O,False,62
example,O,False,62
"Hi,",O,False,63
do,O,False,63
you,O,False,63
sell,O,False,63
fingerless,B-ATTRIBUTE,False,63
gloves,B-PRODUCT,False,63
please,O,False,63
Need,O,False,64
an,O,False,64
inexpensive,B-PRICE,False,64
thermostatic,B-PRODUCT,False,64
shower,I-PRODUCT,False,64
set,I-PRODUCT,False,64
with,O,False,64
an,O,False,64
extra,B-ATTRIBUTE,False,64
outlet,I-ATTRIBUTE,False,64
for,O,False,64
bidet.,O,False,64
Can,O,False,64
you,O,False,64
suggest,O,False,64
a,O,False,64
couple.,O,False,64
"hi,",O,False,65
can,O,False,65
I,O,False,65
put,O,False,65
a,O,False,65
tankless,B-ATTRIBUTE,False,65
toilet,B-PRODUCT,False,65
into,O,False,65
a,O,False,65
"2""x",B-SIZE,False,65
"4""",B-SIZE,False,65
wall?,O,False,65
I,O,False,66
am,O,False,66
looking,O,False,66
for,O,False,66
a,O,False,66
left,B-ATTRIBUTE,False,66
offset,I-ATTRIBUTE,False,66
vanity,B-PRODUCT,False,66
set,I-PRODUCT,False,66
up,O,False,66
to,O,False,66
48,B-SIZE,False,66
inches,I-SIZE,False,66
"wide,",I-SIZE,False,66
"white,",B-COLOUR,False,66
brushed,B-ATTRIBUTE,False,66
nickel,B-MATERIAL,False,66
hardware,B-ATTRIBUTE,False,66
seamless,B-ATTRIBUTE,False,67
undermount,B-PRODUCT,False,67
Touchless,B-ATTRIBUTE,False,68
kitchen,B-PRODUCT,False,68
faucet,I-PRODUCT,False,68
Looking,O,False,69
for,O,False,69
bowl,B-PRODUCT,False,69
with,O,False,69
pattern,B-ATTRIBUTE,False,69
LESS,O,False,69
than,O,False,69
5,B-SIZE,True,69
inches,I-SIZE,True,69
deep.,I-SIZE,True,69
Can,O,False,69
be,O,False,69
7,B-SIZE,False,69
inches,I-SIZE,False,69
wide,I-SIZE,False,69
Looking,O,False,70
shower,B-PRODUCT,False,70
door,I-PRODUCT,False,70
frameless,B-ATTRIBUTE,False,70
of,O,False,70
60,B-SIZE,False,70
inch,I-SIZE,False,70
standing,B-ATTRIBUTE,False,70
shower,B-PRODUCT,False,70
Do,O,False,71
you,O,False,71
sell,O,False,71
beige,B-COLOUR,False,71
toilets.,B-PRODUCT,False,71
Bone,B-COLOUR,True,71
and,O,False,71
buscuit,B-COLOUR,True,71
are,O,False,71
too,O,False,71
light,O,False,71
in,O,False,71
colour,O,False,71
We're,O,False,72
looking,O,False,72
for,O,False,72
a,O,False,72
shower,B-PRODUCT,False,72
door,I-PRODUCT,False,72
set,I-PRODUCT,False,72
greater,O,False,72
than,O,False,72
70,B-SIZE,False,72
inches,I-SIZE,False,72
wide,I-SIZE,False,72
18,B-SIZE,False,73
inch,I-SIZE,False,73
deep,I-SIZE,False,73
by,O,False,73
36,B-SIZE,False,73
inches,I-SIZE,False,73
long,I-SIZE,False,73
brown,B-COLOUR,False,73
freestanding,B-ATTRIBUTE,False,73
vanity,B-PRODUCT,False,73
Looking,O,False,74
for,O,False,74
a,O,False,74
36,B-SIZE,False,74
inch,I-SIZE,False,74
vanity,B-PRODUCT,False,74
with,O,False,74
granite,B-MATERIAL,False,74
top,B-ATTRIBUTE,False,74
I,O,False,75
am,O,False,75
looking,O,False,75
for,O,False,75
bathroom,B-PRODUCT,False,75
mirrors,I-PRODUCT,False,75
black,B-COLOUR,False,75
framed,B-ATTRIBUTE,False,75
in,O,False,75
rectangular,B-SHAPE,False,75
and,O,False,75
oval,B-SHAPE,False,75
looking,O,False,76
at,O,False,76
36,B-SIZE,False,76
inch,I-SIZE,False,76
medicine,B-PRODUCT,False,76
cabinet,I-PRODUCT,False,76
for,O,False,76
$399,B-PRICE,False,76
.,O,False,76
is,O,False,76
it,O,False,76
recessed,O,False,76
able,O,False,76
to,O,False,76
fit,O,False,76
into,O,False,76
wall,O,False,76
as,O,False,76
a,O,False,76
flush,O,False,76
mount?,O,False,76
Vessel,B-PRODUCT,False,77
bag,I-PRODUCT,False,77
in,O,False,77
goldish,B-COLOUR,False,77
color,O,False,77
Looking,O,False,78
for,O,False,78
protein,B-PRODUCT,False,78
powder,I-PRODUCT,False,78
no,O,False,78
carb,B-ATTRIBUTE,True,78
no,O,False,78
suger,B-ATTRIBUTE,True,78
I,O,False,79
am,O,False,79
brand,O,False,79
new,O,False,79
to,O,False,79
fat,B-PRODUCT,False,79
"burners,",I-PRODUCT,False,79
I,O,False,79
want,O,False,79
to,O,False,79
know,O,False,79
a,O,False,79
good,O,False,79
fat,B-PRODUCT,False,79
burner,I-PRODUCT,False,79
to,O,False,79
see,O,False,79
good,O,False,79
results.,O,False,79
i,O,False,80
want,O,False,80
protein,B-PRODUCT,False,80
without,O,False,80
lactose,B-ATTRIBUTE,True,80
I'm,O,False,81
looking,O,False,81
for,O,False,81
whey,B-PRODUCT,False,81
proteine,I-PRODUCT,False,81
with,O,False,81
not,O,False,81
soy,B-ATTRIBUTE,True,81
in,O,False,81
it!,O,False,81
"Hi,",O,False,82
I,O,False,82
am,O,False,82
looking,O,False,82
for,O,False,82
a,O,False,82
whey,B-PRODUCT,False,82
protein,I-PRODUCT,False,82
with,O,False,82
not,O,False,82
"soy,",B-ATTRIBUTE,True,82
does,O,False,82
it,O,False,82
even,O,False,82
exist?,O,False,82
I'm,O,False,83
looking,O,False,83
for,O,False,83
a,O,False,83
supplement,B-PRODUCT,False,83
to,O,False,83
help,O,False,83
me,O,False,83
get,O,False,83
back,O,False,83
into,O,False,83
ketosis,B-ATTRIBUTE,False,83
",",O,False,83
but,O,False,83
not,O,False,83
a,O,False,83
pill.,B-ATTRIBUTE,True,83
Something,O,False,83
I,O,False,83
can,O,False,83
mix,O,False,83
in,O,False,83
my,O,False,83
water.,O,False,83
Looking,O,False,84
for,O,False,84
a,O,False,84
testosterone,B-PRODUCT,False,84
supplment,I-PRODUCT,False,84
and,O,False,84
I,O,False,84
have,O,False,84
no,O,False,84
idea,O,False,84
which,O,False,84
one,O,False,84
to,O,False,84
buy,O,False,84
"Hi,",O,False,85
I,O,False,85
would,O,False,85
like,O,False,85
to,O,False,85
have,O,False,85
a,O,False,85
protein,B-PRODUCT,False,85
powder,I-PRODUCT,False,85
without,O,False,85
caffeine,B-ATTRIBUTE,True,85
i,O,False,86
am,O,False,86
looking,O,False,86
for,O,False,86
a,O,False,86
very,O,False,86
good,O,False,86
fat,B-PRODUCT,False,86
burner,I-PRODUCT,False,86
thats,O,False,86
not,O,False,86
too,O,False,86
heavy,B-ATTRIBUTE,True,86
in,I-ATTRIBUTE,True,86
stimulants.,I-ATTRIBUTE,True,86
I,O,False,87
saw,O,False,87
a,O,False,87
sweater,B-PRODUCT,False,87
block,I-PRODUCT,False,87
with,O,False,87
multi,B-COLOUR,False,87
colour,I-COLOUR,False,87
yesterday.,O,False,87
I,O,False,87
wish,O,False,87
to,O,False,87
order,O,False,87
and,O,False,87
now,O,False,87
can't,O,False,87
find..,O,False,87
I'm,O,False,88
looking,O,False,88
for,O,False,88
a,O,False,88
polo,B-PRODUCT,False,88
shirt,I-PRODUCT,False,88
with,O,False,88
no,O,False,88
logo,B-ATTRIBUTE,True,88
on,O,False,88
it.,O,False,88
Hi,O,False,89
looking,O,False,89
for,O,False,89
the,O,False,89
toque,B-PRODUCT,False,89
and,O,False,89
neck,B-PRODUCT,False,89
tube,I-PRODUCT,False,89
displayed,O,False,89
in,O,False,89
the,O,False,89
woman's,B-ATTRIBUTE,False,89
ski,B-PRODUCT,False,89
jacket,I-PRODUCT,False,89
the,O,False,89
jacket,B-PRODUCT,False,89
color,O,False,89
that,O,False,89
is,O,False,89
light,B-COLOUR,False,89
blue,I-COLOUR,False,89
and,O,False,89
green,B-COLOUR,False,89
",",O,False,89
the,O,False,89
tuque,B-PRODUCT,False,89
and,O,False,89
neck,B-PRODUCT,False,89
tube,I-PRODUCT,False,89
is,O,False,89
a,O,False,89
dusty,B-COLOUR,False,89
pink,I-COLOUR,False,89
sort,O,False,89
of,O,False,89
"color,",O,False,89
I,O,False,89
can't,O,False,89
find,O,False,89
it,O,False,89
anywhere,O,False,89
on,O,False,89
sight,O,False,89
i,O,False,89
see,O,False,89
simiar,O,False,89
items,O,False,89
but,O,False,89
want,O,False,89
a,O,False,89
matching,O,False,89
set,O,False,89
I,O,False,90
am,O,False,90
looking,O,False,90
for,O,False,90
a,O,False,90
bomber,B-ATTRIBUTE,False,90
style,I-ATTRIBUTE,False,90
jacket,B-PRODUCT,False,90
2,B-SIZE,False,90
XS,I-SIZE,False,90
no,O,False,90
hoody,B-ATTRIBUTE,True,90
",",O,False,90
and,O,False,90
black,B-COLOUR,False,90
Women's,B-ATTRIBUTE,False,91
pyjama,B-PRODUCT,False,91
pants,I-PRODUCT,False,91
without,O,False,91
waistband,B-ATTRIBUTE,True,91
Good,O,False,92
morning,O,False,92
I,O,False,92
am,O,False,92
looking,O,False,92
for,O,False,92
a,O,False,92
puffer,B-PRODUCT,False,92
vest,I-PRODUCT,False,92
three-quarter,B-SIZE,False,92
length,I-SIZE,False,92
I've,O,False,92
seen,O,False,92
them,O,False,92
On,O,False,92
the,O,False,92
website,O,False,92
but,O,False,92
no,O,False,92
longer,O,False,92
there,O,False,92
Good,O,False,93
"morning,",O,False,93
I,O,False,93
would,O,False,93
like,O,False,93
to,O,False,93
buy,O,False,93
the,O,False,93
product,B-PRODUCT,False,93
"below,",O,False,93
size,B-SIZE,False,93
M:,I-SIZE,False,93
How,O,False,93
can,O,False,93
I,O,False,93
proceed,O,False,93
with,O,False,93
this,O,False,93
purchase?,O,False,93
It,O,False,93
doesn't,O,False,93
seem,O,False,93
to,O,False,93
be,O,False,93
available,O,False,93
at,O,False,93
the,O,False,93
moment,O,False,93
Want,O,False,94
to,O,False,94
order,O,False,94
Women's,B-ATTRIBUTE,False,94
warm,B-ATTRIBUTE,False,94
waterproof,B-ATTRIBUTE,False,94
snow,B-PRODUCT,False,94
boots,I-PRODUCT,False,94
in,O,False,94
size,B-SIZE,False,94
8,I-SIZE,False,94
.,O,False,94
Doesn't,O,False,94
say,O,False,94
out,O,False,94
of,O,False,94
stock,O,False,94
but,O,False,94
can't,O,False,94
put,O,False,94
order,O,False,94
in.,O,False,94
Please,O,False,94
advise.,O,False,94
"Hi,",O,False,95
I'm,O,False,95
interested,O,False,95
in,O,False,95
the,O,False,95
women's,B-ATTRIBUTE,False,95
waterproof,I-ATTRIBUTE,False,95
mountain,B-PRODUCT,False,95
walking,I-PRODUCT,False,95
jacket,I-PRODUCT,False,95
in,O,False,95
green,B-COLOUR,False,95
but,O,False,95
the,O,False,95
website,O,False,95
only,O,False,95
gives,O,False,95
the,O,False,95
option,O,False,95
for,O,False,95
size,B-SIZE,True,95
XS,I-SIZE,True,95
and,O,False,95
does,O,False,95
not,O,False,95
allow,O,False,95
to,O,False,95
request,O,False,95
a,O,False,95
notification,O,False,95
Hi,O,False,96
I'm,O,False,96
looking,O,False,96
to,O,False,96
buy,O,False,96
this,O,False,96
but,O,False,96
I,O,False,96
cannot,O,False,96
find,O,False,96
an,O,False,96
22,B-SIZE,False,96
mm,I-SIZE,False,96
nozzle,B-PRODUCT,False,96
pump,I-PRODUCT,False,96
"anywhere,",O,False,96
do,O,False,96
you,O,False,96
have,O,False,96
one,O,False,96
on,O,False,96
your,O,False,96
site,O,False,96
or,O,False,96
know,O,False,96
where,O,False,96
I,O,False,96
can,O,False,96
get,O,False,96
one?,O,False,96
Thanks,O,False,96
Pool,B-PRODUCT,False,97
cue,I-PRODUCT,False,97
cases,I-PRODUCT,False,97
not,O,False,97
pool,B-PRODUCT,True,97
cues,I-PRODUCT,True,97
Looking,O,False,98
to,O,False,98
buy,O,False,98
hiking,B-PRODUCT,False,98
trousers,I-PRODUCT,False,98
but,O,False,98
don't,O,False,98
understand,O,False,98
sizes.,O,False,98
I,O,False,98
am,O,False,98
38in,B-SIZE,False,98
waist,I-SIZE,False,98
and,O,False,98
29in,B-SIZE,False,98
leg.,I-SIZE,False,98
Looking,O,False,98
to,O,False,98
buy,O,False,98
trekking,B-PRODUCT,False,98
trousers,I-PRODUCT,False,98
what,O,False,98
size,O,False,98
do,O,False,98
I,O,False,98
need,O,False,98
is,O,False,99
it,O,False,99
possible,O,False,99
to,O,False,99
order,O,False,99
a,O,False,99
bathroom,B-PRODUCT,False,99
vanity,I-PRODUCT,False,99
without,O,False,99
the,O,False,99
countertop?,B-ATTRIBUTE,True,99
I'm,O,False,100
looking,O,False,100
for,O,False,100
a,O,False,100
shower,B-PRODUCT,False,100
unit,I-PRODUCT,False,100
including,O,False,100
walls,B-ATTRIBUTE,False,100
bae,I-ATTRIBUTE,False,100
and,O,False,100
glass,B-MATERIAL,False,100
enclosure,O,False,100
but,O,False,100
the,O,False,100
whole,O,False,100
unit,O,False,100
cannot,O,False,100
be,O,False,100
higher,B-SIZE,False,100
than,O,False,100
75,B-SIZE,True,100
inches,I-SIZE,True,100
Hi,O,False,101
i,O,False,101
need,O,False,101
a,O,False,101
"10""",B-SIZE,False,101
rough,O,False,101
in,O,False,101
toilet,B-PRODUCT,False,101
"asap,",O,False,101
i'm,O,False,101
not,O,False,101
sure,O,False,101
if,O,False,101
you,O,False,101
have,O,False,101
it,O,False,101
in,O,False,101
stock.,O,False,101
I,O,False,101
don't,O,False,101
want,O,False,101
the,O,False,101
screw,B-ATTRIBUTE,True,101
less,I-ATTRIBUTE,False,101
Can,O,False,102
the,O,False,102
shower,B-PRODUCT,False,102
be,O,False,102
sold,O,False,102
without,O,False,102
the,O,False,102
walls?,B-ATTRIBUTE,True,102
You,O,False,103
don't,O,False,103
sell,O,False,103
any,O,False,103
"72""",B-SIZE,False,103
wide,I-SIZE,False,103
vanities?,B-PRODUCT,False,103
looking,O,False,104
for,O,False,104
shower,B-PRODUCT,False,104
system,I-PRODUCT,False,104
with,O,False,104
tub,B-ATTRIBUTE,False,104
faucet,I-ATTRIBUTE,False,104
altough,O,False,104
no,O,False,104
tub,B-PRODUCT,True,104
Looking,O,False,105
for,O,False,105
a,O,False,105
bathroom,B-PRODUCT,False,105
vanity,I-PRODUCT,False,105
&,O,False,105
sink,B-PRODUCT,False,105
no,O,False,105
more,O,False,105
than,O,False,105
"16""",B-SIZE,True,105
deep,I-SIZE,True,105
looking,O,False,106
for,O,False,106
48,B-SIZE,False,106
inches,I-SIZE,False,106
floor,B-PRODUCT,False,106
cabinet,I-PRODUCT,False,106
single,I-PRODUCT,False,106
"sink,",I-PRODUCT,False,106
but,O,False,106
no,O,False,106
couter,B-ATTRIBUTE,True,106
top,I-ATTRIBUTE,True,106
Can,O,False,107
I,O,False,107
purchase,O,False,107
shower,B-PRODUCT,False,107
doors,I-PRODUCT,False,107
and,O,False,107
not,O,False,107
the,O,False,107
entire,B-PRODUCT,True,107
shower,I-PRODUCT,True,107
kit?,I-PRODUCT,True,107
Medicine,B-PRODUCT,False,108
cabinets,I-PRODUCT,False,108
with,O,False,108
no,O,False,108
mirror,B-ATTRIBUTE,True,108
I'm,O,False,109
looking,O,False,109
for,O,False,109
a,O,False,109
55,B-SIZE,False,109
inch,I-SIZE,False,109
vanity,B-PRODUCT,False,109
"top,",I-PRODUCT,False,109
which,O,False,109
is,O,False,109
not,O,False,109
a,O,False,109
regular,B-SIZE,True,109
size.,I-SIZE,True,109
Is,O,False,109
there,O,False,109
a,O,False,109
way,O,False,109
to,O,False,109
have,O,False,109
this,O,False,109
size?,O,False,109
I,O,False,110
need,O,False,110
a,O,False,110
"42""",B-SIZE,False,110
kitchen,B-PRODUCT,False,110
island.,I-PRODUCT,False,110
Do,O,False,110
you,O,False,110
have,O,False,110
any?,O,False,110
I,O,False,110
can't,O,False,110
find,O,False,110
them,O,False,110
on,O,False,110
the,O,False,110
website.,O,False,110
I,O,False,111
am,O,False,111
looking,O,False,111
for,O,False,111
a,O,False,111
black,B-COLOUR,False,111
glass,B-MATERIAL,False,111
shower,B-PRODUCT,False,111
tile.,I-PRODUCT,False,111
It,O,False,111
does,O,False,111
not,O,False,111
need,O,False,111
to,O,False,111
be,O,False,111
a,O,False,111
solid,B-COLOUR,True,111
"black,",I-COLOUR,True,111
can,O,False,111
have,O,False,111
accents,O,False,111
of,O,False,111
clear,B-COLOUR,False,111
or,O,False,111
silver,B-COLOUR,False,111
glass,I-COLOUR,False,111
tones,I-COLOUR,False,111
Medicine,B-PRODUCT,False,112
cabinet,I-PRODUCT,False,112
with,O,False,112
mirror,B-ATTRIBUTE,False,112
and,O,False,112
no,O,False,112
lights,B-ATTRIBUTE,True,112
We,O,False,113
are,O,False,113
looking,O,False,113
for,O,False,113
a,O,False,113
72,B-SIZE,False,113
inch,I-SIZE,False,113
soaker,B-PRODUCT,False,113
"tub,",I-PRODUCT,False,113
no,O,False,113
jets.,B-ATTRIBUTE,True,113
can,O,False,114
I,O,False,114
order,O,False,114
just,O,False,114
the,O,False,114
top,B-PRODUCT,False,114
and,O,False,114
not,O,False,114
the,O,False,114
cabinet?,B-PRODUCT,True,114
barbeque,B-PRODUCT,False,115
without,O,False,115
charcoal,B-ATTRIBUTE,True,115
Hi,O,False,116
"there,",O,False,116
I'm,O,False,116
interested,O,False,116
in,O,False,116
a,O,False,116
vanity.,B-PRODUCT,False,116
Am,O,False,116
I,O,False,116
able,O,False,116
to,O,False,116
purchase,O,False,116
without,O,False,116
the,O,False,116
sink,B-ATTRIBUTE,True,116
top?,I-ATTRIBUTE,True,116
Can,O,False,117
I,O,False,117
order,O,False,117
this,O,False,117
vessel,B-PRODUCT,False,117
sink,I-PRODUCT,False,117
without,O,False,117
the,O,False,117
attached,B-ATTRIBUTE,True,117
faucet,I-ATTRIBUTE,True,117
?,O,False,117
I'm,O,False,118
looking,O,False,118
for,O,False,118
a,O,False,118
"30""",B-SIZE,False,118
cabinet,B-PRODUCT,False,118
with,O,False,118
no,O,False,118
top,B-ATTRIBUTE,True,118
Looking,O,False,119
for,O,False,119
vanity,B-PRODUCT,False,119
but,O,False,119
sink,B-ATTRIBUTE,True,119
must,I-ATTRIBUTE,True,119
have,I-ATTRIBUTE,True,119
no,I-ATTRIBUTE,True,119
holes.,I-ATTRIBUTE,True,119
Faucet,B-ATTRIBUTE,False,119
in,I-ATTRIBUTE,False,119
on,I-ATTRIBUTE,False,119
wall,I-ATTRIBUTE,False,119
already,O,False,119
Hi.,O,False,120
I'm,O,False,120
looking,O,False,120
for,O,False,120
"36""",B-SIZE,False,120
vanity,B-PRODUCT,False,120
wall,B-ATTRIBUTE,False,120
mounted,I-ATTRIBUTE,False,120
black,B-COLOUR,False,120
or,O,False,120
white.,B-COLOUR,False,120
With,O,False,120
towel,B-ATTRIBUTE,False,120
storage,I-ATTRIBUTE,False,120
but,O,False,120
no,O,False,120
sinc,B-ATTRIBUTE,True,120
I,O,False,121
want,O,False,121
just,O,False,121
this,O,False,121
cabinet,B-PRODUCT,False,121
without,O,False,121
the,O,False,121
top,B-ATTRIBUTE,True,121
as,O,False,121
i,O,False,121
want,O,False,121
top,B-PRODUCT,False,121
mounted,I-PRODUCT,False,121
basins,I-PRODUCT,False,121
on,O,False,121
a,O,False,121
surface,O,False,121
matching,O,False,121
my,O,False,121
kitchen,O,False,121
Looking,O,False,122
for,O,False,122
a,O,False,122
pivot,B-PRODUCT,False,122
shower,I-PRODUCT,False,122
door,I-PRODUCT,False,122
in,O,False,122
black,B-COLOUR,False,122
to,O,False,122
fit,O,False,122
a,O,False,122
33,B-SIZE,False,122
inch,I-SIZE,False,122
opening,O,False,122
preferably,O,False,122
but,O,False,122
not,O,False,122
necessarily.,O,False,122
bathtub,B-PRODUCT,False,123
without,O,False,123
faucet?,B-ATTRIBUTE,True,123
Can,O,False,124
you,O,False,124
order,O,False,124
the,O,False,124
"59""",B-SIZE,False,124
bathrub,B-PRODUCT,False,124
without,O,False,124
the,O,False,124
faucet?,B-ATTRIBUTE,True,124
I,O,False,125
want,O,False,125
Grey,B-COLOUR,False,125
toilet,B-PRODUCT,False,125
not,O,False,125
assessceries,B-PRODUCT,True,125
I,O,False,126
cannot,O,False,126
seem,O,False,126
to,O,False,126
sort,O,False,126
by,O,False,126
colour.,O,False,126
I,O,False,126
am,O,False,126
looking,O,False,126
for,O,False,126
a,O,False,126
cream,B-COLOUR,False,126
"38""",B-SIZE,False,126
corner,B-PRODUCT,False,126
shower,I-PRODUCT,False,126
stall,I-PRODUCT,False,126
do,O,False,127
you,O,False,127
have,O,False,127
60,B-SIZE,False,127
Inch,I-SIZE,False,127
kitchen,B-PRODUCT,False,127
island,I-PRODUCT,False,127
with,O,False,127
quartz,B-MATERIAL,False,127
top,B-ATTRIBUTE,False,127
with,O,False,127
no,O,False,127
seatings,B-ATTRIBUTE,True,127
Frameless,B-ATTRIBUTE,False,128
beveled,B-ATTRIBUTE,False,128
mirror,B-PRODUCT,False,128
no,O,False,128
more,O,False,128
than,O,False,128
"29""x29""",B-SIZE,False,128
Bath,B-PRODUCT,False,129
tub,I-PRODUCT,False,129
without,O,False,129
texture,B-TEXTURE,True,129
Looking,O,False,130
for,O,False,130
a,O,False,130
bathroom,B-PRODUCT,False,130
cabinet,I-PRODUCT,False,130
without,O,False,130
top,B-ATTRIBUTE,True,130
60,B-SIZE,False,130
inches,I-SIZE,False,130
Looking,O,False,131
for,O,False,131
a,O,False,131
medicine,B-PRODUCT,False,131
cabinet,I-PRODUCT,False,131
with,O,False,131
mirror,B-ATTRIBUTE,False,131
front,O,False,131
not,O,False,131
Recessed,O,False,131
that,O,False,131
would,O,False,131
fit,O,False,131
50,B-SIZE,False,131
inch,I-SIZE,False,131
wide,I-SIZE,False,131
39,B-SIZE,False,131
inch,I-SIZE,False,131
tall,I-SIZE,False,131
the,O,False,131
best,O,False,131
I,O,False,132
need,O,False,132
a,O,False,132
"60""",B-SIZE,False,132
vanity,B-PRODUCT,False,132
with,O,False,132
a,O,False,132
sink,B-ATTRIBUTE,False,132
that's,O,False,132
offset,B-ATTRIBUTE,False,132
to,I-ATTRIBUTE,False,132
the,I-ATTRIBUTE,False,132
right,I-ATTRIBUTE,False,132
-,O,False,132
not,O,False,132
centred,B-ATTRIBUTE,True,132
I,O,False,133
am,O,False,133
looking,O,False,133
for,O,False,133
a,O,False,133
37,B-SIZE,False,133
inch,I-SIZE,False,133
bathroom,B-PRODUCT,False,133
cabinet,I-PRODUCT,False,133
without,O,False,133
a,O,False,133
top,B-ATTRIBUTE,True,133
or,O,False,133
sink,B-ATTRIBUTE,True,133
because,O,False,133
I,O,False,133
have,O,False,133
one.,O,False,133
Do,O,False,133
you,O,False,133
have,O,False,133
anything,O,False,133
in,O,False,133
stock?,O,False,133
I'm,O,False,134
looking,O,False,134
for,O,False,134
a,O,False,134
mirror,B-PRODUCT,False,134
without,O,False,134
a,O,False,134
fram,B-ATTRIBUTE,True,134
40,B-SIZE,False,134
inches,I-SIZE,False,134
x,O,False,134
60,B-SIZE,False,134
inches,I-SIZE,False,134
I,O,False,135
am,O,False,135
looking,O,False,135
for,O,False,135
a,O,False,135
kitchen,B-PRODUCT,False,135
faucet,I-PRODUCT,False,135
in,O,False,135
Stainless,B-MATERIAL,False,135
Steel.,I-MATERIAL,False,135
Do,O,False,135
you,O,False,135
have,O,False,135
in,O,False,135
stock,O,False,135
na,O,False,135
did,O,False,135
not,O,False,135
what,O,False,135
would,O,False,135
be,O,False,135
turn,O,False,135
around,O,False,135
time,O,False,135
and,O,False,135
pricing.,O,False,135
Thanks,O,False,135
Hi,O,False,136
looking,O,False,136
for,O,False,136
a,O,False,136
24,B-SIZE,False,136
inch,I-SIZE,False,136
vanity,B-PRODUCT,False,136
top,I-PRODUCT,False,136
and,I-PRODUCT,False,136
"sink,",I-PRODUCT,False,136
no,O,False,136
base,B-ATTRIBUTE,True,136
Bathroom,B-PRODUCT,False,137
vanities,I-PRODUCT,False,137
no,O,False,137
countertop,B-ATTRIBUTE,True,137
I,O,False,138
don't,O,False,138
want,O,False,138
double,B-ATTRIBUTE,True,138
"sink,",B-PRODUCT,True,138
I,O,False,138
want,O,False,138
a,O,False,138
rectangle,B-SHAPE,False,138
sink,B-PRODUCT,False,138
Looking,O,False,139
for,O,False,139
a,O,False,139
30,B-SIZE,False,139
inch,I-SIZE,False,139
bathroom,B-PRODUCT,False,139
vanity,I-PRODUCT,False,139
not,O,False,139
"55""",B-SIZE,True,139
I,O,False,140
am,O,False,140
looking,O,False,140
for,O,False,140
a,O,False,140
30,B-SIZE,False,140
inch,I-SIZE,False,140
bathroom,B-PRODUCT,False,140
shelf,I-PRODUCT,False,140
not,O,False,140
wall,B-ATTRIBUTE,True,140
mounted,I-ATTRIBUTE,True,140
Wall,B-ATTRIBUTE,False,141
mount,I-ATTRIBUTE,False,141
rectangular,B-SHAPE,False,141
sink,B-PRODUCT,False,141
without,O,False,141
a,O,False,141
faucet,B-ATTRIBUTE,True,141
hole,I-ATTRIBUTE,True,141
Grey,B-COLOUR,False,142
toilet,B-PRODUCT,False,142
not,O,False,142
toilet,B-PRODUCT,True,142
brush,I-PRODUCT,True,142
Good,O,False,143
morning.,O,False,143
We,O,False,143
are,O,False,143
looking,O,False,143
for,O,False,143
chrome,B-MATERIAL,False,143
shower,B-PRODUCT,False,143
head,I-PRODUCT,False,143
with,O,False,143
high,B-ATTRIBUTE,False,143
pressure,I-ATTRIBUTE,False,143
-,O,False,143
simple,O,False,143
no,O,False,143
bells,O,False,143
and,O,False,143
whistles,O,False,143
just,O,False,143
good,B-ATTRIBUTE,False,143
pressure,I-ATTRIBUTE,False,143
can,O,False,144
you,O,False,144
help,O,False,144
me,O,False,144
find,O,False,144
a,O,False,144
pharmacy,B-PRODUCT,False,144
without,O,False,144
a,O,False,144
mirror,B-ATTRIBUTE,True,144
"18-20""",B-SIZE,False,144
wide?,I-SIZE,False,144
Looking,O,False,145
for,O,False,145
a,O,False,145
double,B-PRODUCT,False,145
sink,I-PRODUCT,False,145
in,O,False,145
black,B-COLOUR,False,145
that,O,False,145
is,O,False,145
no,O,False,145
more,O,False,145
than,O,False,145
"23""",B-SIZE,False,145
wide.,I-SIZE,False,145
Does,O,False,145
this,O,False,145
exist?,O,False,145
I,O,False,146
am,O,False,146
looking,O,False,146
for,O,False,146
a,O,False,146
toilet,B-PRODUCT,False,146
seat,I-PRODUCT,False,146
without,O,False,146
undermounted,B-ATTRIBUTE,True,146
hinges,I-ATTRIBUTE,True,146
for,O,False,146
a,O,False,146
one,B-ATTRIBUTE,False,146
piece,I-ATTRIBUTE,False,146
toilet,I-ATTRIBUTE,False,146
Do,O,False,147
you,O,False,147
have,O,False,147
mirror,B-PRODUCT,False,147
medicine,I-PRODUCT,False,147
cabinet,I-PRODUCT,False,147
without,O,False,147
led,B-ATTRIBUTE,True,147
Do,O,False,148
you,O,False,148
have,O,False,148
shower,B-PRODUCT,False,148
panels,I-PRODUCT,False,148
that,O,False,148
aren't,O,False,148
see,B-ATTRIBUTE,True,148
through?,I-ATTRIBUTE,True,148
Like,O,False,148
frosted,B-MATERIAL,False,148
glass,I-MATERIAL,False,148
I,O,False,149
don't,O,False,149
need,O,False,149
a,O,False,149
vanity,B-PRODUCT,True,149
just,O,False,149
the,O,False,149
quartz,B-MATERIAL,False,149
top,B-PRODUCT,False,149
with,O,False,149
built,B-ATTRIBUTE,False,149
in,I-ATTRIBUTE,False,149
sink,I-ATTRIBUTE,False,149
"Hi,",O,False,150
I,O,False,150
was,O,False,150
looking,O,False,150
a,O,False,150
free,B-ATTRIBUTE,False,150
standing,I-ATTRIBUTE,False,150
tub,B-PRODUCT,False,150
yesterday,O,False,150
for,O,False,150
$650,B-PRICE,False,150
",",O,False,150
it,O,False,150
was,O,False,150
on,O,False,150
for,O,False,150
50%,O,False,150
off.,O,False,150
I,O,False,150
don't,O,False,150
see,O,False,150
it,O,False,150
"now,",O,False,150
is,O,False,150
it,O,False,150
still,O,False,150
on,O,False,150
sale,O,False,150
?,O,False,150
Looking,O,False,151
for,O,False,151
a,O,False,151
large,B-SIZE,False,151
free,B-ATTRIBUTE,False,151
standing,I-ATTRIBUTE,False,151
tub...,B-PRODUCT,False,151
not,O,False,151
acrylic,B-MATERIAL,True,151
or,O,False,151
fiberglass,B-MATERIAL,True,151
i,O,False,152
don't,O,False,152
want,O,False,152
a,O,False,152
complete,O,False,152
vanity,B-PRODUCT,True,152
just,O,False,152
the,O,False,152
top,B-PRODUCT,False,152
Hi,O,False,153
..,O,False,153
never,O,False,153
been,O,False,153
to,O,False,153
your,O,False,153
store,O,False,153
",looking",O,False,153
for,O,False,153
vinyl,B-MATERIAL,False,153
wardrobes,B-PRODUCT,False,153
do,O,False,153
not,O,False,153
know,O,False,153
if,O,False,153
you,O,False,153
carry,O,False,153
those,O,False,153
..,O,False,153
thanks,O,False,153
Thank,O,False,154
you,O,False,154
very,O,False,154
much,O,False,154
I'm,O,False,154
looking,O,False,154
for,O,False,154
a,O,False,154
shower,B-PRODUCT,False,154
stall,I-PRODUCT,False,154
kit,I-PRODUCT,False,154
that,O,False,154
is,O,False,154
not,O,False,154
priced,B-PRICE,True,154
to,I-PRICE,True,154
high,I-PRICE,True,154
it's,O,False,154
for,O,False,154
a,O,False,154
basement,O,False,154
t-shirt,B-PRODUCT,False,155
without,O,False,155
logo,B-ATTRIBUTE,True,155
Shower,B-PRODUCT,False,156
door,I-PRODUCT,False,156
no,O,False,156
side,B-ATTRIBUTE,True,156
panels,I-ATTRIBUTE,True,156
I,O,False,157
am,O,False,157
looking,O,False,157
for,O,False,157
a,O,False,157
heated,B-ATTRIBUTE,False,157
air,I-ATTRIBUTE,False,157
and,O,False,157
water,B-ATTRIBUTE,False,157
jetted,I-ATTRIBUTE,False,157
tub.,B-PRODUCT,False,157
bathub,B-PRODUCT,False,158
with,O,False,158
jets,B-ATTRIBUTE,False,158
"Hello,",O,False,159
what,O,False,159
is,O,False,159
the,O,False,159
biggest,B-SIZE,False,159
blade,B-ATTRIBUTE,False,159
on,O,False,159
a,O,False,159
shower,B-PRODUCT,False,159
squeegee,I-PRODUCT,False,159
that,O,False,159
you,O,False,159
carry??,O,False,159
looking,O,False,160
for,O,False,160
a,O,False,160
bathtub,B-PRODUCT,False,160
left,B-ATTRIBUTE,False,160
hand,I-ATTRIBUTE,False,160
drain,I-ATTRIBUTE,False,160
but,O,False,160
square,B-SHAPE,False,160
not,O,False,160
oval,B-SHAPE,True,160
Do,O,False,161
you,O,False,161
sell,O,False,161
a,O,False,161
tub,B-PRODUCT,False,161
shower,I-PRODUCT,False,161
faucet,I-PRODUCT,False,161
set,I-PRODUCT,False,161
that,O,False,161
does,O,False,161
not,O,False,161
have,O,False,161
the,O,False,161
anti,B-ATTRIBUTE,True,161
scald,I-ATTRIBUTE,True,161
feature?,I-ATTRIBUTE,True,161
What,O,False,162
rectangular,B-SHAPE,False,162
shower,B-PRODUCT,False,162
units,I-PRODUCT,False,162
are,O,False,162
available?,O,False,162
I,O,False,163
am,O,False,163
looking,O,False,163
for,O,False,163
a,O,False,163
35,B-SIZE,False,163
inch,I-SIZE,False,163
bathroom,B-PRODUCT,False,163
sink,I-PRODUCT,False,163
countertop,I-PRODUCT,False,163
with,O,False,163
sink,B-ATTRIBUTE,False,163
I'm,O,False,164
looking,O,False,164
f,O,False,164
or,O,False,164
a,O,False,164
Black,B-COLOUR,False,164
Matte,B-TEXTURE,False,164
bathtub,B-PRODUCT,False,164
double,I-PRODUCT,False,164
sliding,I-PRODUCT,False,164
door,I-PRODUCT,False,164
Need,O,False,165
a,O,False,165
27,B-SIZE,False,165
inch,I-SIZE,False,165
frameless,B-ATTRIBUTE,False,165
shower,B-PRODUCT,False,165
door,I-PRODUCT,False,165
Looking,O,False,166
for,O,False,166
30,B-SIZE,False,166
inch,I-SIZE,False,166
white,B-COLOUR,False,166
desk,B-PRODUCT,False,166
set,I-PRODUCT,False,166
